code,winner_ge15,runnerup,margin_pct_ge15,proj_winner,proj_margin,flip,bersatu_held
P001,PN,BN,34.74,PN,34.74,False,False
P002,PN,BN,23.02,PN,23.02,False,True
P003,PN,BN,58.48,PN,58.48,False,False
P004,PN,BN,36.14,PN,78.76,False,True
P005,PN,BN,47.67,PN,90.29,False,False
P006,PN,PH,49.67,PN,76.88,False,True
P007,PN,BN,24.1,PN,66.72,False,False
P008,PN,PH,43.61,PN,70.82,False,False
P009,PN,PH,15.27,PN,42.48,False,False
P010,PN,PH,33.19,PN,60.4,False,False
P011,PN,BN,46.89,PN,89.51,False,False
P012,PN,BN,50.5,PN,93.12,False,False
P013,PN,BN,45.94,PN,88.56,False,False
P014,PN,PH,24.98,PN,52.19,False,True
P015,PH,PN,1.11,PN,26.1,True,False
P016,PN,BN,29.18,PN,71.8,False,False
P017,PN,PH,18.69,PN,45.9,False,True
P018,PN,PH,23.37,PN,50.58,False,True
P019,PN,BN,36.22,PN,68.18,False,False
P020,PN,BN,55.01,PN,86.97,False,False
P021,PN,PH,36.99,PN,50.77,False,False
P022,PN,BN,52.8,PN,84.76,False,False
P023,PN,BN,37.6,PN,69.56,False,False
P024,PN,BN,57.97,PN,89.93,False,False
P025,PN,BN,35.29,PN,67.25,False,False
P026,PN,BN,39.86,PN,71.82,False,True
P027,PN,BN,69.48,PN,101.44,False,True
P028,PN,BN,37.92,PN,69.88,False,False
P029,PN,BN,16.63,PN,48.59,False,False
P030,PN,BN,29.9,PN,61.86,False,False
P031,PN,BN,41.78,PN,73.74,False,False
P032,PN,BN,0.37,PN,32.33,False,False
P033,PN,BN,23.2,PN,52.78,False,False
P034,PN,BN,23.07,PN,52.65,False,False
P035,PN,BN,35.59,PN,65.17,False,False
P036,PN,BN,48.06,PN,77.64,False,False
P037,PN,BN,39.93,PN,69.51,False,False
P038,PN,BN,22.45,PN,52.03,False,True
P039,PN,BN,39.97,PN,69.55,False,False
P040,PN,BN,26.07,PN,55.65,False,False
P041,PN,BN,5.28,PN,42.89,False,False
P042,PN,BN,24.51,PN,62.12,False,False
P043,PH,PN,80.15,PH,55.27,False,False
P044,PN,PH,7.53,PN,32.41,False,False
P045,PH,PN,67.26,PH,42.38,False,False
P046,PH,PN,66.13,PH,41.25,False,False
P047,PH,PN,23.93,PN,0.95,True,False
P048,PH,PN,75.96,PH,51.08,False,False
P049,PH,BN,81.73,PH,94.46,False,False
P050,PH,PN,62.13,PH,37.25,False,False
P051,PH,PN,79.59,PH,54.71,False,False
P052,PH,PN,46.22,PH,21.34,False,False
P053,PH,PN,3.33,PN,21.55,True,False
P054,PN,BN,4.78,PN,4.78,False,False
P055,BN,PN,3.62,BN,3.62,False,False
P056,PN,BN,25.72,PN,25.72,False,False
P057,PN,PH,13.14,PN,13.14,False,False
P058,PN,BN,37.89,PN,37.89,False,False
P059,PN,BN,24.3,PN,24.3,False,False
P060,PH,PN,37.18,PH,37.18,False,False
P061,PN,BN,13.35,PN,13.35,False,False
P062,PH,BN,4.46,PH,4.46,False,False
P063,PH,PN,3.91,PH,3.91,False,False
P064,PH,PN,61.63,PH,61.63,False,False
P065,PH,BN,79.63,PH,79.63,False,False
P066,PH,PN,78.98,PH,78.98,False,False
P067,PN,BN,14.15,PN,14.15,False,False
P068,PH,PN,57.14,PH,57.14,False,False
P069,PN,BN,6.69,PN,6.69,False,False
P070,PH,BN,30.75,PH,30.75,False,False
P071,PH,PN,32.09,PH,32.09,False,False
P072,BN,PH,15.96,BN,15.96,False,False
P073,PN,BN,11.17,PN,11.17,False,False
P074,PN,BN,0.73,PN,0.73,False,True
P075,BN,PH,1.06,BN,1.06,False,False
P076,PH,PN,29.69,PH,29.69,False,False
P077,PH,PN,7.58,PH,7.58,False,False
P078,BN,PH,16.41,BN,16.41,False,False
P079,BN,PN,20.93,BN,20.93,False,False
P080,PH,PN,11.21,PH,11.21,False,False
P081,PN,BN,14.63,PN,14.63,False,False
P082,PN,PH,11.2,PN,11.2,False,False
P083,PN,PH,5.95,PN,5.95,False,False
P084,BN,PN,2.51,BN,2.51,False,False
P085,BN,PN,10.42,BN,10.42,False,False
P086,PN,BN,4.87,PN,4.87,False,False
P087,PN,BN,2.33,PN,2.33,False,False
P088,PN,PH,9.8,PN,9.8,False,False
P089,PH,BN,1.4,PH,1.4,False,False
P090,BN,PH,35.65,BN,35.65,False,False
P091,PN,BN,2.33,PN,2.33,False,True
P092,PN,BN,16.37,PN,47.17,False,True
P093,PN,PH,7.38,PN,31.84,False,True
P094,PN,PH,1.7,PN,26.16,False,False
P095,PN,BN,6.43,PN,37.23,False,False
P096,PH,BN,1.64,PH,7.98,False,False
P097,PH,PN,19.37,PN,5.09,True,False
P098,PH,PN,9.66,PN,14.8,True,False
P099,PH,PN,35.41,PH,10.95,False,False
P100,PH,PN,48.44,PH,23.98,False,False
P101,PH,PN,14.62,PN,9.84,True,False
P102,PH,PN,32.66,PH,8.2,False,False
P103,PH,BN,57.44,PH,63.78,False,False
P104,PH,PN,71.28,PH,46.82,False,False
P105,PH,PN,43.53,PH,19.07,False,False
P106,PH,PN,77.34,PH,52.88,False,False
P107,PH,BN,2.71,PH,9.05,False,False
P108,PH,PN,17.28,PN,7.18,True,False
P109,PN,PH,9.84,PN,34.3,False,False
P110,PH,PN,65.91,PH,41.45,False,False
P111,PH,PN,42.87,PH,18.41,False,False
P112,PN,PH,1.76,PN,26.22,False,False
P113,PH,PN,8.64,PN,15.82,True,False
P114,PH,BN,90.44,PH,90.44,False,False
P115,PH,PN,32.14,PH,32.14,False,False
P116,PH,PN,29.0,PH,29.0,False,False
P117,PH,PN,77.32,PH,77.32,False,False
P118,PH,PN,21.45,PH,21.45,False,False
P119,BN,PH,10.19,BN,10.19,False,False
P120,PH,BN,80.07,PH,80.07,False,False
P121,PH,BN,24.49,PH,24.49,False,False
P122,PH,PN,84.75,PH,84.75,False,False
P123,PH,PN,82.32,PH,82.32,False,False
P124,PH,PN,12.73,PH,12.73,False,False
P125,PN,BN,7.78,PN,7.78,False,True
P126,BN,PH,22.9,BN,35.7,False,False
P127,BN,PH,10.76,BN,23.56,False,False
P128,PH,PN,31.8,PH,49.04,False,False
P129,BN,PH,17.83,BN,30.63,False,False
P130,PH,BN,61.45,PH,48.65,False,False
P131,BN,PH,23.07,BN,35.87,False,False
P132,PH,BN,39.06,PH,26.26,False,False
P133,BN,PH,2.82,BN,15.62,False,False
P134,PN,BN,9.43,PN,9.43,False,True
P135,PH,BN,1.6,PH,1.6,False,False
P136,PN,PH,13.42,PN,13.42,False,False
P137,PH,BN,12.31,PH,12.31,False,False
P138,PH,PN,45.7,PH,45.7,False,False
P139,PN,BN,0.58,PN,0.58,False,False
P140,PH,BN,13.76,PH,3.0,False,False
P141,PH,BN,4.8,BN,5.96,True,False
P142,PH,BN,9.63,BN,1.13,True,False
P143,PN,PH,25.04,PH,0.31,True,True
P144,PH,BN,16.98,PH,6.22,False,False
P145,PH,BN,35.64,PH,24.88,False,False
P146,MUDA,PN,3.49,MUDA,19.71,False,False
P147,BN,PN,4.09,BN,40.2,False,False
P148,BN,PH,8.5,BN,19.26,False,False
P149,PH,BN,9.42,BN,1.34,True,False
P150,PH,PN,21.44,PH,46.79,False,False
P151,BN,PH,5.23,BN,15.99,False,False
P152,PH,BN,36.08,PH,25.32,False,False
P153,BN,PH,31.75,BN,42.51,False,False
P154,PN,BN,5.87,BN,30.24,True,True
P155,BN,PN,7.6,BN,43.71,False,False
P156,BN,PN,19.77,BN,55.88,False,False
P157,BN,PN,13.02,BN,49.13,False,False
P158,PH,PN,22.39,PH,47.74,False,False
P159,PH,PN,28.46,PH,53.81,False,False
P160,PH,BN,22.77,PH,12.01,False,False
P161,PH,BN,34.33,PH,23.57,False,False
P162,PH,BN,44.94,PH,34.18,False,False
P163,PH,BN,37.9,PH,27.14,False,False
P164,BN,PN,14.17,BN,50.28,False,False
P165,BN,MUDA,15.58,BN,35.47,False,False
P166,PN,BN,4.56,PN,4.56,False,False
P167,IND,GRS,6.41,GRS,14.25,True,False
P168,KDM,GRS,20.2,KDM,1.78,False,False
P169,WARISAN,BN,10.02,WARISAN,16.53,False,False
P170,PH,GRS,0.47,GRS,33.9,True,False
P171,PH,BN,14.98,PH,10.29,False,False
P172,PH,WARISAN,61.08,PH,49.88,False,False
P173,BN,PH,0.38,BN,5.07,False,False
P174,PH,WARISAN,32.96,PH,21.76,False,False
P175,GRS,WARISAN,37.02,GRS,60.19,False,False
P176,BN,WARISAN,13.22,BN,6.71,False,False
P177,BN,KDM,13.52,BN,2.26,False,False
P178,GRS,WARISAN,19.36,GRS,42.53,False,False
P179,GRS,PH,32.51,GRS,66.88,False,False
P180,GRS,PH,21.06,GRS,55.43,False,False
P181,IND,PH,5.85,IND,19.56,False,False
P182,BN,PH,16.0,BN,20.69,False,False
P183,PN,BN,7.59,PN,5.93,False,True
P184,BN,PH,37.87,BN,42.56,False,False
P185,GRS,PH,24.74,GRS,59.11,False,False
P186,PH,WARISAN,49.43,PH,38.23,False,False
P187,BN,WARISAN,14.75,BN,8.24,False,False
P188,WARISAN,BN,8.78,WARISAN,15.29,False,False
P189,WARISAN,GRS,56.87,WARISAN,33.7,False,False
P190,GRS,PH,10.74,GRS,45.11,False,False
P191,BN,WARISAN,23.57,BN,17.06,False,False
P192,PH,GPS,18.85,PH,18.85,False,False
P193,GPS,PH,79.27,GPS,79.27,False,False
P194,GPS,PH,60.71,GPS,60.71,False,False
P195,PH,GPS,46.74,PH,46.74,False,False
P196,PH,GPS,10.02,PH,10.02,False,False
P197,GPS,PH,53.43,GPS,53.43,False,False
P198,GPS,PH,29.27,GPS,29.27,False,False
P199,GPS,IND,57.47,GPS,57.47,False,False
P200,GPS,PH,66.36,GPS,66.36,False,False
P201,GPS,PN,58.34,GPS,58.34,False,False
P202,GPS,PERKASA,16.67,GPS,16.67,False,False
P203,GPS,PERKASA,0.76,GPS,0.76,False,False
P204,GPS,PH,52.19,GPS,52.19,False,False
P205,PN,GPS,29.79,PN,29.79,False,True
P206,GPS,PH,73.05,GPS,73.05,False,False
P207,GPS,PH,86.32,GPS,86.32,False,False
P208,GPS,PH,10.14,GPS,10.14,False,False
P209,PBM,GPS,7.89,PBM,7.89,False,False
P210,GPS,PH,1.62,GPS,1.62,False,False
P211,PH,GPS,23.71,PH,23.71,False,False
P212,PH,GPS,14.02,PH,14.02,False,False
P213,GPS,PH,56.47,GPS,56.47,False,False
P214,GPS,PH,18.35,GPS,18.35,False,False
P215,GPS,PH,60.08,GPS,60.08,False,False
P216,GPS,PH,32.06,GPS,32.06,False,False
P217,GPS,PH,34.24,GPS,34.24,False,False
P218,GPS,PH,36.08,GPS,36.08,False,False
P219,PH,GPS,8.44,PH,8.44,False,False
P220,GPS,PH,24.91,GPS,24.91,False,False
P221,GPS,PH,50.51,GPS,50.51,False,False
P222,GPS,PERKASA,33.31,GPS,33.31,False,False
