tier,state_std,code,constituency,ge15_bloc,current_bloc,current_party,current_mp,margin_pct_valid,majority,total_voters,malay_pct,chinese_pct,indian_pct,bumi_sabah_pct,bumi_sarawak_pct,youth_pct,median_age,recent_fed_byelection
SUPER-MARGINAL (<1%),Sabah,P173,Putatan,BN,BN,UMNO,Shahelmey Yahya,0.3,124,63173,18.9,11.6,0.7,60.2,1.0,32.1,38.0,
SUPER-MARGINAL (<1%),Kelantan,P032,Gua Musang,PN,IND,IND,Mohd Azizi Abu Naim,0.34,163,70254,78.5,5.8,0.5,0.1,0.1,37.5,35.0,
SUPER-MARGINAL (<1%),Sabah,P170,Tuaran,PH,GRS,UPKO,Wilfred Madius Tangau,0.4,233,83419,4.5,4.0,0.2,87.6,0.5,32.0,38.0,
SUPER-MARGINAL (<1%),Malacca,P139,Jasin,PN,PN,PAS,Zulkifli Ismail,0.41,322,96208,73.4,15.4,10.1,0.1,0.1,30.200000000000003,40.0,
SUPER-MARGINAL (<1%),Perak,P074,Lumut,PN,PN,BERSATU,Nordin Ahmad Ismail,0.51,363,92972,72.5,13.9,11.3,1.1,0.6,32.3,38.0,
SUPER-MARGINAL (<1%),Sarawak,P203,Lubok Antu,GPS,GPS,PRS,Roy Angau Gingkoi,0.52,100,28995,1.9,7.8,0.0,0.3,89.7,25.0,44.0,
SUPER-MARGINAL (<1%),Perak,P075,Bagan Datuk,BN,BN,UMNO,Ahmad Zahid Hamidi,0.83,348,58183,56.3,20.6,21.7,0.3,0.1,26.0,40.0,
SUPER-MARGINAL (<1%),Kedah,P015,Sungai Petani,PH,PH,PKR,Mohammed Taufiq Johari,0.86,1115,168847,61.2,25.7,12.4,0.1,0.1,33.5,38.0,
HIGH-RISK (1-2.5%),Pahang,P089,Bentong,PH,PH,DAP,Young Syefura Othman,1.04,692,87058,49.4,37.8,9.0,0.2,0.2,26.0,41.0,
HIGH-RISK (1-2.5%),Selangor,P096,Kuala Selangor,PH,PH,AMANAH,Dzulkefly Ahmad,1.16,1002,102951,67.2,11.9,19.3,0.2,0.1,34.4,38.0,
HIGH-RISK (1-2.5%),Malacca,P135,Alor Gajah,PH,PH,AMANAH,Adly Zahari,1.22,890,93311,61.5,23.7,13.0,0.2,0.1,29.0,40.0,
HIGH-RISK (1-2.5%),Selangor,P094,Hulu Selangor,PN,PN,PAS,Mohd Hasnizan Harun,1.28,1562,154317,63.1,18.0,15.0,0.3,0.2,35.3,38.0,
HIGH-RISK (1-2.5%),Sarawak,P210,Kanowit,GPS,GPS,PRS,Aaron Ago Dagang,1.31,236,30988,1.9,11.4,0.0,0.2,86.2,27.5,42.0,
HIGH-RISK (1-2.5%),Selangor,P112,Kuala Langat,PN,PN,PAS,Ahmad Yunus Hairi,1.48,1833,148637,55.2,23.6,17.2,0.4,0.1,33.2,38.0,
HIGH-RISK (1-2.5%),Selangor,P107,Sungai Buloh,PH,PH,PKR,Ramanan Ramakrishnan,2.08,2693,158090,62.9,20.6,10.3,0.8,0.4,38.5,36.0,
HIGH-RISK (1-2.5%),Negeri Sembilan,P133,Tampin,BN,BN,UMNO,Mohd Isam Mohd Isa,2.09,1276,81099,62.1,23.5,12.2,0.5,0.8,27.6,39.0,
HIGH-RISK (1-2.5%),Pahang,P084,Paya Besar,BN,BN,UMNO,Mohd Shahar Abdullah,2.12,1317,79744,84.1,11.0,1.9,0.1,0.1,32.1,38.0,
HIGH-RISK (1-2.5%),Pahang,P087,Kuala Krau,PN,PN,PAS,Kamal Ashaari,2.14,1024,60537,88.7,2.5,2.1,0.1,0.0,27.0,39.0,
HIGH-RISK (1-2.5%),Pahang,P091,Rompin,PN,PN,BERSATU,Abdul Khalib Abdullah,2.15,1438,89131,83.2,2.4,0.9,0.2,0.1,31.4,37.0,
HIGH-RISK (1-2.5%),Penang,P053,Balik Pulau,PH,PH,PKR,Muhammad Bakhtiar Wan Chik,2.48,1582,80264,65.3,29.1,4.8,0.2,0.1,30.1,40.0,
HIGH-RISK (1-2.5%),Labuan,P166,Labuan,PN,IND,IND,Suhaili Abdul Rahman,2.49,708,44484,33.4,16.8,1.2,42.3,2.1,32.9,37.0,
WATCH (2.5-5%),Johor,P146,Muar,PH,MUDA,MUDA,Syed Saddiq Syed Abdul Rahman,2.53,1345,68925,66.4,31.2,1.3,0.2,0.1,28.5,41.0,
WATCH (2.5-5%),Perak,P063,Tambun,PH,PH,PKR,Anwar Ibrahim,2.99,3736,160558,64.7,20.5,12.4,0.3,0.4,31.9,38.0,
WATCH (2.5-5%),Perak,P055,Lenggong,BN,BN,UMNO,Shamsul Anuar Nasarah,3.18,879,36950,83.2,11.8,1.4,0.1,0.0,26.799999999999997,40.0,
WATCH (2.5-5%),Johor,P147,Parit Sulong,BN,BN,UMNO,Noraini Ahmad,3.21,2021,79484,80.4,17.9,0.4,0.1,0.1,27.799999999999997,42.0,
WATCH (2.5-5%),Perak,P062,Sungai Siput,PH,PH,PKR,Kesavan Subramaniam,3.57,1846,72395,34.3,34.5,21.1,0.1,0.1,26.4,42.0,
WATCH (2.5-5%),Johor,P141,Sekijang,PH,PH,PKR,Zaliha Mustafa,3.59,1734,63981,57.9,36.5,4.1,0.1,0.1,28.8,40.0,
WATCH (2.5-5%),Sabah,P181,Tenom,IND,KDM,Direct,Riduan Rubin,3.87,1108,42045,5.7,8.3,0.1,83.4,0.6,31.799999999999997,38.0,
WATCH (2.5-5%),Perak,P054,Gerik,PN,PN,WAWASAN,Fathul Huzir Ayob,3.98,1377,47565,66.8,13.4,3.0,0.6,0.7,33.8,37.0,
WATCH (2.5-5%),Johor,P151,Simpang Renggam,BN,BN,UMNO,Hasni Mohammad,4.13,1821,59033,60.8,28.5,8.5,0.2,0.1,29.1,40.0,
WATCH (2.5-5%),Penang,P041,Kepala Batas,PN,PN,PAS,Siti Mastura Muhammad,4.14,2867,83081,80.1,15.4,4.2,0.1,0.1,32.5,39.0,
WATCH (2.5-5%),Pahang,P083,Kuantan,PN,PN,PAS,Wan Razali Wan Nor,4.23,2866,87597,69.3,26.1,3.2,0.2,0.1,29.9,40.0,
WATCH (2.5-5%),Selangor,P095,Tanjong Karang,PN,IND,IND,Zulkafperi Hanapi,4.26,2180,62194,73.3,17.2,8.1,0.1,0.1,29.2,39.0,
WATCH (2.5-5%),Sabah,P167,Kudat,IND,IND,IND,Verdon Bahanda,4.36,1967,75724,3.6,6.9,0.1,72.8,0.3,33.099999999999994,38.0,
WATCH (2.5-5%),Pahang,P086,Maran,PN,PN,PAS,Ismail Abdul Muttalib,4.43,1821,53128,89.4,5.8,1.4,0.1,0.1,27.5,40.0,
WATCH (2.5-5%),Johor,P154,Mersing,PN,PN,BERSATU,Muhammad Islahuddin Abas,4.98,2337,66275,81.3,13.7,1.2,0.5,0.5,28.299999999999997,38.0,
