state_std,BN,GPS,GRS,IND,KDM,PBM,PH,PN,WARISAN,Total
Perlis,0,0,0,0,0,0,0,3,0,3
Kedah,0,0,0,0,0,0,1,14,0,15
Kelantan,0,0,0,0,0,0,0,14,0,14
Terengganu,0,0,0,0,0,0,0,8,0,8
Penang,0,0,0,0,0,0,10,3,0,13
Perak,3,0,0,0,0,0,11,10,0,24
Pahang,5,0,0,0,0,0,2,7,0,14
Selangor,0,0,0,0,0,0,16,6,0,22
Kuala Lumpur,1,0,0,0,0,0,10,0,0,11
Putrajaya,0,0,0,0,0,0,0,1,0,1
Negeri Sembilan,5,0,0,0,0,0,3,0,0,8
Malacca,0,0,0,0,0,0,3,3,0,6
Johor,9,0,0,0,0,0,15,2,0,26
Labuan,0,0,0,0,0,0,0,1,0,1
Sabah,7,0,6,2,1,0,5,1,3,25
Sarawak,0,23,0,0,0,1,6,1,0,31
