code,constituency,state,malay_pct,chinese_pct,youth_pct,ge15_winner,ge15_runnerup,ge15_margin_pct,proj_winner,proj_margin,seat_type,flip,bersatu_held
P001,Padang Besar,Perlis,,,,PN,,,PN,34.03,pn_core,False,
P002,Kangar,Perlis,,,,PN,,,PN,22.29,pn_core,False,
P003,Arau,Perlis,,,,PN,,,PN,57.77,pn_core,False,
P004,Langkawi,Kedah,,,,PN,,,PN,77.92,pn_core,False,
P005,Jerlun,Kedah,,,,PN,,,PN,88.25,pn_core,False,
P006,Kubang Pasu,Kedah,,,,PN,,,PN,79.6,pn_core,False,
P007,Padang Terap,Kedah,,,,PN,,,PN,65.17,pn_core,False,
P008,Pokok Sena,Kedah,,,,PN,,,PN,72.58,pn_core,False,
P009,Alor Setar,Kedah,,,,PN,,,PN,40.78,mixed_malay,False,
P010,Kuala Kedah,Kedah,,,,PN,,,PN,61.79,mixed_malay,False,
P011,Pendang,Kedah,,,,PN,,,PN,86.2,pn_core,False,
P012,Jerai,Kedah,,,,PN,,,PN,89.18,pn_core,False,
P013,Sik,Kedah,,,,PN,,,PN,87.68,pn_core,False,
P014,Merbok,Kedah,,,,PN,,,PN,50.99,mixed_malay,False,
P015,Sungai Petani,Kedah,,,,PH,,,PN,23.31,mixed_malay,True,
P016,Baling,Kedah,,,,PN,,,PN,69.35,pn_core,False,
P017,Padang Serai,Kedah,,,,PN,,,PN,44.21,mixed_malay,False,
P018,Kulim-Bandar Baharu,Kedah,,,,PN,,,PN,48.76,mixed_malay,False,
P019,Tumpat,Kelantan,,,,PN,,,PN,64.65,pn_core,False,
P020,Pengkalan Chepa,Kelantan,,,,PN,,,PN,84.02,pn_core,False,
P021,Kota Bharu,Kelantan,,,,PN,,,PN,53.16,pn_core,False,
P022,Pasir Mas,Kelantan,,,,PN,,,PN,82.06,pn_core,False,
P023,Rantau Panjang,Kelantan,,,,PN,,,PN,67.31,pn_core,False,
P024,Kubang Kerian,Kelantan,,,,PN,,,PN,86.26,pn_core,False,
P025,Bachok,Kelantan,,,,PN,,,PN,63.45,pn_core,False,
P026,Ketereh,Kelantan,,,,PN,,,PN,68.61,pn_core,False,
P027,Tanah Merah,Kelantan,,,,PN,,,PN,97.5,pn_core,False,
P028,Pasir Puteh,Kelantan,,,,PN,,,PN,66.4,pn_core,False,
P029,Machang,Kelantan,,,,PN,,,PN,43.8,pn_core,False,
P030,Jeli,Kelantan,,,,PN,,,PN,56.61,pn_core,False,
P031,Kuala Krai,Kelantan,,,,PN,,,PN,70.59,pn_core,False,
P032,Gua Musang,Kelantan,,,,PN,,,PN,27.94,mixed_malay,False,
P033,Besut,Terengganu,,,,PN,,,PN,52.89,pn_core,False,
P034,Setiu,Terengganu,,,,PN,,,PN,52.67,pn_core,False,
P035,Kuala Nerus,Terengganu,,,,PN,,,PN,65.11,pn_core,False,
P036,Kuala Terengganu,Terengganu,,,,PN,,,PN,77.31,pn_core,False,
P037,Marang,Terengganu,,,,PN,,,PN,68.3,pn_core,False,
P038,Hulu Terengganu,Terengganu,,,,PN,,,PN,51.64,pn_core,False,
P039,Dungun,Terengganu,,,,PN,,,PN,68.53,pn_core,False,
P040,Kemaman,Terengganu,,,,PN,,,PN,54.47,pn_core,False,
P041,Kepala Batas,Penang,,,,PN,,,PN,49.71,pn_core,False,
P042,Tasek Gelugor,Penang,,,,PN,,,PN,68.49,mixed_malay,False,
P043,Bagan,Penang,,,,PH,,,PH,60.72,non_malay,False,
P044,Permatang Pauh,Penang,,,,PN,,,PN,35.68,mixed_malay,False,
P045,Bukit Mertajam,Penang,,,,PH,,,PH,46.58,non_malay,False,
P046,Batu Kawan,Penang,,,,PH,,,PH,45.16,non_malay,False,
P047,Nibong Tebal,Penang,,,,PH,,,PN,0.62,true_mixed,True,
P048,Bukit Bendera,Penang,,,,PH,,,PH,56.58,non_malay,False,
P049,Tanjong,Penang,,,,PH,,,PH,93.26,non_malay,False,
P050,Jelutong,Penang,,,,PH,,,PH,41.89,non_malay,False,
P051,Bukit Gelugor,Penang,,,,PH,,,PH,60.1,non_malay,False,
P052,Bayan Baru,Penang,,,,PH,,,PH,23.14,true_mixed,False,
P053,Balik Pulau,Penang,,,,PH,,,PN,23.79,mixed_malay,True,
P054,Gerik,Perak,,,,PN,,,PN,4.01,mixed_malay,False,
P055,Lenggong,Perak,,,,BN,,,BN,4.34,pn_core,False,
P056,Larut,Perak,,,,PN,,,PN,25.02,pn_core,False,
P057,Parit Buntar,Perak,,,,PN,,,PN,12.55,mixed_malay,False,
P058,Bagan Serai,Perak,,,,PN,,,PN,37.15,mixed_malay,False,
P059,Bukit Gantang,Perak,,,,PN,,,PN,23.55,mixed_malay,False,
P060,Taiping,Perak,,,,PH,,,PH,37.92,true_mixed,False,
P061,Padang Rengas,Perak,,,,PN,,,PN,12.62,mixed_malay,False,
P062,Sungai Siput,Perak,,,,PH,,,PH,4.53,true_mixed,False,
P063,Tambun,Perak,,,,PH,,,PH,4.53,mixed_malay,False,
P064,Ipoh Timor,Perak,,,,PH,,,PH,62.45,non_malay,False,
P065,Ipoh Barat,Perak,,,,PH,,,PH,79.83,non_malay,False,
P066,Batu Gajah,Perak,,,,PH,,,PH,79.87,non_malay,False,
P067,Kuala Kangsar,Perak,,,,PN,,,PN,13.4,mixed_malay,False,
P068,Beruas,Perak,,,,PH,,,PH,57.95,non_malay,False,
P069,Parit,Perak,,,,PN,,,PN,5.99,pn_core,False,
P070,Kampar,Perak,,,,PH,,,PH,30.81,true_mixed,False,
P071,Gopeng,Perak,,,,PH,,,PH,32.83,true_mixed,False,
P072,Tapah,Perak,,,,BN,,,BN,15.99,true_mixed,False,
P073,Pasir Salak,Perak,,,,PN,,,PN,10.44,pn_core,False,
P074,Lumut,Perak,,,,PN,,,BN,7.37,mixed_malay,True,
P075,Bagan Datuk,Perak,,,,BN,,,BN,1.16,mixed_malay,False,
P076,Teluk Intan,Perak,,,,PH,,,PH,30.42,true_mixed,False,
P077,Tanjong Malim,Perak,,,,PH,,,PH,8.24,true_mixed,False,
P078,Cameron Highlands,Pahang,,,,BN,,,BN,20.03,true_mixed,False,
P079,Lipis,Pahang,,,,BN,,,BN,9.12,mixed_malay,False,
P080,Raub,Pahang,,,,PH,,,PN,1.48,true_mixed,True,
P081,Jerantut,Pahang,,,,PN,,,PN,26.57,pn_core,False,
P082,Indera Mahkota,Pahang,,,,PN,,,PN,23.36,mixed_malay,False,
P083,Kuantan,Pahang,,,,PN,,,PN,19.77,mixed_malay,False,
P084,Paya Besar,Pahang,,,,BN,,,PN,8.87,pn_core,True,
P085,Pekan,Pahang,,,,BN,,,PN,1.2,pn_core,True,
P086,Maran,Pahang,,,,PN,,,PN,16.14,pn_core,False,
P087,Kuala Krau,Pahang,,,,PN,,,PN,14.11,pn_core,False,
P088,Temerloh,Pahang,,,,PN,,,PN,23.08,mixed_malay,False,
P089,Bentong,Pahang,,,,PH,,,BN,2.4,true_mixed,True,
P090,Bera,Pahang,,,,BN,,,BN,39.17,mixed_malay,False,
P091,Rompin,Pahang,,,,PN,,,PN,6.79,pn_core,False,
P092,Sabak Bernam,Selangor,,,,PN,,,PN,44.88,pn_core,False,
P093,Sungai Besar,Selangor,,,,PN,,,PN,32.08,mixed_malay,False,
P094,Hulu Selangor,Selangor,,,,PN,,,PN,26.28,mixed_malay,False,
P095,Tanjong Karang,Selangor,,,,PN,,,PN,33.92,mixed_malay,False,
P096,Kuala Selangor,Selangor,,,,PH,,,PH,4.29,mixed_malay,False,
P097,Selayang,Selangor,,,,PH,,,PN,9.78,true_mixed,True,
P098,Gombak,Selangor,,,,PH,,,PN,14.55,mixed_malay,True,
P099,Ampang,Selangor,,,,PH,,,PH,12.67,true_mixed,False,
P100,Pandan,Selangor,,,,PH,,,PH,23.15,true_mixed,False,
P101,Hulu Langat,Selangor,,,,PH,,,PN,15.57,mixed_malay,True,
P102,Bangi,Selangor,,,,PH,,,PH,9.94,true_mixed,False,
P103,Puchong,Selangor,,,,PH,,,PH,58.24,true_mixed,False,
P104,Subang,Selangor,,,,PH,,,PH,50.31,non_malay,False,
P105,Petaling Jaya,Selangor,,,,PH,,,PH,21.53,true_mixed,False,
P106,Damansara,Selangor,,,,PH,,,PH,57.38,non_malay,False,
P107,Sungai Buloh,Selangor,,,,PH,,,PH,3.98,mixed_malay,False,
P108,Shah Alam,Selangor,,,,PH,,,PN,14.02,mixed_malay,True,
P109,Kapar,Selangor,,,,PN,,,PN,34.79,mixed_malay,False,
P110,Klang,Selangor,,,,PH,,,PH,42.84,non_malay,False,
P111,Kota Raja,Selangor,,,,PH,,,PH,18.07,true_mixed,False,
P112,Kuala Langat,Selangor,,,,PN,,,PN,29.47,mixed_malay,False,
P113,Sepang,Selangor,,,,PH,,,PN,15.23,mixed_malay,True,
P114,Kepong,Kuala Lumpur,,,,PH,,,PH,90.68,non_malay,False,
P115,Batu,Kuala Lumpur,,,,PH,,,PH,32.87,true_mixed,False,
P116,Wangsa Maju,Kuala Lumpur,,,,PH,,,PH,29.65,mixed_malay,False,
P117,Segambut,Kuala Lumpur,,,,PH,,,PH,78.13,non_malay,False,
P118,Setiawangsa,Kuala Lumpur,,,,PH,,,PH,19.28,mixed_malay,False,
P119,Titiwangsa,Kuala Lumpur,,,,BN,,,BN,10.35,mixed_malay,False,
P120,Bukit Bintang,Kuala Lumpur,,,,PH,,,PH,80.27,non_malay,False,
P121,Lembah Pantai,Kuala Lumpur,,,,PH,,,PH,24.37,mixed_malay,False,
P122,Seputeh,Kuala Lumpur,,,,PH,,,PH,85.64,non_malay,False,
P123,Cheras,Kuala Lumpur,,,,PH,,,PH,83.19,non_malay,False,
P124,Bandar Tun Razak,Kuala Lumpur,,,,PH,,,PH,13.36,mixed_malay,False,
P125,Putrajaya,Putrajaya,,,,PN,,,PN,7.08,pn_core,False,
P126,Jelebu,Negeri Sembilan,,,,BN,,,BN,42.3,mixed_malay,False,
P127,Jempol,Negeri Sembilan,,,,BN,,,BN,30.65,mixed_malay,False,
P128,Seremban,Negeri Sembilan,,,,PH,,,PH,50.21,true_mixed,False,
P129,Kuala Pilah,Negeri Sembilan,,,,BN,,,BN,37.49,mixed_malay,False,
P130,Rasah,Negeri Sembilan,,,,PH,,,PH,44.27,true_mixed,False,
P131,Rembau,Negeri Sembilan,,,,BN,,,BN,42.3,mixed_malay,False,
P132,Port Dickson,Negeri Sembilan,,,,PH,,,PH,18.6,true_mixed,False,
P133,Tampin,Negeri Sembilan,,,,BN,,,BN,26.16,mixed_malay,False,
P134,Masjid Tanah,Malacca,,,,PN,,,PN,8.7,pn_core,False,
P135,Alor Gajah,Malacca,,,,PH,,,PH,1.47,mixed_malay,False,
P136,Tangga Batu,Malacca,,,,PN,,,PN,12.82,mixed_malay,False,
P137,Hang Tuah Jaya,Malacca,,,,PH,,,PH,12.17,mixed_malay,False,
P138,Kota Melaka,Malacca,,,,PH,,,PH,46.45,true_mixed,False,
P139,Jasin,Malacca,,,,PN,,,BN,0.17,mixed_malay,True,
P140,Segamat,Johor,,,,PH,,,PH,4.81,true_mixed,False,
P141,Sekijang,Johor,,,,PH,,,BN,5.77,mixed_malay,True,
P142,Labis,Johor,,,,PH,,,PH,1.86,true_mixed,False,
P143,Pagoh,Johor,,,,PN,,,PH,20.15,mixed_malay,True,
P144,Ledang,Johor,,,,PH,,,PH,6.64,mixed_malay,False,
P145,Bakri,Johor,,,,PH,,,PH,27.62,true_mixed,False,
P146,Muar,Johor,,,,MUDA,,,MUDA,28.46,mixed_malay,False,
P147,Parit Sulong,Johor,,,,BN,,,BN,56.85,pn_core,False,
P148,Ayer Hitam,Johor,,,,BN,,,BN,20.28,mixed_malay,False,
P149,Sri Gading,Johor,,,,PH,,,BN,2.54,mixed_malay,True,
P150,Batu Pahat,Johor,,,,PH,,,PH,57.99,true_mixed,False,
P151,Simpang Renggam,Johor,,,,BN,,,BN,18.96,mixed_malay,False,
P152,Kluang,Johor,,,,PH,,,PH,27.98,true_mixed,False,
P153,Sembrong,Johor,,,,BN,,,BN,43.75,mixed_malay,False,
P154,Mersing,Johor,,,,PN,,,BN,54.15,pn_core,True,
P155,Tenggara,Johor,,,,BN,,,BN,60.86,mixed_malay,False,
P156,Kota Tinggi,Johor,,,,BN,,,BN,74.08,pn_core,False,
P157,Pengerang,Johor,,,,BN,,,BN,67.74,pn_core,False,
P158,Tebrau,Johor,,,,PH,,,PH,59.26,true_mixed,False,
P159,Pasir Gudang,Johor,,,,PH,,,PH,65.0,true_mixed,False,
P160,Johor Bahru,Johor,,,,PH,,,PH,12.84,true_mixed,False,
P161,Pulai,Johor,,,,PH,,,PH,25.79,true_mixed,False,
P162,Iskandar Puteri,Johor,,,,PH,,,PH,38.16,true_mixed,False,
P163,Kulai,Johor,,,,PH,,,PH,30.73,true_mixed,False,
P164,Pontian,Johor,,,,BN,,,BN,65.92,mixed_malay,False,
P165,Tanjung Piai,Johor,,,,BN,,,BN,41.67,mixed_malay,False,
P166,Labuan,Labuan,,,,PN,,,PN,3.84,east_malaysia,False,
P167,Kudat,Sabah,,,,IND,,,GRS,16.04,east_malaysia,True,
P168,Kota Marudu,Sabah,,,,KDM,,,KDM,0.34,east_malaysia,False,
P169,Kota Belud,Sabah,,,,WARISAN,,,WARISAN,13.37,east_malaysia,False,
P170,Tuaran,Sabah,,,,PH,,,GRS,34.65,east_malaysia,True,
P171,Sepanggar,Sabah,,,,PH,,,PH,3.11,east_malaysia,False,
P172,Kota Kinabalu,Sabah,,,,PH,,,PH,46.0,east_malaysia,False,
P173,Putatan,Sabah,,,,BN,,,BN,4.86,east_malaysia,False,
P174,Penampang,Sabah,,,,PH,,,PH,16.21,east_malaysia,False,
P175,Papar,Sabah,,,,GRS,,,GRS,61.11,east_malaysia,False,
P176,Kimanis,Sabah,,,,BN,,,BN,9.9,east_malaysia,False,
P177,Beaufort,Sabah,,,,BN,,,BN,5.58,east_malaysia,False,
P178,Sipitang,Sabah,,,,GRS,,,GRS,41.1,east_malaysia,False,
P179,Ranau,Sabah,,,,GRS,,,GRS,71.12,east_malaysia,False,
P180,Keningau,Sabah,,,,GRS,,,GRS,54.81,east_malaysia,False,
P181,Tenom,Sabah,,,,IND,,,IND,23.19,east_malaysia,False,
P182,Pensiangan,Sabah,,,,BN,,,BN,21.48,east_malaysia,False,
P183,Beluran,Sabah,,,,PN,,,PN,1.38,east_malaysia,False,
P184,Libaran,Sabah,,,,BN,,,BN,41.93,east_malaysia,False,
P185,Batu Sapi,Sabah,,,,GRS,,,GRS,62.42,east_malaysia,False,
P186,Sandakan,Sabah,,,,PH,,,PH,34.11,east_malaysia,False,
P187,Kinabatangan,Sabah,,,,BN,,,BN,11.35,east_malaysia,False,
P188,Lahad Datu,Sabah,,,,WARISAN,,,WARISAN,12.23,east_malaysia,False,
P189,Semporna,Sabah,,,,WARISAN,,,WARISAN,31.69,east_malaysia,False,
P190,Tawau,Sabah,,,,GRS,,,GRS,58.26,east_malaysia,False,
P191,Kalabakan,Sabah,,,,BN,,,BN,19.06,east_malaysia,False,
P192,Mas Gading,Sarawak,,,,PH,,,PH,19.1,east_malaysia,False,
P193,Santubong,Sarawak,,,,GPS,,,GPS,79.43,east_malaysia,False,
P194,Petra Jaya,Sarawak,,,,GPS,,,GPS,60.82,east_malaysia,False,
P195,Bandar Kuching,Sarawak,,,,PH,,,PH,46.99,east_malaysia,False,
P196,Stampin,Sarawak,,,,PH,,,PH,10.22,east_malaysia,False,
P197,Kota Samarahan,Sarawak,,,,GPS,,,GPS,53.46,east_malaysia,False,
P198,Puncak Borneo,Sarawak,,,,GPS,,,GPS,29.02,east_malaysia,False,
P199,Serian,Sarawak,,,,GPS,,,GPS,58.16,east_malaysia,False,
P200,Batang Sadong,Sarawak,,,,GPS,,,GPS,66.48,east_malaysia,False,
P201,Batang Lupar,Sarawak,,,,GPS,,,GPS,59.03,east_malaysia,False,
P202,Sri Aman,Sarawak,,,,GPS,,,GPS,17.36,east_malaysia,False,
P203,Lubok Antu,Sarawak,,,,GPS,,,GPS,1.45,east_malaysia,False,
P204,Betong,Sarawak,,,,GPS,,,GPS,52.17,east_malaysia,False,
P205,Saratok,Sarawak,,,,PN,,,PN,29.09,east_malaysia,False,
P206,Tanjong Manis,Sarawak,,,,GPS,,,GPS,72.9,east_malaysia,False,
P207,Igan,Sarawak,,,,GPS,,,GPS,86.07,east_malaysia,False,
P208,Sarikei,Sarawak,,,,GPS,,,GPS,9.89,east_malaysia,False,
P209,Julau,Sarawak,,,,PBM,,,PBM,7.2,east_malaysia,False,
P210,Kanowit,Sarawak,,,,GPS,,,GPS,1.35,east_malaysia,False,
P211,Lanang,Sarawak,,,,PH,,,PH,23.96,east_malaysia,False,
P212,Sibu,Sarawak,,,,PH,,,PH,14.24,east_malaysia,False,
P213,Mukah,Sarawak,,,,GPS,,,GPS,56.21,east_malaysia,False,
P214,Selangau,Sarawak,,,,GPS,,,GPS,18.08,east_malaysia,False,
P215,Kapit,Sarawak,,,,GPS,,,GPS,59.82,east_malaysia,False,
P216,Hulu Rajang,Sarawak,,,,GPS,,,GPS,31.78,east_malaysia,False,
P217,Bintulu,Sarawak,,,,GPS,,,GPS,34.01,east_malaysia,False,
P218,Sibuti,Sarawak,,,,GPS,,,GPS,35.9,east_malaysia,False,
P219,Miri,Sarawak,,,,PH,,,PH,8.62,east_malaysia,False,
P220,Baram,Sarawak,,,,GPS,,,GPS,24.66,east_malaysia,False,
P221,Limbang,Sarawak,,,,GPS,,,GPS,50.38,east_malaysia,False,
P222,Lawas,Sarawak,,,,GPS,,,GPS,34.01,east_malaysia,False,
