state_std,code,constituency,winner_name,bloc,party,winner_votes,winner_pct,majority,margin_pct_valid,registered,total_valid
Sabah,P173,Putatan,Shahelmey Yahya,BN,,16234,39.36,124,0.3,63173,41249
Kelantan,P032,Gua Musang,Mohd Azizi Abu Naim,PN,,21826,45.12,163,0.34,70254,48377
Sabah,P170,Tuaran,Wilfred Madius Tangau,PH,,24943,42.84,233,0.4,83419,58277
Malacca,P139,Jasin,Zulkifli Ismail,PN,,27893,35.95,322,0.41,96208,77598
Perak,P074,Lumut,Nordin Ahmad Ismail,PN,,25212,35.43,363,0.51,92972,71162
Sarawak,P203,Lubok Antu,Roy Angau Gingkoi,GPS,,6644,34.44,100,0.52,28995,19294
Perak,P075,Bagan Datuk,Ahmad Zahid Hamidi,BN,,16578,39.61,348,0.83,58183,41856
Kedah,P015,Sungai Petani,Mohammed Taufiq Johari,PH,,50580,38.91,1115,0.86,168847,130004
Pahang,P089,Bentong,Young Syefura Othman,PH,,25075,37.62,692,1.04,87058,66657
Selangor,P096,Kuala Selangor,Dzulkefly Ahmad,PH,,31033,35.88,1002,1.16,102951,86481
Malacca,P135,Alor Gajah,Adly Zahari,PH,,28178,38.6,890,1.22,93311,73000
Selangor,P094,Hulu Selangor,Mohd Hasnizan Harun,PN,,46823,38.24,1562,1.28,154317,122442
Sarawak,P210,Kanowit,Aaron Ago Dagang,GPS,,7411,41.07,236,1.31,30988,18043
Selangor,P112,Kuala Langat,Ahmad Yunus Hairi,PN,,52867,42.68,1833,1.48,148637,123860
Selangor,P107,Sungai Buloh,Ramanan Ramakrishnan,PH,,50943,39.3,2693,2.08,158090,129639
Negeri Sembilan,P133,Tampin,Mohd Isam Mohd Isa,BN,,23283,38.15,1276,2.09,81099,61033
Pahang,P084,Paya Besar,Mohd. Shahar Abdullah,BN,,26899,43.4,1317,2.12,79744,61983
Pahang,P087,Kuala Krau,Kamal Ashaari,PN,,22505,47.13,1024,2.14,60537,47753
Pahang,P091,Rompin,Abdul Khalib Abdullah,PN,,31589,47.2,1438,2.15,89131,66927
Penang,P053,Balik Pulau,Muhammad Bakhtiar Wan Chik,PH,,24564,38.43,1582,2.48,80264,63911
Labuan,P166,Labuan,Suhaili Abdul Rahman,PN,,8124,28.56,708,2.49,44484,28449
Johor,P146,Muar,Syed Saddiq Syed Abdul Rahman,PH,,19961,37.55,1345,2.53,68925,53158
Perak,P063,Tambun,Anwar Ibrahim,PH,,49625,39.77,3736,2.99,160558,124769
Perak,P055,Lenggong,Shamsul Anuar Nasarah,BN,,12588,45.48,879,3.18,36950,27679
Johor,P147,Parit Sulong,Noraini Ahmad,BN,,25740,40.89,2021,3.21,79484,62954
Perak,P062,Sungai Siput,Kesavan Subramaniam,PH,,21637,41.89,1846,3.57,72395,51649
Johor,P141,Sekijang,Zaliha Mustafa,PH,,18941,39.21,1734,3.59,63981,48237
Sabah,P181,Tenom,Riduan Rubin,IND,,10027,35.0,1108,3.87,42045,28649
Perak,P054,Gerik,Fathul Huzir Ayob,PN,,15105,43.64,1377,3.98,47565,34612
Johor,P151,Simpang Renggam,Hasni Mohammad,BN,,18312,41.49,1821,4.13,59033,44131
Penang,P041,Kepala Batas,Siti Mastura Mohamad,PN,,28604,41.27,2867,4.14,83081,69302
Pahang,P083,Kuantan,Wan Razali Wan Nor,PN,,25514,37.65,2866,4.23,87597,67762
Selangor,P095,Tanjong Karang,Zulkafperi Hanapi,PN,,18054,35.26,2180,4.26,62194,51205
Sabah,P167,Kudat,Verdon Bahanda,IND,,16323,36.19,1967,4.36,75724,45108
Pahang,P086,Maran,Ismail Abdul Muttalib,PN,,19600,47.7,1821,4.43,53128,41092
Johor,P154,Mersing,Muhammad Islahuddin Abas,PN,,21066,44.91,2337,4.98,66275,46906
