code_n,constituency,state,party,coalition,total_voters,malay_pct,chinese_pct,indian_pct,bumi_sabah_pct,bumi_sarawak_pct,youth_pct,median_age,zone
001,Padang Besar,Perlis,PAS,PN,60192,86.1,8.1,0.9,0.3,0.6,29.0,39.0,>80% Malay
002,Kangar,Perlis,BERSATU,PN,74859,81.6,14.7,1.5,0.1,0.1,29.5,39.0,>80% Malay
003,Arau,Perlis,PAS,PN,60876,87.3,7.8,1.6,0.1,0.1,28.0,41.0,>80% Malay
004,Langkawi,Kedah,BERSATU,PN,66777,89.7,6.7,2.4,0.3,0.2,35.9,37.0,>80% Malay
005,Jerlun,Kedah,PAS,PN,67601,90.8,6.8,0.1,0.1,0.0,26.6,41.0,>80% Malay
006,Kubang Pasu,Kedah,BERSATU,PN,108217,86.0,8.7,3.4,0.2,0.2,33.7,37.0,>80% Malay
007,Padang Terap,Kedah,PAS,PN,59806,91.7,1.3,0.1,0.1,0.0,30.2,39.0,>80% Malay
008,Pokok Sena,Kedah,PAS,PN,114838,81.4,15.2,2.5,0.1,0.1,28.8,40.0,>80% Malay
009,Alor Setar,Kedah,PAS,PN,105994,63.3,31.8,4.2,0.1,0.0,25.9,42.0,55-80%
010,Kuala Kedah,Kedah,PAS,PN,132500,76.0,22.3,1.2,0.0,0.0,29.2,40.0,55-80%
011,Pendang,Kedah,PAS,PN,94547,88.5,4.7,0.5,0.0,0.0,28.599999999999998,40.0,>80% Malay
012,Jerai,Kedah,PAS,PN,105001,80.6,13.0,6.0,0.1,0.0,29.4,40.0,>80% Malay
013,Sik,Kedah,PAS,PN,63126,92.6,1.4,0.1,0.1,0.0,29.2,39.0,>80% Malay
014,Merbok,Kedah,BERSATU,PN,132444,69.2,15.2,14.3,0.2,0.3,34.4,37.0,55-80%
015,Sungai Petani,Kedah,PKR,PH,168847,61.2,25.7,12.4,0.1,0.1,33.5,38.0,55-80%
016,Baling,Kedah,PAS,PN,132099,89.3,4.2,4.6,0.1,0.0,30.0,39.0,>80% Malay
017,Padang Serai,Kedah,BERSATU,PN,133867,62.4,17.6,19.3,0.1,0.1,37.3,37.0,55-80%
018,Kulim-Bandar Baharu,Kedah,BERSATU,PN,90141,69.8,17.1,12.5,0.1,0.1,29.8,40.0,55-80%
019,Tumpat,Kelantan,PAS,PN,149371,92.4,3.6,0.1,0.0,0.0,32.2,38.0,>80% Malay
020,Pengkalan Chepa,Kelantan,PAS,PN,106982,97.0,1.8,0.1,0.1,0.1,35.8,36.0,>80% Malay
021,Kota Bharu,Kelantan,PAS,PN,115450,84.5,13.7,0.7,0.1,0.0,28.2,40.0,>80% Malay
022,Pasir Mas,Kelantan,PAS,PN,94544,97.4,1.9,0.1,0.0,0.0,31.099999999999998,38.0,>80% Malay
023,Rantau Panjang,Kelantan,PAS,PN,93248,96.8,1.9,0.1,0.1,0.0,32.4,38.0,>80% Malay
024,Kubang Kerian,Kelantan,PAS,PN,113640,97.4,2.0,0.2,0.0,0.0,35.1,36.0,>80% Malay
025,Bachok,Kelantan,PAS,PN,123183,98.3,1.1,0.0,0.1,0.0,33.6,37.0,>80% Malay
026,Ketereh,Kelantan,BERSATU,PN,85281,96.7,1.9,0.1,0.2,0.5,32.8,37.0,>80% Malay
027,Tanah Merah,Kelantan,BERSATU,PN,98782,94.4,4.1,0.5,0.1,0.0,32.3,38.0,>80% Malay
028,Pasir Puteh,Kelantan,PAS,PN,113070,98.1,0.9,0.0,0.1,0.0,33.0,37.0,>80% Malay
029,Machang,Kelantan,WAWASAN,PN,88825,96.4,3.1,0.2,0.1,0.0,31.6,38.0,>80% Malay
030,Jeli,Kelantan,IND,IND,59798,97.8,0.2,0.1,0.4,0.2,32.3,37.0,>80% Malay
031,Kuala Krai,Kelantan,PAS,PN,92335,94.1,4.1,1.1,0.1,0.0,33.1,37.0,>80% Malay
032,Gua Musang,Kelantan,IND,IND,70254,78.5,5.8,0.5,0.1,0.1,37.5,35.0,55-80%
033,Besut,Terengganu,PAS,PN,111650,98.0,1.3,0.1,0.1,0.1,34.7,36.0,>80% Malay
034,Setiu,Terengganu,PAS,PN,107294,99.3,0.3,0.0,0.1,0.1,33.7,36.5,>80% Malay
035,Kuala Nerus,Terengganu,PAS,PN,105952,98.4,1.0,0.1,0.1,0.1,34.7,36.0,>80% Malay
036,Kuala Terengganu,Terengganu,PAS,PN,123305,90.3,8.6,0.5,0.1,0.1,28.0,39.0,>80% Malay
037,Marang,Terengganu,PAS,PN,131756,97.6,1.9,0.1,0.1,0.0,33.9,37.0,>80% Malay
038,Hulu Terengganu,Terengganu,BERSATU,PN,87917,98.9,0.4,0.0,0.1,0.0,30.7,37.0,>80% Malay
039,Dungun,Terengganu,PAS,PN,115559,95.8,3.1,0.2,0.1,0.1,34.1,37.0,>80% Malay
040,Kemaman,Terengganu,PAS,PN,139423,93.3,5.0,0.5,0.1,0.1,33.900000000000006,37.0,>80% Malay
041,Kepala Batas,Penang,PAS,PN,83081,80.1,15.4,4.2,0.1,0.1,32.5,39.0,>80% Malay
042,Tasek Gelugor,Penang,WAWASAN,PN,80868,78.1,15.0,6.3,0.2,0.2,30.599999999999998,39.0,55-80%
043,Bagan,Penang,DAP,PH,89447,14.5,69.3,15.6,0.1,0.0,22.5,46.0,<30%
044,Permatang Pauh,Penang,PAS,PN,107186,73.3,19.4,6.6,0.2,0.1,28.799999999999997,41.0,55-80%
045,Bukit Mertajam,Penang,DAP,PH,120819,21.3,67.3,10.9,0.1,0.0,27.5,42.0,<30%
046,Batu Kawan,Penang,DAP,PH,88812,23.0,54.0,22.2,0.2,0.1,28.2,41.0,<30%
047,Nibong Tebal,Penang,PKR,PH,100062,46.7,34.8,17.8,0.1,0.1,31.3,39.0,30-55%
048,Bukit Bendera,Penang,DAP,PH,92521,15.2,71.0,12.0,0.2,0.2,18.4,50.0,<30%
049,Tanjong,Penang,DAP,PH,52803,6.5,81.5,11.3,0.1,0.1,11.200000000000001,57.0,<30%
050,Jelutong,Penang,DAP,PH,93989,21.1,63.2,14.9,0.2,0.1,20.7,46.0,<30%
051,Bukit Gelugor,Penang,DAP,PH,117134,14.7,71.7,12.8,0.1,0.1,23.1,45.0,<30%
052,Bayan Baru,Penang,PKR,PH,119640,38.9,47.8,12.1,0.3,0.2,26.1,42.0,30-55%
053,Balik Pulau,Penang,PKR,PH,80264,65.3,29.1,4.8,0.2,0.1,30.1,40.0,55-80%
054,Gerik,Perak,WAWASAN,PN,47565,66.8,13.4,3.0,0.6,0.7,33.8,37.0,55-80%
055,Lenggong,Perak,UMNO,BN,36950,83.2,11.8,1.4,0.1,0.0,26.799999999999997,40.0,>80% Malay
056,Larut,Perak,WAWASAN,PN,65719,90.0,3.9,5.6,0.1,0.0,29.299999999999997,40.0,>80% Malay
057,Parit Buntar,Perak,PAS,PN,68502,68.6,25.8,5.1,0.1,0.0,26.5,42.0,55-80%
058,Bagan Serai,Perak,PAS,PN,80293,78.4,12.3,9.0,0.1,0.0,29.1,40.0,55-80%
059,Bukit Gantang,Perak,IND,IND,94253,71.4,19.1,9.0,0.1,0.1,28.6,40.0,55-80%
060,Taiping,Perak,DAP,PH,121566,39.8,44.2,14.4,0.3,0.5,25.200000000000003,42.0,30-55%
061,Padang Rengas,Perak,WAWASAN,PN,38686,78.1,14.8,6.7,0.1,0.0,26.0,42.0,55-80%
062,Sungai Siput,Perak,PKR,PH,72395,34.3,34.5,21.1,0.1,0.1,26.4,42.0,30-55%
063,Tambun,Perak,PKR,PH,160558,64.7,20.5,12.4,0.3,0.4,31.9,38.0,55-80%
064,Ipoh Timor,Perak,DAP,PH,118178,23.4,68.2,7.5,0.2,0.1,19.1,48.0,<30%
065,Ipoh Barat,Perak,DAP,PH,114654,13.5,58.8,26.9,0.1,0.1,22.299999999999997,46.0,<30%
066,Batu Gajah,Perak,DAP,PH,111896,12.8,68.9,17.7,0.1,0.1,24.2,45.0,<30%
067,Kuala Kangsar,Perak,IND,IND,46985,70.6,21.0,6.5,0.1,0.1,26.599999999999998,41.0,55-80%
068,Beruas,Perak,DAP,PH,108249,27.2,56.8,15.2,0.3,0.2,25.9,42.0,<30%
069,Parit,Perak,PAS,PN,47915,92.4,2.0,2.5,0.1,0.1,29.0,40.0,>80% Malay
070,Kampar,Perak,DAP,PH,89894,34.7,52.5,10.1,0.1,0.1,22.299999999999997,46.0,30-55%
071,Gopeng,Perak,PKR,PH,143657,42.8,44.7,9.6,0.2,0.1,30.0,40.0,30-55%
072,Tapah,Perak,MIC,BN,61946,45.6,24.2,13.8,0.1,0.1,26.8,41.0,30-55%
073,Pasir Salak,Perak,PAS,PN,74761,81.0,12.2,3.2,0.1,0.0,29.0,39.0,>80% Malay
074,Lumut,Perak,BERSATU,PN,92972,72.5,13.9,11.3,1.1,0.6,32.3,38.0,55-80%
075,Bagan Datuk,Perak,UMNO,BN,58183,56.3,20.6,21.7,0.3,0.1,26.0,40.0,55-80%
076,Teluk Intan,Perak,DAP,PH,87222,42.0,38.3,18.6,0.1,0.0,25.8,42.0,30-55%
077,Tanjong Malim,Perak,PKR,PH,93873,55.0,23.6,12.9,0.1,0.1,26.6,40.0,30-55%
078,Cameron Highlands,Pahang,UMNO,BN,46020,30.9,27.0,12.0,0.3,0.1,31.8,39.0,30-55%
079,Lipis,Pahang,UMNO,BN,47124,78.3,14.7,4.9,0.1,0.1,30.0,39.0,55-80%
080,Raub,Pahang,DAP,PH,75064,52.1,36.5,6.2,0.1,0.0,26.200000000000003,41.0,30-55%
081,Jerantut,Pahang,PAS,PN,87051,82.2,11.8,2.5,0.1,0.1,29.0,39.0,>80% Malay
082,Indera Mahkota,Pahang,WAWASAN,PN,120549,67.6,25.3,5.5,0.4,0.2,36.4,36.0,55-80%
083,Kuantan,Pahang,PAS,PN,87597,69.3,26.1,3.2,0.2,0.1,29.9,40.0,55-80%
084,Paya Besar,Pahang,UMNO,BN,79744,84.1,11.0,1.9,0.1,0.1,32.1,38.0,>80% Malay
085,Pekan,Pahang,UMNO,BN,119443,84.9,1.8,0.7,0.4,0.5,33.0,37.0,>80% Malay
086,Maran,Pahang,PAS,PN,53128,89.4,5.8,1.4,0.1,0.1,27.5,40.0,>80% Malay
087,Kuala Krau,Pahang,PAS,PN,60537,88.7,2.5,2.1,0.1,0.0,27.0,39.0,>80% Malay
088,Temerloh,Pahang,PAS,PN,106829,66.4,21.0,8.1,0.4,0.5,32.5,38.0,55-80%
089,Bentong,Pahang,DAP,PH,87058,49.4,37.8,9.0,0.2,0.2,26.0,41.0,30-55%
090,Bera,Pahang,UMNO,BN,77669,62.6,27.2,3.6,0.4,0.4,28.0,39.0,55-80%
091,Rompin,Pahang,BERSATU,PN,89131,83.2,2.4,0.9,0.2,0.1,31.4,37.0,>80% Malay
092,Sabak Bernam,Selangor,BERSATU,PN,51609,81.4,13.0,4.9,0.1,0.1,28.4,40.0,>80% Malay
093,Sungai Besar,Selangor,BERSATU,PN,64382,67.4,29.3,2.1,0.2,0.1,30.2,39.0,55-80%
094,Hulu Selangor,Selangor,PAS,PN,154317,63.1,18.0,15.0,0.3,0.2,35.3,38.0,55-80%
095,Tanjong Karang,Selangor,IND,IND,62194,73.3,17.2,8.1,0.1,0.1,29.2,39.0,55-80%
096,Kuala Selangor,Selangor,AMANAH,PH,102951,67.2,11.9,19.3,0.2,0.1,34.4,38.0,55-80%
097,Selayang,Selangor,PKR,PH,181539,51.9,26.2,17.8,0.4,0.2,35.4,37.0,30-55%
098,Gombak,Selangor,PKR,PH,206744,70.0,10.8,10.8,0.3,0.2,30.2,39.0,55-80%
099,Ampang,Selangor,PKR,PH,133494,51.6,32.2,9.6,0.4,0.3,29.1,40.0,30-55%
100,Pandan,Selangor,VAC,VAC,148730,40.2,47.0,7.9,0.8,0.3,27.4,41.0,30-55%
101,Hulu Langat,Selangor,AMANAH,PH,166902,63.7,20.9,10.6,0.5,0.3,36.8,37.0,55-80%
102,Bangi,Selangor,DAP,PH,303430,48.7,36.8,11.1,0.6,0.4,36.3,37.0,30-55%
103,Puchong,Selangor,DAP,PH,152861,37.5,49.3,10.9,0.7,0.3,32.3,40.0,30-55%
104,Subang,Selangor,PKR,PH,230940,26.4,54.0,16.8,0.8,0.5,29.7,41.0,<30%
105,Petaling Jaya,Selangor,PKR,PH,195148,46.3,29.5,20.7,0.7,0.3,24.2,44.0,30-55%
106,Damansara,Selangor,DAP,PH,239103,20.8,66.1,9.9,0.5,0.2,24.799999999999997,44.0,<30%
107,Sungai Buloh,Selangor,PKR,PH,158090,62.9,20.6,10.3,0.8,0.4,38.5,36.0,55-80%
108,Shah Alam,Selangor,AMANAH,PH,165744,73.5,12.7,11.8,0.5,0.3,33.4,38.0,55-80%
109,Kapar,Selangor,PAS,PN,189369,68.2,15.2,14.1,0.5,0.1,35.7,37.0,55-80%
110,Klang,Selangor,DAP,PH,208913,26.9,52.6,18.2,0.7,0.2,25.4,43.0,<30%
111,Kota Raja,Selangor,AMANAH,PH,244712,40.0,29.7,27.2,1.3,0.3,36.7,37.0,30-55%
112,Kuala Langat,Selangor,PAS,PN,148637,55.2,23.6,17.2,0.4,0.1,33.2,38.0,55-80%
113,Sepang,Selangor,AMANAH,PH,168039,63.3,19.0,13.0,0.7,0.4,36.0,37.0,55-80%
114,Kepong,Kuala Lumpur (FT),DAP,PH,94285,5.7,85.4,7.1,0.9,0.1,20.1,48.0,<30%
115,Batu,Kuala Lumpur (FT),PKR,PH,113863,44.2,34.5,18.1,0.6,0.4,27.8,40.0,30-55%
116,Wangsa Maju,Kuala Lumpur (FT),PKR,PH,120323,57.8,28.5,9.1,0.6,0.6,26.3,40.0,55-80%
117,Segambut,Kuala Lumpur (FT),DAP,PH,119652,26.9,56.8,11.7,0.3,0.2,25.2,43.0,<30%
118,Setiawangsa,Kuala Lumpur (FT),VAC,VAC,95753,60.6,24.5,11.7,0.8,0.9,27.6,39.0,55-80%
119,Titiwangsa,Kuala Lumpur (FT),UMNO,BN,80747,66.6,16.4,9.2,0.7,0.4,23.799999999999997,44.0,55-80%
120,Bukit Bintang,Kuala Lumpur (FT),DAP,PH,79782,13.2,71.6,12.4,0.9,0.4,13.100000000000001,55.0,<30%
121,Lembah Pantai,Kuala Lumpur (FT),PKR,PH,101828,59.3,19.1,17.1,1.0,0.6,21.4,44.0,55-80%
122,Seputeh,Kuala Lumpur (FT),DAP,PH,124805,12.2,76.7,9.0,0.5,0.2,23.4,45.0,<30%
123,Cheras,Kuala Lumpur (FT),DAP,PH,101184,13.6,77.0,7.8,0.6,0.2,18.7,49.0,<30%
124,Bandar Tun Razak,Kuala Lumpur (FT),PKR,PH,119185,62.4,26.7,8.7,0.7,0.6,29.4,40.0,55-80%
125,Putrajaya,Putrajaya (FT),BERSATU,PN,42881,94.0,0.9,2.7,1.2,0.5,31.0,37.0,>80% Malay
126,Jelebu,Negeri Sembilan,UMNO,BN,59561,65.1,23.3,5.5,0.2,0.1,23.1,42.0,55-80%
127,Jempol,Negeri Sembilan,UMNO,BN,95813,63.7,21.9,12.7,0.1,0.1,26.299999999999997,39.0,55-80%
128,Seremban,Negeri Sembilan,DAP,PH,157244,51.7,31.7,13.8,0.4,0.2,29.5,41.0,30-55%
129,Kuala Pilah,Negeri Sembilan,UMNO,BN,63247,76.2,15.6,5.2,0.1,0.1,24.9,43.0,55-80%
130,Rasah,Negeri Sembilan,DAP,PH,155896,33.0,42.4,22.3,0.4,0.3,30.8,40.0,30-55%
131,Rembau,Negeri Sembilan,UMNO,BN,133555,73.7,8.8,15.9,0.2,0.2,33.5,38.0,55-80%
132,Port Dickson,Negeri Sembilan,PKR,PH,104450,44.2,31.4,21.1,1.0,1.0,29.7,40.0,30-55%
133,Tampin,Negeri Sembilan,UMNO,BN,81099,62.1,23.5,12.2,0.5,0.8,27.6,39.0,55-80%
134,Masjid Tanah,Malacca,BERSATU,PN,69174,82.0,11.7,3.6,0.2,0.2,30.3,40.0,>80% Malay
135,Alor Gajah,Malacca,AMANAH,PH,93311,61.5,23.7,13.0,0.2,0.1,29.0,40.0,55-80%
136,Tangga Batu,Malacca,PAS,PN,115998,69.4,22.2,3.6,1.5,1.5,34.099999999999994,37.0,55-80%
137,Hang Tuah Jaya,Malacca,PKR,PH,118493,61.9,30.5,6.0,0.3,0.2,29.9,39.0,55-80%
138,Kota Melaka,Malacca,DAP,PH,164140,39.2,54.1,4.4,0.2,0.2,25.6,43.0,30-55%
139,Jasin,Malacca,PAS,PN,96208,73.4,15.4,10.1,0.1,0.1,30.200000000000003,40.0,55-80%
140,Segamat,Johor,PKR,PH,69360,46.8,42.7,9.3,0.2,0.2,25.200000000000003,42.0,30-55%
141,Sekijang,Johor,PKR,PH,63981,57.9,36.5,4.1,0.1,0.1,28.8,40.0,55-80%
142,Labis,Johor,DAP,PH,49846,37.7,43.6,15.3,0.1,0.1,24.200000000000003,43.0,30-55%
143,Pagoh,Johor,BERSATU,PN,69939,66.2,29.2,3.4,0.1,0.0,28.1,40.0,55-80%
144,Ledang,Johor,PKR,PH,104577,55.4,38.5,4.9,0.1,0.1,29.0,41.0,55-80%
145,Bakri,Johor,DAP,PH,97335,45.4,51.6,2.1,0.1,0.1,26.4,42.0,30-55%
146,Muar,Johor,MUDA,MUDA,68925,66.4,31.2,1.3,0.2,0.1,28.5,41.0,55-80%
147,Parit Sulong,Johor,UMNO,BN,79484,80.4,17.9,0.4,0.1,0.1,27.799999999999997,42.0,>80% Malay
148,Ayer Hitam,Johor,MCA,BN,61041,57.7,37.0,4.1,0.1,0.1,29.1,41.0,55-80%
149,Sri Gading,Johor,AMANAH,PH,78602,63.8,33.8,1.3,0.1,0.1,33.7,38.0,55-80%
150,Batu Pahat,Johor,PKR,PH,133910,52.0,44.7,1.4,0.1,0.1,27.7,41.0,30-55%
151,Simpang Renggam,Johor,UMNO,BN,59033,60.8,28.5,8.5,0.2,0.1,29.1,40.0,55-80%
152,Kluang,Johor,DAP,PH,132342,41.4,46.0,10.4,0.4,0.6,28.700000000000003,40.0,30-55%
153,Sembrong,Johor,UMNO,BN,54982,60.4,27.7,8.8,0.1,0.1,25.299999999999997,40.0,55-80%
154,Mersing,Johor,BERSATU,PN,66275,81.3,13.7,1.2,0.5,0.5,28.299999999999997,38.0,>80% Malay
155,Tenggara,Johor,UMNO,BN,67294,73.1,16.3,7.0,0.4,1.1,33.400000000000006,38.0,55-80%
156,Kota Tinggi,Johor,UMNO,BN,61291,88.8,7.9,1.7,0.1,0.2,25.0,40.0,>80% Malay
157,Pengerang,Johor,UMNO,BN,55316,89.5,8.1,0.7,0.3,0.3,25.1,40.0,>80% Malay
158,Tebrau,Johor,PKR,PH,223301,45.0,38.9,11.3,0.5,1.3,38.5,36.0,30-55%
159,Pasir Gudang,Johor,PKR,PH,198485,46.3,36.1,10.1,2.3,2.3,33.9,38.0,30-55%
160,Johor Bahru,Johor,PKR,PH,136368,51.7,39.1,5.9,0.4,0.4,21.3,45.0,30-55%
161,Pulai,Johor,AMANAH,PH,165313,44.6,40.3,12.2,0.5,0.6,29.6,40.0,30-55%
162,Iskandar Puteri,Johor,DAP,PH,222437,36.4,47.2,14.1,0.4,0.8,33.0,38.0,30-55%
163,Kulai,Johor,DAP,PH,151247,37.2,49.0,11.6,0.5,0.5,32.7,39.0,30-55%
164,Pontian,Johor,UMNO,BN,75212,68.4,27.9,1.0,0.1,0.1,27.6,41.0,55-80%
165,Tanjung Piai,Johor,MCA,BN,70679,57.1,40.0,1.0,0.2,0.1,27.900000000000002,41.0,55-80%
166,Labuan,Labuan (FT),IND,IND,44484,33.4,16.8,1.2,42.3,2.1,32.9,37.0,30-55%
167,Kudat,Sabah,IND,IND,75724,3.6,6.9,0.1,72.8,0.3,33.099999999999994,38.0,<30%
168,Kota Marudu,Sabah,Direct,KDM,80735,2.3,2.0,0.1,92.9,0.3,35.7,36.0,<30%
169,Kota Belud,Sabah,Direct,WARISAN,79885,2.6,1.1,0.2,92.7,0.3,31.200000000000003,38.0,<30%
170,Tuaran,Sabah,UPKO,GRS,83419,4.5,4.0,0.2,87.6,0.5,32.0,38.0,<30%
171,Sepanggar,Sabah,PKR,PH,108370,13.2,16.8,0.5,62.0,0.8,38.2,35.0,<30%
172,Kota Kinabalu,Sabah,DAP,PH,74059,4.3,60.1,1.0,30.8,0.3,18.8,47.0,<30%
173,Putatan,Sabah,UMNO,BN,63173,18.9,11.6,0.7,60.2,1.0,32.1,38.0,<30%
174,Penampang,Sabah,UPKO,GRS,77214,4.8,26.4,0.7,65.1,1.0,30.799999999999997,39.0,<30%
175,Papar,Sabah,Direct,GRS,59942,8.8,6.2,0.3,80.2,0.6,31.4,39.0,<30%
176,Kimanis,Sabah,UMNO,BN,40763,8.8,2.8,0.2,85.4,0.6,28.2,40.0,<30%
177,Beaufort,Sabah,UMNO,BN,43248,7.0,5.2,0.3,85.0,0.7,25.8,42.0,<30%
178,Sipitang,Sabah,Direct,GRS,45871,7.7,3.2,0.2,85.4,1.9,31.0,39.0,<30%
179,Ranau,Sabah,Direct,GRS,66517,2.0,1.3,0.1,94.7,0.4,33.7,37.0,<30%
180,Keningau,Sabah,Direct,STAR,87588,5.2,6.9,0.2,85.0,0.7,36.5,36.0,<30%
181,Tenom,Sabah,Direct,KDM,42045,5.7,8.3,0.1,83.4,0.6,31.799999999999997,38.0,<30%
182,Pensiangan,Sabah,PBRS,BN,55672,1.2,0.9,0.0,96.2,0.3,40.0,34.0,<30%
183,Beluran,Sabah,BERSATU,PN,44727,5.3,0.9,0.1,88.0,1.7,36.4,36.0,<30%
184,Libaran,Sabah,UMNO,BN,72332,28.3,14.8,0.3,47.6,1.3,36.9,36.0,<30%
185,Batu Sapi,Sabah,Direct,GRS,43916,13.9,27.2,0.3,51.8,0.7,33.0,38.0,<30%
186,Sandakan,Sabah,DAP,PH,55542,14.5,42.0,0.6,36.6,0.9,30.7,40.0,<30%
187,Kinabatangan,Sabah,UMNO,BN,44773,14.3,0.7,0.1,79.6,1.4,36.5,36.0,<30%
188,Lahad Datu,Sabah,Direct,WARISAN,100256,26.4,9.1,0.4,56.5,1.3,38.7,35.0,<30%
189,Semporna,Sabah,Direct,WARISAN,72169,6.3,1.5,0.1,88.1,0.4,37.1,36.0,<30%
190,Tawau,Sabah,PBS,GRS,87477,34.1,29.3,0.4,29.0,1.5,31.900000000000002,39.0,30-55%
191,Kalabakan,Sabah,UMNO,BN,83970,49.3,8.3,0.4,33.0,2.5,37.0,35.0,30-55%
192,Mas Gading,Sarawak,DAP,PH,47171,5.3,16.9,0.2,0.5,76.9,29.7,41.0,<30%
193,Santubong,Sarawak,PBB,GPS,79540,78.4,7.8,0.1,0.3,13.1,35.3,37.0,55-80%
194,Petra Jaya,Sarawak,PBB,GPS,109809,69.8,13.3,0.6,0.3,15.6,33.2,38.0,55-80%
195,Bandar Kuching,Sarawak,DAP,PH,109710,4.6,85.1,0.7,0.2,8.8,17.200000000000003,50.0,<30%
196,Stampin,Sarawak,DAP,PH,121009,14.6,61.4,0.7,0.3,22.7,30.8,39.0,<30%
197,Kota Samarahan,Sarawak,PBB,GPS,82229,56.0,13.1,0.2,0.6,29.8,35.5,37.0,55-80%
198,Puncak Borneo,Sarawak,PBB,GPS,79969,4.9,24.8,0.2,0.3,69.6,28.8,41.0,<30%
199,Serian,Sarawak,SUPP,GPS,65273,7.6,10.1,0.2,0.2,81.6,27.799999999999997,42.0,<30%
200,Batang Sadong,Sarawak,PBB,GPS,32640,70.8,5.2,0.1,0.2,23.5,28.1,42.0,55-80%
201,Batang Lupar,Sarawak,PBB,GPS,43072,73.3,2.7,0.0,0.2,23.5,28.6,41.0,55-80%
202,Sri Aman,Sarawak,PRS,GPS,50164,10.4,16.7,0.1,0.3,72.3,28.400000000000002,42.0,<30%
203,Lubok Antu,Sarawak,PRS,GPS,28995,1.9,7.8,0.0,0.3,89.7,25.0,44.0,<30%
204,Betong,Sarawak,PBB,GPS,41743,45.8,6.2,0.0,0.1,47.6,28.6,41.0,30-55%
205,Saratok,Sarawak,BERSATU,PN,44531,37.4,6.6,0.0,0.2,55.6,29.0,41.0,30-55%
206,Tanjong Manis,Sarawak,PBB,GPS,32948,23.6,6.0,0.0,0.4,69.5,31.200000000000003,39.0,<30%
207,Igan,Sarawak,PBB,GPS,28290,6.1,3.8,0.0,0.5,89.4,31.6,39.0,<30%
208,Sarikei,Sarawak,SUPP,GPS,55018,4.7,60.4,0.0,0.2,34.5,26.4,42.0,<30%
209,Julau,Sarawak,Direct,PBM,34850,0.5,4.9,0.0,0.2,93.9,28.6,42.0,<30%
210,Kanowit,Sarawak,PRS,GPS,30988,1.9,11.4,0.0,0.2,86.2,27.5,42.0,<30%
211,Lanang,Sarawak,DAP,PH,87356,4.3,64.8,0.1,0.4,30.3,28.8,41.0,<30%
212,Sibu,Sarawak,DAP,PH,105875,10.5,61.9,0.1,0.5,26.9,29.3,40.0,<30%
213,Mukah,Sarawak,PBB,GPS,46964,3.3,9.7,0.0,0.5,86.1,30.2,40.0,<30%
214,Selangau,Sarawak,PRS,GPS,45743,1.0,3.7,0.0,0.3,94.6,31.2,40.0,<30%
215,Kapit,Sarawak,PBB,GPS,45210,2.6,8.6,0.0,0.2,88.1,29.5,40.0,<30%
216,Hulu Rajang,Sarawak,PRS,GPS,43438,1.0,1.8,0.0,0.4,96.1,32.1,39.0,<30%
217,Bintulu,Sarawak,PDP,GPS,113599,9.9,25.0,0.1,0.7,63.9,34.3,38.0,<30%
218,Sibuti,Sarawak,PBB,GPS,58522,18.7,22.7,0.2,0.7,56.9,32.9,38.0,<30%
219,Miri,Sarawak,PKR,PH,143229,17.0,46.1,0.3,0.8,35.2,31.1,39.0,<30%
220,Baram,Sarawak,PDP,GPS,59535,4.5,7.3,0.0,0.3,86.8,27.1,43.0,<30%
221,Limbang,Sarawak,PBB,GPS,41999,26.3,17.3,0.1,6.2,49.1,29.2,40.0,<30%
222,Lawas,Sarawak,PBB,GPS,33655,36.5,9.3,0.1,3.2,50.1,31.1,39.0,30-55%
