party,coalition,seats,avg_malay,med_malay,min_malay,max_malay,avg_chinese,avg_indian,avg_bumi_sabah,avg_bumi_sarawak,avg_youth,avg_age,avg_voters
PAS,PN,43,85.0,88.7,55.2,99.3,9.7,3.1,0.2,0.1,31.0,38.7,102203.5
DAP,PH,40,24.9,22.2,4.3,52.1,56.8,10.5,2.0,4.3,25.1,43.7,118113.2
PKR,PH,29,49.4,51.7,13.2,70.0,32.6,10.9,2.6,1.6,29.7,39.9,134654.3
UMNO,BN,26,59.1,64.4,7.0,89.5,15.4,5.3,15.2,0.5,29.1,39.4,68462.5
BERSATU,PN,19,74.7,81.4,5.3,98.9,10.9,4.4,4.9,3.2,31.7,38.2,79679.3
PBB,GPS,14,36.9,31.4,2.6,78.4,10.8,0.1,1.0,50.8,31.0,39.4,54042.1
AMANAH,PH,8,59.7,63.5,40.0,73.5,24.0,13.6,0.5,0.3,33.7,38.1,148196.8
IND,IND,7,61.2,71.4,3.6,97.8,12.4,3.6,16.6,0.4,31.5,38.1,64813.1
WAWASAN,PN,6,79.5,78.1,66.8,96.4,12.6,4.6,0.2,0.2,31.3,38.7,73702.0
PRS,GPS,5,3.2,1.9,1.0,10.4,8.3,0.0,0.3,87.8,28.8,41.4,39865.6
Direct,GRS,4,8.1,8.2,2.0,13.9,9.5,0.2,78.0,0.9,32.3,38.2,54061.5
Direct,WARISAN,3,11.8,6.3,2.6,26.4,3.9,0.2,79.1,0.7,35.7,36.3,84103.3
PDP,GPS,2,7.2,7.2,4.5,9.9,16.2,0.0,0.5,75.4,30.7,40.5,86567.0
Direct,KDM,2,4.0,4.0,2.3,5.7,5.2,0.1,88.2,0.4,33.8,37.0,61390.0
SUPP,GPS,2,6.2,6.2,4.7,7.6,35.2,0.1,0.2,58.0,27.1,42.0,60145.5
MCA,BN,2,57.4,57.4,57.1,57.7,38.5,2.6,0.2,0.1,28.5,41.0,65860.0
UPKO,GRS,2,4.6,4.6,4.5,4.8,15.2,0.4,76.4,0.8,31.4,38.5,80316.5
VAC,VAC,2,50.4,50.4,40.2,60.6,35.8,9.8,0.8,0.6,27.5,40.0,122241.5
Direct,STAR,1,5.2,5.2,5.2,5.2,6.9,0.2,85.0,0.7,36.5,36.0,87588.0
Direct,PBM,1,0.5,0.5,0.5,0.5,4.9,0.0,0.2,93.9,28.6,42.0,34850.0
PBRS,BN,1,1.2,1.2,1.2,1.2,0.9,0.0,96.2,0.3,40.0,34.0,55672.0
MUDA,MUDA,1,66.4,66.4,66.4,66.4,31.2,1.3,0.2,0.1,28.5,41.0,68925.0
MIC,BN,1,45.6,45.6,45.6,45.6,24.2,13.8,0.1,0.1,26.8,41.0,61946.0
PBS,GRS,1,34.1,34.1,34.1,34.1,29.3,0.4,29.0,1.5,31.9,39.0,87477.0
