state,BN,GPS,GRS,IND,KDM,MUDA,PBM,PH,PN,STAR,VAC,WARISAN
Johor,9,0,0,0,0,1,0,14,2,0,0,0
Kedah,0,0,0,0,0,0,0,1,14,0,0,0
Kelantan,0,0,0,2,0,0,0,0,12,0,0,0
Kuala Lumpur (FT),1,0,0,0,0,0,0,9,0,0,1,0
Labuan (FT),0,0,0,1,0,0,0,0,0,0,0,0
Malacca,0,0,0,0,0,0,0,3,3,0,0,0
Negeri Sembilan,5,0,0,0,0,0,0,3,0,0,0,0
Pahang,5,0,0,0,0,0,0,2,7,0,0,0
Penang,0,0,0,0,0,0,0,10,3,0,0,0
Perak,3,0,0,2,0,0,0,11,8,0,0,0
Perlis,0,0,0,0,0,0,0,0,3,0,0,0
Putrajaya (FT),0,0,0,0,0,0,0,0,1,0,0,0
Sabah,7,0,7,1,2,0,0,3,1,1,0,3
Sarawak,0,23,0,0,0,0,1,6,1,0,0,0
Selangor,0,0,0,1,0,0,0,15,5,0,1,0
Terengganu,0,0,0,0,0,0,0,0,8,0,0,0
