state,bloc,prev_se,latest_se,latest_date,prev_share,latest_share,swing_pp
Johor,WARISAN,SE-15,SE-16,2026-07-11,0.47,0.0,-0.47
Johor,IND,SE-15,SE-16,2026-07-11,0.72,0.1,-0.62
Johor,PN,SE-15,SE-16,2026-07-11,24.04,4.91,-19.13
Johor,BN,SE-15,SE-16,2026-07-11,43.11,60.1,16.98
Johor,MUDA,SE-15,SE-16,2026-07-11,3.46,0.55,-2.91
Johor,OTHER,SE-15,SE-16,2026-07-11,1.78,1.71,-0.07
Johor,PH,SE-15,SE-16,2026-07-11,26.42,32.64,6.22
Kedah,IND,SE-14,SE-15,2023-08-12,0.08,0.95,0.87
Kedah,PN,SE-14,SE-15,2023-08-12,45.94,68.93,22.99
Kedah,BN,SE-14,SE-15,2023-08-12,29.64,10.01,-19.63
Kedah,OTHER,SE-14,SE-15,2023-08-12,0.02,0.01,-0.01
Kedah,PH,SE-14,SE-15,2023-08-12,24.32,20.1,-4.22
Kelantan,IND,SE-14,SE-15,2023-08-12,0.37,0.22,-0.15
Kelantan,PN,SE-14,SE-15,2023-08-12,53.95,69.24,15.29
Kelantan,BN,SE-14,SE-15,2023-08-12,37.61,20.95,-16.67
Kelantan,OTHER,SE-14,SE-15,2023-08-12,0.01,0.01,0.01
Kelantan,PH,SE-14,SE-15,2023-08-12,8.06,9.57,1.51
Negeri Sembilan,IND,SE-15,SE-16,2026-08-01,1.34,0.21,-1.13
Negeri Sembilan,BN,SE-15,SE-16,2026-08-01,22.24,36.54,14.3
Negeri Sembilan,PN,SE-15,SE-16,2026-08-01,37.65,21.91,-15.74
Negeri Sembilan,MUDA,SE-15,SE-16,2026-08-01,0.11,0.0,-0.11
Negeri Sembilan,OTHER,SE-15,SE-16,2026-08-01,0.0,1.18,1.18
Negeri Sembilan,PH,SE-15,SE-16,2026-08-01,38.66,40.16,1.5
Pahang,IND,SE-14,SE-15,2022-12-07,0.19,0.23,0.04
Pahang,PN,SE-14,SE-15,2022-12-07,31.24,39.0,7.76
Pahang,BN,SE-14,SE-15,2022-12-07,41.64,38.47,-3.17
Pahang,OTHER,SE-14,SE-15,2022-12-07,0.03,0.6,0.57
Pahang,PH,SE-14,SE-15,2022-12-07,26.89,21.7,-5.19
Pulau Pinang,IND,SE-14,SE-15,2023-08-12,0.05,0.45,0.4
Pulau Pinang,PN,SE-14,SE-15,2023-08-12,11.88,32.65,20.76
Pulau Pinang,BN,SE-14,SE-15,2023-08-12,22.41,5.56,-16.85
Pulau Pinang,MUDA,SE-14,SE-15,2023-08-12,0.0,0.17,0.17
Pulau Pinang,OTHER,SE-14,SE-15,2023-08-12,0.61,0.25,-0.37
Pulau Pinang,PH,SE-14,SE-15,2023-08-12,65.05,60.92,-4.12
Sabah,WARISAN,SE-14,SE-15,2025-11-29,25.54,25.57,0.04
Sabah,GRS,SE-14,SE-15,2025-11-29,12.64,35.85,23.21
Sabah,IND,SE-14,SE-15,2025-11-29,4.98,7.53,2.55
Sabah,PN,SE-14,SE-15,2025-11-29,11.81,3.68,-8.13
Sabah,BN,SE-14,SE-15,2025-11-29,19.28,12.81,-6.47
Sabah,OTHER,SE-14,SE-15,2025-11-29,7.87,3.04,-4.83
Sabah,PH,SE-14,SE-15,2025-11-29,17.88,6.73,-11.16
Sabah,KDM,SE-14,SE-15,2025-11-29,0.0,4.79,4.79
Selangor,IND,SE-14,SE-15,2023-08-12,0.09,0.26,0.17
Selangor,PN,SE-14,SE-15,2023-08-12,19.73,37.8,18.07
Selangor,BN,SE-14,SE-15,2023-08-12,21.92,9.18,-12.73
Selangor,MUDA,SE-14,SE-15,2023-08-12,0.0,1.04,1.04
Selangor,OTHER,SE-14,SE-15,2023-08-12,0.51,0.36,-0.14
Selangor,PH,SE-14,SE-15,2023-08-12,57.75,51.36,-6.39
Terengganu,IND,SE-14,SE-15,2023-08-12,0.0,0.03,0.03
Terengganu,BN,SE-14,SE-15,2023-08-12,42.16,28.66,-13.5
Terengganu,PN,SE-14,SE-15,2023-08-12,52.4,68.48,16.08
Terengganu,MUDA,SE-14,SE-15,2023-08-12,0.0,0.05,0.05
Terengganu,PH,SE-14,SE-15,2023-08-12,5.44,2.78,-2.66
