parliament,state,bloc,state_swing_pp,parl_total_votes,bloc_est_votes,bloc_vote_share,state_bloc_vote_share,modulation_factor,boundary_swing_pp,latest_date
P004,Kedah,IND,0.87,46546,0,0.0,0.0,0.7,0.61,2023-08-12
P004,Kedah,PN,22.99,46546,18618,0.4,0.6509,0.884,20.33,2023-08-12
P004,Kedah,BN,-19.63,46546,26576,0.571,0.0,0.7,-13.74,2023-08-12
P004,Kedah,OTHER,-0.01,46546,0,0.0,0.0,1.3,-0.01,2023-08-12
P004,Kedah,PH,-4.22,46546,1351,0.029,0.0472,1.116,-4.71,2023-08-12
P005,Kedah,IND,0.87,44788,0,0.0,0.0,0.7,0.61,2023-08-12
P005,Kedah,PN,22.99,44788,17144,0.3828,0.6509,0.876,20.15,2023-08-12
P005,Kedah,BN,-19.63,44788,26399,0.5894,0.0,0.7,-13.74,2023-08-12
P005,Kedah,OTHER,-0.01,44788,0,0.0,0.0,1.3,-0.01,2023-08-12
P005,Kedah,PH,-4.22,44788,1244,0.0278,0.0472,1.124,-4.74,2023-08-12
P006,Kedah,IND,0.87,30777,0,0.0,0.0,0.7,0.61,2023-08-12
P006,Kedah,PN,22.99,30777,11512,0.3741,0.6509,0.872,20.06,2023-08-12
P006,Kedah,BN,-19.63,30777,18429,0.5988,0.0,0.7,-13.74,2023-08-12
P006,Kedah,OTHER,-0.01,30777,0,0.0,0.0,1.3,-0.01,2023-08-12
P006,Kedah,PH,-4.22,30777,835,0.0272,0.0472,1.128,-4.76,2023-08-12
P007,Kedah,IND,0.87,51390,0,0.0,0.0,0.7,0.61,2023-08-12
P007,Kedah,PN,22.99,51390,19377,0.3771,0.6509,0.874,20.09,2023-08-12
P007,Kedah,BN,-19.63,51390,30606,0.5956,0.0,0.7,-13.74,2023-08-12
P007,Kedah,OTHER,-0.01,51390,0,0.0,0.0,1.3,-0.01,2023-08-12
P007,Kedah,PH,-4.22,51390,1406,0.0274,0.0472,1.126,-4.75,2023-08-12
P008,Kedah,IND,0.87,75522,0,0.0,0.0,0.7,0.61,2023-08-12
P008,Kedah,PN,22.99,75522,28782,0.3811,0.6509,0.876,20.13,2023-08-12
P008,Kedah,BN,-19.63,75522,44650,0.5912,0.0,0.7,-13.74,2023-08-12
P008,Kedah,OTHER,-0.01,75522,0,0.0,0.0,1.3,-0.01,2023-08-12
P008,Kedah,PH,-4.22,75522,2089,0.0277,0.0472,1.124,-4.74,2023-08-12
P009,Kedah,IND,0.87,68383,0,0.0,0.0,0.7,0.61,2023-08-12
P009,Kedah,PN,22.99,68383,32716,0.4784,0.6509,0.92,21.16,2023-08-12
P009,Kedah,BN,-19.63,68383,9174,0.1342,0.0,0.7,-13.74,2023-08-12
P009,Kedah,OTHER,-0.01,68383,0,0.0,0.0,1.3,-0.01,2023-08-12
P009,Kedah,PH,-4.22,68383,26492,0.3874,0.0472,0.6,-2.53,2023-08-12
P010,Kedah,IND,0.87,84675,0,0.0,0.0,0.7,0.61,2023-08-12
P010,Kedah,PN,22.99,84675,34487,0.4073,0.6509,0.888,20.41,2023-08-12
P010,Kedah,BN,-19.63,84675,47684,0.5631,0.0,0.7,-13.74,2023-08-12
P010,Kedah,OTHER,-0.01,84675,0,0.0,0.0,1.3,-0.01,2023-08-12
P010,Kedah,PH,-4.22,84675,2503,0.0296,0.0472,1.112,-4.69,2023-08-12
P011,Kedah,IND,0.87,49247,0,0.0,0.0,0.7,0.61,2023-08-12
P011,Kedah,PN,22.99,49247,14476,0.294,0.6509,0.835,19.21,2023-08-12
P011,Kedah,BN,-19.63,49247,33720,0.6847,0.0,0.7,-13.74,2023-08-12
P011,Kedah,OTHER,-0.01,49247,0,0.0,0.0,1.3,-0.01,2023-08-12
P011,Kedah,PH,-4.22,49247,1050,0.0213,0.0472,1.165,-4.91,2023-08-12
P012,Kedah,IND,0.87,82529,0,0.0,0.0,0.7,0.61,2023-08-12
P012,Kedah,PN,22.99,82529,23996,0.2908,0.6509,0.834,19.17,2023-08-12
P012,Kedah,BN,-19.63,82529,56791,0.6881,0.0,0.7,-13.74,2023-08-12
P012,Kedah,OTHER,-0.01,82529,0,0.0,0.0,1.3,-0.01,2023-08-12
P012,Kedah,PH,-4.22,82529,1741,0.0211,0.0472,1.166,-4.92,2023-08-12
P013,Kedah,IND,0.87,72643,0,0.0,0.0,0.7,0.61,2023-08-12
P013,Kedah,PN,22.99,72643,30583,0.421,0.6509,0.894,20.55,2023-08-12
P013,Kedah,BN,-19.63,72643,16797,0.2312,0.0,0.7,-13.74,2023-08-12
P013,Kedah,OTHER,-0.01,72643,0,0.0,0.0,1.3,-0.01,2023-08-12
P013,Kedah,PH,-4.22,72643,25262,0.3478,0.0472,0.6,-2.53,2023-08-12
P014,Kedah,IND,0.87,45963,0,0.0,0.0,0.7,0.61,2023-08-12
P014,Kedah,PN,22.99,45963,10027,0.2182,0.6509,0.801,18.4,2023-08-12
P014,Kedah,BN,-19.63,45963,35208,0.766,0.0,0.7,-13.74,2023-08-12
P014,Kedah,OTHER,-0.01,45963,0,0.0,0.0,1.3,-0.01,2023-08-12
P014,Kedah,PH,-4.22,45963,727,0.0158,0.0472,1.199,-5.06,2023-08-12
P015,Kedah,IND,0.87,106259,0,0.0,0.0,0.7,0.61,2023-08-12
P015,Kedah,PN,22.99,106259,39095,0.3679,0.6509,0.87,19.99,2023-08-12
P015,Kedah,BN,-19.63,106259,41977,0.395,0.0,0.7,-13.74,2023-08-12
P015,Kedah,OTHER,-0.01,106259,0,0.0,0.0,1.3,-0.01,2023-08-12
P015,Kedah,PH,-4.22,106259,25186,0.237,0.0472,0.6,-2.53,2023-08-12
P016,Kedah,IND,0.87,56558,0,0.0,0.0,0.7,0.61,2023-08-12
P016,Kedah,PN,22.99,56558,19203,0.3395,0.6509,0.856,19.69,2023-08-12
P016,Kedah,BN,-19.63,56558,35961,0.6358,0.0,0.7,-13.74,2023-08-12
P016,Kedah,OTHER,-0.01,56558,0,0.0,0.0,1.3,-0.01,2023-08-12
P016,Kedah,PH,-4.22,56558,1393,0.0246,0.0472,1.144,-4.83,2023-08-12
P017,Kedah,IND,0.87,55518,0,0.0,0.0,0.7,0.61,2023-08-12
P017,Kedah,PN,22.99,55518,12609,0.2271,0.6509,0.805,18.5,2023-08-12
P017,Kedah,BN,-19.63,55518,41993,0.7564,0.0,0.7,-13.74,2023-08-12
P017,Kedah,OTHER,-0.01,55518,0,0.0,0.0,1.3,-0.01,2023-08-12
P017,Kedah,PH,-4.22,55518,915,0.0165,0.0472,1.195,-5.04,2023-08-12
P018,Kedah,IND,0.87,43329,0,0.0,0.0,0.7,0.61,2023-08-12
P018,Kedah,PN,22.99,43329,8025,0.1852,0.6509,0.785,18.06,2023-08-12
P018,Kedah,BN,-19.63,43329,34721,0.8013,0.0,0.7,-13.74,2023-08-12
P018,Kedah,OTHER,-0.01,43329,0,0.0,0.0,1.3,-0.01,2023-08-12
P018,Kedah,PH,-4.22,43329,582,0.0134,0.0472,1.215,-5.13,2023-08-12
P019,Kelantan,IND,-0.15,91334,0,0.0,0.0,1.3,-0.2,2023-08-12
P019,Kelantan,PN,15.29,91334,37720,0.413,0.6726,0.884,13.52,2023-08-12
P019,Kelantan,BN,-16.67,91334,52975,0.58,0.0126,0.6,-10.0,2023-08-12
P019,Kelantan,OTHER,0.01,91334,0,0.0,0.0,0.7,0.01,2023-08-12
P019,Kelantan,PH,1.51,91334,638,0.007,0.0114,0.884,1.34,2023-08-12
P020,Kelantan,IND,-0.15,57455,0,0.0,0.0,1.3,-0.2,2023-08-12
P020,Kelantan,PN,15.29,57455,22263,0.3875,0.6726,0.873,13.35,2023-08-12
P020,Kelantan,BN,-16.67,57455,34815,0.606,0.0126,0.6,-10.0,2023-08-12
P020,Kelantan,OTHER,0.01,57455,0,0.0,0.0,0.7,0.01,2023-08-12
P020,Kelantan,PH,1.51,57455,376,0.0066,0.0114,0.873,1.32,2023-08-12
P021,Kelantan,IND,-0.15,71558,0,0.0,0.0,1.3,-0.2,2023-08-12
P021,Kelantan,PN,15.29,71558,29403,0.4109,0.6726,0.883,13.51,2023-08-12
P021,Kelantan,BN,-16.67,71558,41657,0.5821,0.0126,0.6,-10.0,2023-08-12
P021,Kelantan,OTHER,0.01,71558,0,0.0,0.0,0.7,0.01,2023-08-12
P021,Kelantan,PH,1.51,71558,497,0.007,0.0114,0.883,1.33,2023-08-12
P022,Kelantan,IND,-0.15,79701,0,0.0,0.0,1.3,-0.2,2023-08-12
P022,Kelantan,PN,15.29,79701,35896,0.4504,0.6726,0.901,13.77,2023-08-12
P022,Kelantan,BN,-16.67,79701,17674,0.2218,0.0126,0.6,-10.0,2023-08-12
P022,Kelantan,OTHER,0.01,79701,0,0.0,0.0,0.7,0.01,2023-08-12
P022,Kelantan,PH,1.51,79701,26129,0.3278,0.0114,1.6,2.42,2023-08-12
P023,Kelantan,IND,-0.15,67378,0,0.0,0.0,1.3,-0.2,2023-08-12
P023,Kelantan,PN,15.29,67378,33165,0.4922,0.6726,0.92,14.06,2023-08-12
P023,Kelantan,BN,-16.67,67378,33652,0.4995,0.0126,0.6,-10.0,2023-08-12
P023,Kelantan,OTHER,0.01,67378,0,0.0,0.0,0.7,0.01,2023-08-12
P023,Kelantan,PH,1.51,67378,560,0.0083,0.0114,0.92,1.39,2023-08-12
P024,Kelantan,IND,-0.15,83902,0,0.0,0.0,1.3,-0.2,2023-08-12
P024,Kelantan,PN,15.29,83902,26527,0.3162,0.6726,0.841,12.86,2023-08-12
P024,Kelantan,BN,-16.67,83902,56926,0.6785,0.0126,0.6,-10.0,2023-08-12
P024,Kelantan,OTHER,0.01,83902,0,0.0,0.0,0.7,0.01,2023-08-12
P024,Kelantan,PH,1.51,83902,448,0.0053,0.0114,0.841,1.27,2023-08-12
P025,Kelantan,IND,-0.15,82529,0,0.0,0.0,1.3,-0.2,2023-08-12
P025,Kelantan,PN,15.29,82529,25309,0.3067,0.6726,0.837,12.79,2023-08-12
P025,Kelantan,BN,-16.67,82529,56791,0.6881,0.0126,0.6,-10.0,2023-08-12
P025,Kelantan,OTHER,0.01,82529,0,0.0,0.0,0.7,0.01,2023-08-12
P025,Kelantan,PH,1.51,82529,428,0.0052,0.0114,0.837,1.26,2023-08-12
P026,Kelantan,IND,-0.15,93217,0,0.0,0.0,1.3,-0.2,2023-08-12
P026,Kelantan,PN,15.29,93217,36419,0.3907,0.6726,0.874,13.37,2023-08-12
P026,Kelantan,BN,-16.67,93217,31998,0.3433,0.0126,0.6,-10.0,2023-08-12
P026,Kelantan,OTHER,0.01,93217,0,0.0,0.0,0.7,0.01,2023-08-12
P026,Kelantan,PH,1.51,93217,24799,0.266,0.0114,1.6,2.42,2023-08-12
P027,Kelantan,IND,-0.15,85951,0,0.0,0.0,1.3,-0.2,2023-08-12
P027,Kelantan,PN,15.29,85951,29684,0.3454,0.6726,0.854,13.06,2023-08-12
P027,Kelantan,BN,-16.67,85951,32320,0.376,0.0126,0.6,-10.0,2023-08-12
P027,Kelantan,OTHER,0.01,85951,0,0.0,0.0,0.7,0.01,2023-08-12
P027,Kelantan,PH,1.51,85951,23945,0.2786,0.0114,1.6,2.42,2023-08-12
P028,Kelantan,IND,-0.15,102255,0,0.0,0.0,1.3,-0.2,2023-08-12
P028,Kelantan,PN,15.29,102255,35298,0.3452,0.6726,0.854,13.06,2023-08-12
P028,Kelantan,BN,-16.67,102255,66359,0.649,0.0126,0.6,-10.0,2023-08-12
P028,Kelantan,OTHER,0.01,102255,0,0.0,0.0,0.7,0.01,2023-08-12
P028,Kelantan,PH,1.51,102255,597,0.0058,0.0114,0.854,1.29,2023-08-12
P029,Kelantan,IND,-0.15,76787,0,0.0,0.0,1.3,-0.2,2023-08-12
P029,Kelantan,PN,15.29,76787,18549,0.2416,0.6726,0.808,12.35,2023-08-12
P029,Kelantan,BN,-16.67,76787,57924,0.7543,0.0126,0.6,-10.0,2023-08-12
P029,Kelantan,OTHER,0.01,76787,0,0.0,0.0,0.7,0.01,2023-08-12
P029,Kelantan,PH,1.51,76787,313,0.0041,0.0114,0.808,1.22,2023-08-12
P030,Kelantan,IND,-0.15,69286,0,0.0,0.0,1.3,-0.2,2023-08-12
P030,Kelantan,PN,15.29,69286,12041,0.1738,0.6726,0.778,11.89,2023-08-12
P030,Kelantan,BN,-16.67,69286,57041,0.8233,0.0126,0.6,-10.0,2023-08-12
P030,Kelantan,OTHER,0.01,69286,0,0.0,0.0,0.7,0.01,2023-08-12
P030,Kelantan,PH,1.51,69286,203,0.0029,0.0114,0.778,1.17,2023-08-12
P031,Kelantan,IND,-0.15,255697,0,0.0,0.0,1.3,-0.2,2023-08-12
P031,Kelantan,PN,15.29,255697,108550,0.4245,0.6726,0.889,13.6,2023-08-12
P031,Kelantan,BN,-16.67,255697,104228,0.4076,0.0126,0.6,-10.0,2023-08-12
P031,Kelantan,OTHER,0.01,255697,0,0.0,0.0,0.7,0.01,2023-08-12
P031,Kelantan,PH,1.51,255697,42917,0.1678,0.0114,1.6,2.42,2023-08-12
P032,Kelantan,IND,-0.15,166488,0,0.0,0.0,1.3,-0.2,2023-08-12
P032,Kelantan,PN,15.29,166488,62676,0.3765,0.6726,0.868,13.27,2023-08-12
P032,Kelantan,BN,-16.67,166488,85515,0.5136,0.0126,0.6,-10.0,2023-08-12
P032,Kelantan,OTHER,0.01,166488,0,0.0,0.0,0.7,0.01,2023-08-12
P032,Kelantan,PH,1.51,166488,18295,0.1099,0.0114,1.6,2.42,2023-08-12
P033,Terengganu,IND,0.03,91334,0,0.0,0.0,0.7,0.02,2023-08-12
P033,Terengganu,BN,-13.5,91334,52975,0.58,0.0,0.7,-9.45,2023-08-12
P033,Terengganu,PN,16.08,91334,38359,0.42,0.6848,0.884,14.21,2023-08-12
P033,Terengganu,MUDA,0.05,91334,0,0.0,0.0,0.7,0.03,2023-08-12
P033,Terengganu,PH,-2.66,91334,0,0.0,0.0,1.3,-3.46,2023-08-12
P034,Terengganu,IND,0.03,82167,0,0.0,0.0,0.7,0.02,2023-08-12
P034,Terengganu,BN,-13.5,82167,49035,0.5968,0.0,0.7,-9.45,2023-08-12
P034,Terengganu,PN,16.08,82167,33132,0.4032,0.6848,0.877,14.1,2023-08-12
P034,Terengganu,MUDA,0.05,82167,0,0.0,0.0,0.7,0.03,2023-08-12
P034,Terengganu,PH,-2.66,82167,0,0.0,0.0,1.3,-3.46,2023-08-12
P035,Terengganu,IND,0.03,97244,0,0.0,0.0,0.7,0.02,2023-08-12
P035,Terengganu,BN,-13.5,97244,44650,0.4592,0.0,0.7,-9.45,2023-08-12
P035,Terengganu,PN,16.08,97244,38677,0.3977,0.6848,0.874,14.06,2023-08-12
P035,Terengganu,MUDA,0.05,97244,0,0.0,0.0,0.7,0.03,2023-08-12
P035,Terengganu,PH,-2.66,97244,13917,0.1431,0.0,0.7,-1.86,2023-08-12
P036,Terengganu,IND,0.03,96681,0,0.0,0.0,0.7,0.02,2023-08-12
P036,Terengganu,BN,-13.5,96681,33652,0.3481,0.0,0.7,-9.45,2023-08-12
P036,Terengganu,PN,16.08,96681,51007,0.5276,0.6848,0.931,14.97,2023-08-12
P036,Terengganu,MUDA,0.05,96681,0,0.0,0.0,0.7,0.03,2023-08-12
P036,Terengganu,PH,-2.66,96681,12022,0.1243,0.0,0.7,-1.86,2023-08-12
P037,Terengganu,IND,0.03,106176,0,0.0,0.0,0.7,0.02,2023-08-12
P037,Terengganu,BN,-13.5,106176,74300,0.6998,0.0,0.7,-9.45,2023-08-12
P037,Terengganu,PN,16.08,106176,31876,0.3002,0.6848,0.832,13.37,2023-08-12
P037,Terengganu,MUDA,0.05,106176,0,0.0,0.0,0.7,0.03,2023-08-12
P037,Terengganu,PH,-2.66,106176,0,0.0,0.0,1.3,-3.46,2023-08-12
P038,Terengganu,IND,0.03,132898,0,0.0,0.0,0.7,0.02,2023-08-12
P038,Terengganu,BN,-13.5,132898,56214,0.423,0.0,0.7,-9.45,2023-08-12
P038,Terengganu,PN,16.08,132898,52162,0.3925,0.6848,0.872,14.02,2023-08-12
P038,Terengganu,MUDA,0.05,132898,0,0.0,0.0,0.7,0.03,2023-08-12
P038,Terengganu,PH,-2.66,132898,24522,0.1845,0.0,0.7,-1.86,2023-08-12
P039,Terengganu,IND,0.03,106525,0,0.0,0.0,0.7,0.02,2023-08-12
P039,Terengganu,BN,-13.5,106525,46787,0.4392,0.0,0.7,-9.45,2023-08-12
P039,Terengganu,PN,16.08,106525,35970,0.3377,0.6848,0.848,13.63,2023-08-12
P039,Terengganu,MUDA,0.05,106525,0,0.0,0.0,0.7,0.03,2023-08-12
P039,Terengganu,PH,-2.66,106525,23768,0.2231,0.0,0.7,-1.86,2023-08-12
P040,Terengganu,IND,0.03,102255,0,0.0,0.0,0.7,0.02,2023-08-12
P040,Terengganu,BN,-13.5,102255,66359,0.649,0.0,0.7,-9.45,2023-08-12
P040,Terengganu,PN,16.08,102255,35896,0.351,0.6848,0.854,13.73,2023-08-12
P040,Terengganu,MUDA,0.05,102255,0,0.0,0.0,0.7,0.03,2023-08-12
P040,Terengganu,PH,-2.66,102255,0,0.0,0.0,1.3,-3.46,2023-08-12
P078,Pahang,IND,0.04,46546,0,0.0,0.0,0.7,0.03,2022-12-07
P078,Pahang,PN,7.76,46546,13106,0.2816,0.2231,1.079,8.37,2022-12-07
P078,Pahang,BN,-3.17,46546,26576,0.571,0.1715,0.6,-1.9,2022-12-07
P078,Pahang,OTHER,0.57,46546,0,0.0,0.0,0.7,0.4,2022-12-07
P078,Pahang,PH,-5.19,46546,6863,0.1474,0.1168,0.921,-4.78,2022-12-07
P079,Pahang,IND,0.04,59368,0,0.0,0.0,0.7,0.03,2022-12-07
P079,Pahang,PN,7.76,59368,16257,0.2738,0.2231,1.068,8.29,2022-12-07
P079,Pahang,BN,-3.17,59368,34598,0.5828,0.1715,0.6,-1.9,2022-12-07
P079,Pahang,OTHER,0.57,59368,0,0.0,0.0,0.7,0.4,2022-12-07
P079,Pahang,PH,-5.19,59368,8512,0.1434,0.1168,0.932,-4.84,2022-12-07
P080,Pahang,IND,0.04,67587,0,0.0,0.0,0.7,0.03,2022-12-07
P080,Pahang,PN,7.76,67587,17557,0.2598,0.2231,1.049,8.14,2022-12-07
P080,Pahang,BN,-3.17,67587,40836,0.6042,0.1715,0.6,-1.9,2022-12-07
P080,Pahang,OTHER,0.57,67587,0,0.0,0.0,0.7,0.4,2022-12-07
P080,Pahang,PH,-5.19,67587,9193,0.136,0.1168,0.951,-4.93,2022-12-07
P081,Pahang,IND,0.04,75522,0,0.0,0.0,0.7,0.03,2022-12-07
P081,Pahang,PN,7.76,75522,20262,0.2683,0.2231,1.061,8.23,2022-12-07
P081,Pahang,BN,-3.17,75522,44650,0.5912,0.1715,0.6,-1.9,2022-12-07
P081,Pahang,OTHER,0.57,75522,0,0.0,0.0,0.7,0.4,2022-12-07
P081,Pahang,PH,-5.19,75522,10609,0.1405,0.1168,0.939,-4.87,2022-12-07
P082,Pahang,IND,0.04,51025,0,0.0,0.0,0.7,0.03,2022-12-07
P082,Pahang,PN,7.76,51025,14184,0.278,0.2231,1.074,8.33,2022-12-07
P082,Pahang,BN,-3.17,51025,10901,0.2137,0.1715,0.926,-2.94,2022-12-07
P082,Pahang,OTHER,0.57,51025,0,0.0,0.0,0.7,0.4,2022-12-07
P082,Pahang,PH,-5.19,51025,25939,0.5084,0.1168,0.6,-3.11,2022-12-07
P083,Pahang,IND,0.04,67378,0,0.0,0.0,0.7,0.03,2022-12-07
P083,Pahang,PN,7.76,67378,22135,0.3285,0.2231,1.142,8.86,2022-12-07
P083,Pahang,BN,-3.17,67378,33652,0.4995,0.1715,0.6,-1.9,2022-12-07
P083,Pahang,OTHER,0.57,67378,0,0.0,0.0,0.7,0.4,2022-12-07
P083,Pahang,PH,-5.19,67378,11590,0.172,0.1168,0.858,-4.45,2022-12-07
P084,Pahang,IND,0.04,83902,0,0.0,0.0,0.7,0.03,2022-12-07
P084,Pahang,PN,7.76,83902,17705,0.211,0.2231,0.984,7.63,2022-12-07
P084,Pahang,BN,-3.17,83902,56926,0.6785,0.1715,0.6,-1.9,2022-12-07
P084,Pahang,OTHER,0.57,83902,0,0.0,0.0,0.7,0.4,2022-12-07
P084,Pahang,PH,-5.19,83902,9270,0.1105,0.1168,1.016,-5.27,2022-12-07
P085,Pahang,IND,0.04,127436,0,0.0,0.0,0.7,0.03,2022-12-07
P085,Pahang,PN,7.76,127436,28418,0.223,0.2231,1.0,7.76,2022-12-07
P085,Pahang,BN,-3.17,127436,65649,0.5152,0.1715,0.6,-1.9,2022-12-07
P085,Pahang,OTHER,0.57,127436,0,0.0,0.0,0.7,0.4,2022-12-07
P085,Pahang,PH,-5.19,127436,33367,0.2618,0.1168,0.628,-3.26,2022-12-07
P086,Pahang,IND,0.04,73699,0,0.0,0.0,0.7,0.03,2022-12-07
P086,Pahang,PN,7.76,73699,14238,0.1932,0.2231,0.96,7.45,2022-12-07
P086,Pahang,BN,-3.17,73699,52005,0.7056,0.1715,0.6,-1.9,2022-12-07
P086,Pahang,OTHER,0.57,73699,0,0.0,0.0,0.7,0.4,2022-12-07
P086,Pahang,PH,-5.19,73699,7455,0.1012,0.1168,1.04,-5.4,2022-12-07
P087,Pahang,IND,0.04,106259,0,0.0,0.0,0.7,0.03,2022-12-07
P087,Pahang,PN,7.76,106259,24812,0.2335,0.2231,1.014,7.87,2022-12-07
P087,Pahang,BN,-3.17,106259,50475,0.475,0.1715,0.6,-1.9,2022-12-07
P087,Pahang,OTHER,0.57,106259,0,0.0,0.0,0.7,0.4,2022-12-07
P087,Pahang,PH,-5.19,106259,30970,0.2915,0.1168,0.6,-3.11,2022-12-07
P088,Pahang,IND,0.04,56558,0,0.0,0.0,0.7,0.03,2022-12-07
P088,Pahang,PN,7.76,56558,13518,0.239,0.2231,1.021,7.93,2022-12-07
P088,Pahang,BN,-3.17,56558,35961,0.6358,0.1715,0.6,-1.9,2022-12-07
P088,Pahang,OTHER,0.57,56558,0,0.0,0.0,0.7,0.4,2022-12-07
P088,Pahang,PH,-5.19,56558,7078,0.1252,0.1168,0.979,-5.08,2022-12-07
P089,Pahang,IND,0.04,98847,0,0.0,0.0,0.7,0.03,2022-12-07
P089,Pahang,PN,7.76,98847,14526,0.147,0.2231,0.898,6.97,2022-12-07
P089,Pahang,BN,-3.17,98847,76714,0.7761,0.1715,0.6,-1.9,2022-12-07
P089,Pahang,OTHER,0.57,98847,0,0.0,0.0,0.7,0.4,2022-12-07
P089,Pahang,PH,-5.19,98847,7606,0.077,0.1168,1.102,-5.72,2022-12-07
P090,Pahang,IND,0.04,66530,0,0.0,0.0,0.7,0.03,2022-12-07
P090,Pahang,PN,7.76,66530,7092,0.1066,0.2231,0.843,6.54,2022-12-07
P090,Pahang,BN,-3.17,66530,55724,0.8376,0.1715,0.6,-1.9,2022-12-07
P090,Pahang,OTHER,0.57,66530,0,0.0,0.0,0.7,0.4,2022-12-07
P090,Pahang,PH,-5.19,66530,3713,0.0558,0.1168,1.157,-6.0,2022-12-07
P091,Pahang,IND,0.04,236393,0,0.0,0.0,0.7,0.03,2022-12-07
P091,Pahang,PN,7.76,236393,67253,0.2845,0.2231,1.082,8.4,2022-12-07
P091,Pahang,BN,-3.17,236393,105284,0.4454,0.1715,0.6,-1.9,2022-12-07
P091,Pahang,OTHER,0.57,236393,0,0.0,0.0,0.7,0.4,2022-12-07
P091,Pahang,PH,-5.19,236393,63854,0.2701,0.1168,0.606,-3.15,2022-12-07
P092,Selangor,IND,0.17,46546,0,0.0,0.0,0.7,0.12,2023-08-12
P092,Selangor,PN,18.07,46546,6187,0.1329,0.1927,0.907,16.39,2023-08-12
P092,Selangor,BN,-12.73,46546,26576,0.571,0.0129,0.6,-7.64,2023-08-12
P092,Selangor,MUDA,1.04,46546,0,0.0,0.0,0.7,0.73,2023-08-12
P092,Selangor,OTHER,-0.14,46546,0,0.0,0.0,1.3,-0.18,2023-08-12
P092,Selangor,PH,-6.39,46546,13782,0.2961,0.4293,1.093,-6.98,2023-08-12
P093,Selangor,IND,0.17,44788,0,0.0,0.0,0.7,0.12,2023-08-12
P093,Selangor,PN,18.07,44788,5697,0.1272,0.1927,0.898,16.23,2023-08-12
P093,Selangor,BN,-12.73,44788,26399,0.5894,0.0129,0.6,-7.64,2023-08-12
P093,Selangor,MUDA,1.04,44788,0,0.0,0.0,0.7,0.73,2023-08-12
P093,Selangor,OTHER,-0.14,44788,0,0.0,0.0,1.3,-0.18,2023-08-12
P093,Selangor,PH,-6.39,44788,12691,0.2834,0.4293,1.102,-7.04,2023-08-12
P094,Selangor,IND,0.17,57455,0,0.0,0.0,0.7,0.12,2023-08-12
P094,Selangor,PN,18.07,57455,7014,0.1221,0.1927,0.89,16.08,2023-08-12
P094,Selangor,BN,-12.73,57455,34815,0.606,0.0129,0.6,-7.64,2023-08-12
P094,Selangor,MUDA,1.04,57455,0,0.0,0.0,0.7,0.73,2023-08-12
P094,Selangor,OTHER,-0.14,57455,0,0.0,0.0,1.3,-0.18,2023-08-12
P094,Selangor,PH,-6.39,57455,15625,0.272,0.4293,1.11,-7.09,2023-08-12
P095,Selangor,IND,0.17,46720,0,0.0,0.0,0.7,0.12,2023-08-12
P095,Selangor,PN,18.07,46720,5909,0.1265,0.1927,0.897,16.21,2023-08-12
P095,Selangor,BN,-12.73,46720,27647,0.5918,0.0129,0.6,-7.64,2023-08-12
P095,Selangor,MUDA,1.04,46720,0,0.0,0.0,0.7,0.73,2023-08-12
P095,Selangor,OTHER,-0.14,46720,0,0.0,0.0,1.3,-0.18,2023-08-12
P095,Selangor,PH,-6.39,46720,13163,0.2818,0.4293,1.103,-7.05,2023-08-12
P096,Selangor,IND,0.17,75236,0,0.0,0.0,0.7,0.12,2023-08-12
P096,Selangor,PN,18.07,75236,14220,0.189,0.1927,0.994,17.97,2023-08-12
P096,Selangor,BN,-12.73,75236,31713,0.4215,0.0129,0.6,-7.64,2023-08-12
P096,Selangor,MUDA,1.04,75236,0,0.0,0.0,0.7,0.73,2023-08-12
P096,Selangor,OTHER,-0.14,75236,0,0.0,0.0,1.3,-0.18,2023-08-12
P096,Selangor,PH,-6.39,75236,29301,0.3895,0.4293,1.028,-6.57,2023-08-12
P097,Selangor,IND,0.17,73811,0,0.0,0.0,0.7,0.12,2023-08-12
P097,Selangor,PN,18.07,73811,23867,0.3234,0.1927,1.203,21.75,2023-08-12
P097,Selangor,BN,-12.73,73811,20830,0.2822,0.0129,0.6,-7.64,2023-08-12
P097,Selangor,MUDA,1.04,73811,0,0.0,0.0,0.7,0.73,2023-08-12
P097,Selangor,OTHER,-0.14,73811,0,0.0,0.0,1.3,-0.18,2023-08-12
P097,Selangor,PH,-6.39,73811,29113,0.3944,0.4293,1.024,-6.55,2023-08-12
P098,Selangor,IND,0.17,84115,0,0.0,0.0,0.7,0.12,2023-08-12
P098,Selangor,PN,18.07,84115,8337,0.0991,0.1927,0.854,15.44,2023-08-12
P098,Selangor,BN,-12.73,84115,57204,0.6801,0.0129,0.6,-7.64,2023-08-12
P098,Selangor,MUDA,1.04,84115,0,0.0,0.0,0.7,0.73,2023-08-12
P098,Selangor,OTHER,-0.14,84115,0,0.0,0.0,1.3,-0.18,2023-08-12
P098,Selangor,PH,-6.39,84115,18573,0.2208,0.4293,1.146,-7.32,2023-08-12
P099,Selangor,IND,0.17,44931,0,0.0,0.0,0.7,0.12,2023-08-12
P099,Selangor,PN,18.07,44931,4314,0.096,0.1927,0.85,15.35,2023-08-12
P099,Selangor,BN,-12.73,44931,31004,0.69,0.0129,0.6,-7.64,2023-08-12
P099,Selangor,MUDA,1.04,44931,0,0.0,0.0,0.7,0.73,2023-08-12
P099,Selangor,OTHER,-0.14,44931,0,0.0,0.0,1.3,-0.18,2023-08-12
P099,Selangor,PH,-6.39,44931,9612,0.2139,0.4293,1.15,-7.35,2023-08-12
P100,Selangor,IND,0.17,60255,0,0.0,0.0,0.7,0.12,2023-08-12
P100,Selangor,PN,18.07,60255,6456,0.1071,0.1927,0.867,15.66,2023-08-12
P100,Selangor,BN,-12.73,60255,39417,0.6542,0.0129,0.6,-7.64,2023-08-12
P100,Selangor,MUDA,1.04,60255,0,0.0,0.0,0.7,0.73,2023-08-12
P100,Selangor,OTHER,-0.14,60255,0,0.0,0.0,1.3,-0.18,2023-08-12
P100,Selangor,PH,-6.39,60255,14381,0.2387,0.4293,1.133,-7.24,2023-08-12
P101,Selangor,IND,0.17,72643,0,0.0,0.0,0.7,0.12,2023-08-12
P101,Selangor,PN,18.07,72643,22492,0.3096,0.1927,1.182,21.36,2023-08-12
P101,Selangor,BN,-12.73,72643,18078,0.2489,0.0129,0.6,-7.64,2023-08-12
P101,Selangor,MUDA,1.04,72643,0,0.0,0.0,0.7,0.73,2023-08-12
P101,Selangor,OTHER,-0.14,72643,0,0.0,0.0,1.3,-0.18,2023-08-12
P101,Selangor,PH,-6.39,72643,32071,0.4415,0.4293,0.991,-6.34,2023-08-12
P102,Selangor,IND,0.17,63202,0,0.0,0.0,0.7,0.12,2023-08-12
P102,Selangor,PN,18.07,63202,5085,0.0805,0.1927,0.825,14.91,2023-08-12
P102,Selangor,BN,-12.73,63202,46787,0.7403,0.0129,0.6,-7.64,2023-08-12
P102,Selangor,MUDA,1.04,63202,0,0.0,0.0,0.7,0.73,2023-08-12
P102,Selangor,OTHER,-0.14,63202,0,0.0,0.0,1.3,-0.18,2023-08-12
P102,Selangor,PH,-6.39,63202,11329,0.1793,0.4293,1.175,-7.51,2023-08-12
P103,Selangor,IND,0.17,89020,0,0.0,0.0,0.7,0.12,2023-08-12
P103,Selangor,PN,18.07,89020,23065,0.2591,0.1927,1.103,19.94,2023-08-12
P103,Selangor,BN,-12.73,89020,31627,0.3553,0.0129,0.6,-7.64,2023-08-12
P103,Selangor,MUDA,1.04,89020,0,0.0,0.0,0.7,0.73,2023-08-12
P103,Selangor,OTHER,-0.14,89020,0,0.0,0.0,1.3,-0.18,2023-08-12
P103,Selangor,PH,-6.39,89020,34327,0.3856,0.4293,1.031,-6.58,2023-08-12
P104,Selangor,IND,0.17,38099,0,0.0,0.0,0.7,0.12,2023-08-12
P104,Selangor,PN,18.07,38099,3614,0.0949,0.1927,0.848,15.32,2023-08-12
P104,Selangor,BN,-12.73,38099,26432,0.6938,0.0129,0.6,-7.64,2023-08-12
P104,Selangor,MUDA,1.04,38099,0,0.0,0.0,0.7,0.73,2023-08-12
P104,Selangor,OTHER,-0.14,38099,0,0.0,0.0,1.3,-0.18,2023-08-12
P104,Selangor,PH,-6.39,38099,8052,0.2114,0.4293,1.152,-7.36,2023-08-12
P105,Selangor,IND,0.17,73977,0,0.0,0.0,0.7,0.12,2023-08-12
P105,Selangor,PN,18.07,73977,6956,0.094,0.1927,0.846,15.29,2023-08-12
P105,Selangor,BN,-12.73,73977,51522,0.6965,0.0129,0.6,-7.64,2023-08-12
P105,Selangor,MUDA,1.04,73977,0,0.0,0.0,0.7,0.73,2023-08-12
P105,Selangor,OTHER,-0.14,73977,0,0.0,0.0,1.3,-0.18,2023-08-12
P105,Selangor,PH,-6.39,73977,15498,0.2095,0.4293,1.154,-7.37,2023-08-12
P106,Selangor,IND,0.17,67158,0,0.0,0.0,0.7,0.12,2023-08-12
P106,Selangor,PN,18.07,67158,4151,0.0618,0.1927,0.796,14.39,2023-08-12
P106,Selangor,BN,-12.73,67158,53759,0.8005,0.0129,0.6,-7.64,2023-08-12
P106,Selangor,MUDA,1.04,67158,0,0.0,0.0,0.7,0.73,2023-08-12
P106,Selangor,OTHER,-0.14,67158,0,0.0,0.0,1.3,-0.18,2023-08-12
P106,Selangor,PH,-6.39,67158,9247,0.1377,0.4293,1.204,-7.69,2023-08-12
P107,Selangor,IND,0.17,42701,0,0.0,0.0,0.7,0.12,2023-08-12
P107,Selangor,PN,18.07,42701,1863,0.0436,0.1927,0.768,13.88,2023-08-12
P107,Selangor,BN,-12.73,42701,36686,0.8591,0.0129,0.6,-7.64,2023-08-12
P107,Selangor,MUDA,1.04,42701,0,0.0,0.0,0.7,0.73,2023-08-12
P107,Selangor,OTHER,-0.14,42701,0,0.0,0.0,1.3,-0.18,2023-08-12
P107,Selangor,PH,-6.39,42701,4151,0.0972,0.4293,1.232,-7.87,2023-08-12
P108,Selangor,IND,0.17,169473,0,0.0,0.0,0.7,0.12,2023-08-12
P108,Selangor,PN,18.07,169473,51999,0.3068,0.1927,1.178,21.28,2023-08-12
P108,Selangor,BN,-12.73,169473,52763,0.3113,0.0129,0.6,-7.64,2023-08-12
P108,Selangor,MUDA,1.04,169473,0,0.0,0.0,0.7,0.73,2023-08-12
P108,Selangor,OTHER,-0.14,169473,0,0.0,0.0,1.3,-0.18,2023-08-12
P108,Selangor,PH,-6.39,169473,64710,0.3818,0.4293,1.033,-6.6,2023-08-12
P109,Selangor,IND,0.17,196301,0,0.0,0.0,0.7,0.12,2023-08-12
P109,Selangor,PN,18.07,196301,23290,0.1186,0.1927,0.885,15.99,2023-08-12
P109,Selangor,BN,-12.73,196301,121127,0.617,0.0129,0.6,-7.64,2023-08-12
P109,Selangor,MUDA,1.04,196301,0,0.0,0.0,0.7,0.73,2023-08-12
P109,Selangor,OTHER,-0.14,196301,0,0.0,0.0,1.3,-0.18,2023-08-12
P109,Selangor,PH,-6.39,196301,51883,0.2643,0.4293,1.115,-7.13,2023-08-12
P110,Selangor,IND,0.17,148584,0,0.0,0.0,0.7,0.12,2023-08-12
P110,Selangor,PN,18.07,148584,33766,0.2273,0.1927,1.054,19.04,2023-08-12
P110,Selangor,BN,-12.73,148584,62842,0.4229,0.0129,0.6,-7.64,2023-08-12
P110,Selangor,MUDA,1.04,148584,0,0.0,0.0,0.7,0.73,2023-08-12
P110,Selangor,OTHER,-0.14,148584,0,0.0,0.0,1.3,-0.18,2023-08-12
P110,Selangor,PH,-6.39,148584,51974,0.3498,0.4293,1.056,-6.74,2023-08-12
P111,Selangor,IND,0.17,190867,0,0.0,0.0,0.7,0.12,2023-08-12
P111,Selangor,PN,18.07,190867,41184,0.2158,0.1927,1.036,18.72,2023-08-12
P111,Selangor,BN,-12.73,190867,76520,0.4009,0.0129,0.6,-7.64,2023-08-12
P111,Selangor,MUDA,1.04,190867,0,0.0,0.0,0.7,0.73,2023-08-12
P111,Selangor,OTHER,-0.14,190867,0,0.0,0.0,1.3,-0.18,2023-08-12
P111,Selangor,PH,-6.39,190867,73162,0.3833,0.4293,1.032,-6.6,2023-08-12
P112,Selangor,IND,0.17,102809,0,0.0,0.0,0.7,0.12,2023-08-12
P112,Selangor,PN,18.07,102809,27305,0.2656,0.1927,1.114,20.12,2023-08-12
P112,Selangor,BN,-12.73,102809,36779,0.3577,0.0129,0.6,-7.64,2023-08-12
P112,Selangor,MUDA,1.04,102809,0,0.0,0.0,0.7,0.73,2023-08-12
P112,Selangor,OTHER,-0.14,102809,0,0.0,0.0,1.3,-0.18,2023-08-12
P112,Selangor,PH,-6.39,102809,38723,0.3767,0.4293,1.037,-6.62,2023-08-12
P113,Selangor,IND,0.17,86227,0,0.0,0.0,0.7,0.12,2023-08-12
P113,Selangor,PN,18.07,86227,7590,0.088,0.1927,0.837,15.13,2023-08-12
P113,Selangor,BN,-12.73,86227,61726,0.7159,0.0129,0.6,-7.64,2023-08-12
P113,Selangor,MUDA,1.04,86227,0,0.0,0.0,0.7,0.73,2023-08-12
P113,Selangor,OTHER,-0.14,86227,0,0.0,0.0,1.3,-0.18,2023-08-12
P113,Selangor,PH,-6.39,86227,16910,0.1961,0.4293,1.163,-7.43,2023-08-12
P126,Negeri Sembilan,IND,-1.13,91334,0,0.0,0.0,1.3,-1.47,2026-08-01
P126,Negeri Sembilan,BN,14.3,91334,52975,0.58,0.2887,1.303,18.63,2026-08-01
P126,Negeri Sembilan,PN,-15.74,91334,17460,0.1912,0.1718,0.966,-15.21,2026-08-01
P126,Negeri Sembilan,MUDA,-0.11,91334,0,0.0,0.0,1.3,-0.14,2026-08-01
P126,Negeri Sembilan,OTHER,1.18,91334,0,0.0,0.0,0.7,0.83,2026-08-01
P126,Negeri Sembilan,PH,1.5,91334,20898,0.2288,0.2056,1.034,1.55,2026-08-01
P127,Negeri Sembilan,IND,-1.13,82167,0,0.0,0.0,1.3,-1.47,2026-08-01
P127,Negeri Sembilan,BN,14.3,82167,49035,0.5968,0.2887,1.32,18.88,2026-08-01
P127,Negeri Sembilan,PN,-15.74,82167,15081,0.1835,0.1718,0.979,-15.42,2026-08-01
P127,Negeri Sembilan,MUDA,-0.11,82167,0,0.0,0.0,1.3,-0.14,2026-08-01
P127,Negeri Sembilan,OTHER,1.18,82167,0,0.0,0.0,0.7,0.83,2026-08-01
P127,Negeri Sembilan,PH,1.5,82167,18050,0.2197,0.2056,1.021,1.53,2026-08-01
P128,Negeri Sembilan,IND,-1.13,143905,0,0.0,0.0,1.3,-1.47,2026-08-01
P128,Negeri Sembilan,BN,14.3,143905,69551,0.4833,0.2887,1.202,17.19,2026-08-01
P128,Negeri Sembilan,PN,-15.74,143905,27136,0.1886,0.1718,0.971,-15.28,2026-08-01
P128,Negeri Sembilan,MUDA,-0.11,143905,0,0.0,0.0,1.3,-0.14,2026-08-01
P128,Negeri Sembilan,OTHER,1.18,143905,0,0.0,0.0,0.7,0.83,2026-08-01
P128,Negeri Sembilan,PH,1.5,143905,47217,0.3281,0.2056,1.179,1.77,2026-08-01
P129,Negeri Sembilan,IND,-1.13,133922,0,0.0,0.0,1.3,-1.47,2026-08-01
P129,Negeri Sembilan,BN,14.3,133922,81404,0.6078,0.2887,1.332,19.04,2026-08-01
P129,Negeri Sembilan,PN,-15.74,133922,23905,0.1785,0.1718,0.988,-15.56,2026-08-01
P129,Negeri Sembilan,MUDA,-0.11,133922,0,0.0,0.0,1.3,-0.14,2026-08-01
P129,Negeri Sembilan,OTHER,1.18,133922,0,0.0,0.0,0.7,0.83,2026-08-01
P129,Negeri Sembilan,PH,1.5,133922,28612,0.2136,0.2056,1.012,1.52,2026-08-01
P130,Negeri Sembilan,IND,-1.13,155172,0,0.0,0.0,1.3,-1.47,2026-08-01
P130,Negeri Sembilan,BN,14.3,155172,86368,0.5566,0.2887,1.278,18.28,2026-08-01
P130,Negeri Sembilan,PN,-15.74,155172,24299,0.1566,0.1718,1.027,-16.16,2026-08-01
P130,Negeri Sembilan,MUDA,-0.11,155172,0,0.0,0.0,1.3,-0.14,2026-08-01
P130,Negeri Sembilan,OTHER,1.18,155172,0,0.0,0.0,0.7,0.83,2026-08-01
P130,Negeri Sembilan,PH,1.5,155172,44503,0.2868,0.2056,1.118,1.68,2026-08-01
P131,Negeri Sembilan,IND,-1.13,106525,0,0.0,0.0,1.3,-1.47,2026-08-01
P131,Negeri Sembilan,BN,14.3,106525,59047,0.5543,0.2887,1.276,18.25,2026-08-01
P131,Negeri Sembilan,PN,-15.74,106525,14766,0.1386,0.1718,1.058,-16.65,2026-08-01
P131,Negeri Sembilan,MUDA,-0.11,106525,0,0.0,0.0,1.3,-0.14,2026-08-01
P131,Negeri Sembilan,OTHER,1.18,106525,0,0.0,0.0,0.7,0.83,2026-08-01
P131,Negeri Sembilan,PH,1.5,106525,32711,0.3071,0.2056,1.148,1.72,2026-08-01
P132,Negeri Sembilan,IND,-1.13,127960,0,0.0,0.0,1.3,-1.47,2026-08-01
P132,Negeri Sembilan,BN,14.3,127960,85529,0.6684,0.2887,1.395,19.94,2026-08-01
P132,Negeri Sembilan,PN,-15.74,127960,19314,0.1509,0.1718,1.036,-16.31,2026-08-01
P132,Negeri Sembilan,MUDA,-0.11,127960,0,0.0,0.0,1.3,-0.14,2026-08-01
P132,Negeri Sembilan,OTHER,1.18,127960,0,0.0,0.0,0.7,0.83,2026-08-01
P132,Negeri Sembilan,PH,1.5,127960,23116,0.1807,0.2056,0.964,1.45,2026-08-01
P133,Negeri Sembilan,IND,-1.13,73142,0,0.0,0.0,1.3,-1.47,2026-08-01
P133,Negeri Sembilan,BN,14.3,73142,57544,0.7867,0.2887,1.518,21.7,2026-08-01
P133,Negeri Sembilan,PN,-15.74,73142,7100,0.0971,0.1718,1.13,-17.79,2026-08-01
P133,Negeri Sembilan,MUDA,-0.11,73142,0,0.0,0.0,1.3,-0.14,2026-08-01
P133,Negeri Sembilan,OTHER,1.18,73142,0,0.0,0.0,0.7,0.83,2026-08-01
P133,Negeri Sembilan,PH,1.5,73142,8497,0.1162,0.2056,0.87,1.3,2026-08-01
P140,Johor,WARISAN,-0.47,46546,0,0.0,0.0,1.3,-0.61,2026-07-11
P140,Johor,IND,-0.62,46546,0,0.0,0.0,1.3,-0.81,2026-07-11
P140,Johor,PN,-19.13,46546,0,0.0,0.0,1.3,-24.87,2026-07-11
P140,Johor,BN,16.98,46546,26576,0.571,0.5126,1.034,17.56,2026-07-11
P140,Johor,MUDA,-2.91,46546,0,0.0,0.0,1.3,-3.78,2026-07-11
P140,Johor,OTHER,-0.07,46546,0,0.0,0.0,1.3,-0.09,2026-07-11
P140,Johor,PH,6.22,46546,19970,0.429,0.1053,1.6,9.95,2026-07-11
P141,Johor,WARISAN,-0.47,44788,0,0.0,0.0,1.3,-0.61,2026-07-11
P141,Johor,IND,-0.62,44788,0,0.0,0.0,1.3,-0.81,2026-07-11
P141,Johor,PN,-19.13,44788,0,0.0,0.0,1.3,-24.87,2026-07-11
P141,Johor,BN,16.98,44788,26399,0.5894,0.5126,1.045,17.74,2026-07-11
P141,Johor,MUDA,-2.91,44788,0,0.0,0.0,1.3,-3.78,2026-07-11
P141,Johor,OTHER,-0.07,44788,0,0.0,0.0,1.3,-0.09,2026-07-11
P141,Johor,PH,6.22,44788,18389,0.4106,0.1053,1.6,9.95,2026-07-11
P142,Johor,WARISAN,-0.47,30777,0,0.0,0.0,1.3,-0.61,2026-07-11
P142,Johor,IND,-0.62,30777,0,0.0,0.0,1.3,-0.81,2026-07-11
P142,Johor,PN,-19.13,30777,0,0.0,0.0,1.3,-24.87,2026-07-11
P142,Johor,BN,16.98,30777,18429,0.5988,0.5126,1.05,17.84,2026-07-11
P142,Johor,MUDA,-2.91,30777,0,0.0,0.0,1.3,-3.78,2026-07-11
P142,Johor,OTHER,-0.07,30777,0,0.0,0.0,1.3,-0.09,2026-07-11
P142,Johor,PH,6.22,30777,12348,0.4012,0.1053,1.6,9.95,2026-07-11
P143,Johor,WARISAN,-0.47,51390,0,0.0,0.0,1.3,-0.61,2026-07-11
P143,Johor,IND,-0.62,51390,0,0.0,0.0,1.3,-0.81,2026-07-11
P143,Johor,PN,-19.13,51390,0,0.0,0.0,1.3,-24.87,2026-07-11
P143,Johor,BN,16.98,51390,30606,0.5956,0.5126,1.049,17.8,2026-07-11
P143,Johor,MUDA,-2.91,51390,0,0.0,0.0,1.3,-3.78,2026-07-11
P143,Johor,OTHER,-0.07,51390,0,0.0,0.0,1.3,-0.09,2026-07-11
P143,Johor,PH,6.22,51390,20784,0.4044,0.1053,1.6,9.95,2026-07-11
P144,Johor,WARISAN,-0.47,75522,0,0.0,0.0,1.3,-0.61,2026-07-11
P144,Johor,IND,-0.62,75522,0,0.0,0.0,1.3,-0.81,2026-07-11
P144,Johor,PN,-19.13,75522,0,0.0,0.0,1.3,-24.87,2026-07-11
P144,Johor,BN,16.98,75522,44650,0.5912,0.5126,1.046,17.76,2026-07-11
P144,Johor,MUDA,-2.91,75522,0,0.0,0.0,1.3,-3.78,2026-07-11
P144,Johor,OTHER,-0.07,75522,0,0.0,0.0,1.3,-0.09,2026-07-11
P144,Johor,PH,6.22,75522,30872,0.4088,0.1053,1.6,9.95,2026-07-11
P145,Johor,WARISAN,-0.47,68383,0,0.0,0.0,1.3,-0.61,2026-07-11
P145,Johor,IND,-0.62,68383,0,0.0,0.0,1.3,-0.81,2026-07-11
P145,Johor,PN,-19.13,68383,0,0.0,0.0,1.3,-24.87,2026-07-11
P145,Johor,BN,16.98,68383,34260,0.501,0.5126,0.993,16.87,2026-07-11
P145,Johor,MUDA,-2.91,68383,0,0.0,0.0,1.3,-3.78,2026-07-11
P145,Johor,OTHER,-0.07,68383,0,0.0,0.0,1.3,-0.09,2026-07-11
P145,Johor,PH,6.22,68383,34123,0.499,0.1053,1.6,9.95,2026-07-11
P146,Johor,WARISAN,-0.47,50020,0,0.0,0.0,1.3,-0.61,2026-07-11
P146,Johor,IND,-0.62,50020,0,0.0,0.0,1.3,-0.81,2026-07-11
P146,Johor,PN,-19.13,50020,0,0.0,0.0,1.3,-24.87,2026-07-11
P146,Johor,BN,16.98,50020,24478,0.4894,0.5126,0.986,16.75,2026-07-11
P146,Johor,MUDA,-2.91,50020,0,0.0,0.0,1.3,-3.78,2026-07-11
P146,Johor,OTHER,-0.07,50020,0,0.0,0.0,1.3,-0.09,2026-07-11
P146,Johor,PH,6.22,50020,25542,0.5106,0.1053,1.6,9.95,2026-07-11
P147,Johor,WARISAN,-0.47,61245,0,0.0,0.0,1.3,-0.61,2026-07-11
P147,Johor,IND,-0.62,61245,0,0.0,0.0,1.3,-0.81,2026-07-11
P147,Johor,PN,-19.13,61245,0,0.0,0.0,1.3,-24.87,2026-07-11
P147,Johor,BN,16.98,61245,43296,0.7069,0.5126,1.114,18.91,2026-07-11
P147,Johor,MUDA,-2.91,61245,0,0.0,0.0,1.3,-3.78,2026-07-11
P147,Johor,OTHER,-0.07,61245,0,0.0,0.0,1.3,-0.09,2026-07-11
P147,Johor,PH,6.22,61245,17949,0.2931,0.1053,1.535,9.55,2026-07-11
P148,Johor,WARISAN,-0.47,44931,0,0.0,0.0,1.3,-0.61,2026-07-11
P148,Johor,IND,-0.62,44931,0,0.0,0.0,1.3,-0.81,2026-07-11
P148,Johor,PN,-19.13,44931,0,0.0,0.0,1.3,-24.87,2026-07-11
P148,Johor,BN,16.98,44931,31004,0.69,0.5126,1.104,18.74,2026-07-11
P148,Johor,MUDA,-2.91,44931,0,0.0,0.0,1.3,-3.78,2026-07-11
P148,Johor,OTHER,-0.07,44931,0,0.0,0.0,1.3,-0.09,2026-07-11
P148,Johor,PH,6.22,44931,13927,0.31,0.1053,1.583,9.85,2026-07-11
P149,Johor,WARISAN,-0.47,60255,0,0.0,0.0,1.3,-0.61,2026-07-11
P149,Johor,IND,-0.62,60255,0,0.0,0.0,1.3,-0.81,2026-07-11
P149,Johor,PN,-19.13,60255,0,0.0,0.0,1.3,-24.87,2026-07-11
P149,Johor,BN,16.98,60255,39417,0.6542,0.5126,1.083,18.39,2026-07-11
P149,Johor,MUDA,-2.91,60255,0,0.0,0.0,1.3,-3.78,2026-07-11
P149,Johor,OTHER,-0.07,60255,0,0.0,0.0,1.3,-0.09,2026-07-11
P149,Johor,PH,6.22,60255,20838,0.3458,0.1053,1.6,9.95,2026-07-11
P150,Johor,WARISAN,-0.47,93217,0,0.0,0.0,1.3,-0.61,2026-07-11
P150,Johor,IND,-0.62,93217,0,0.0,0.0,1.3,-0.81,2026-07-11
P150,Johor,PN,-19.13,93217,0,0.0,0.0,1.3,-24.87,2026-07-11
P150,Johor,BN,16.98,93217,52008,0.5579,0.5126,1.027,17.43,2026-07-11
P150,Johor,MUDA,-2.91,93217,0,0.0,0.0,1.3,-3.78,2026-07-11
P150,Johor,OTHER,-0.07,93217,0,0.0,0.0,1.3,-0.09,2026-07-11
P150,Johor,PH,6.22,93217,41209,0.4421,0.1053,1.6,9.95,2026-07-11
P151,Johor,WARISAN,-0.47,42628,0,0.0,0.0,1.3,-0.61,2026-07-11
P151,Johor,IND,-0.62,42628,0,0.0,0.0,1.3,-0.81,2026-07-11
P151,Johor,PN,-19.13,42628,0,0.0,0.0,1.3,-24.87,2026-07-11
P151,Johor,BN,16.98,42628,31961,0.7498,0.5126,1.139,19.34,2026-07-11
P151,Johor,MUDA,-2.91,42628,0,0.0,0.0,1.3,-3.78,2026-07-11
P151,Johor,OTHER,-0.07,42628,0,0.0,0.0,1.3,-0.09,2026-07-11
P151,Johor,PH,6.22,42628,10667,0.2502,0.1053,1.413,8.79,2026-07-11
P152,Johor,WARISAN,-0.47,89020,0,0.0,0.0,1.3,-0.61,2026-07-11
P152,Johor,IND,-0.62,89020,0,0.0,0.0,1.3,-0.81,2026-07-11
P152,Johor,PN,-19.13,89020,0,0.0,0.0,1.3,-24.87,2026-07-11
P152,Johor,BN,16.98,89020,49953,0.5611,0.5126,1.028,17.46,2026-07-11
P152,Johor,MUDA,-2.91,89020,0,0.0,0.0,1.3,-3.78,2026-07-11
P152,Johor,OTHER,-0.07,89020,0,0.0,0.0,1.3,-0.09,2026-07-11
P152,Johor,PH,6.22,89020,39067,0.4389,0.1053,1.6,9.95,2026-07-11
P153,Johor,WARISAN,-0.47,38099,0,0.0,0.0,1.3,-0.61,2026-07-11
P153,Johor,IND,-0.62,38099,0,0.0,0.0,1.3,-0.81,2026-07-11
P153,Johor,PN,-19.13,38099,0,0.0,0.0,1.3,-24.87,2026-07-11
P153,Johor,BN,16.98,38099,26432,0.6938,0.5126,1.106,18.78,2026-07-11
P153,Johor,MUDA,-2.91,38099,0,0.0,0.0,1.3,-3.78,2026-07-11
P153,Johor,OTHER,-0.07,38099,0,0.0,0.0,1.3,-0.09,2026-07-11
P153,Johor,PH,6.22,38099,11667,0.3062,0.1053,1.572,9.78,2026-07-11
P154,Johor,WARISAN,-0.47,44164,0,0.0,0.0,1.3,-0.61,2026-07-11
P154,Johor,IND,-0.62,44164,0,0.0,0.0,1.3,-0.81,2026-07-11
P154,Johor,PN,-19.13,44164,0,0.0,0.0,1.3,-24.87,2026-07-11
P154,Johor,BN,16.98,44164,28699,0.6498,0.5126,1.08,18.34,2026-07-11
P154,Johor,MUDA,-2.91,44164,0,0.0,0.0,1.3,-3.78,2026-07-11
P154,Johor,OTHER,-0.07,44164,0,0.0,0.0,1.3,-0.09,2026-07-11
P154,Johor,PH,6.22,44164,15465,0.3502,0.1053,1.6,9.95,2026-07-11
P155,Johor,WARISAN,-0.47,51082,0,0.0,0.0,1.3,-0.61,2026-07-11
P155,Johor,IND,-0.62,51082,0,0.0,0.0,1.3,-0.81,2026-07-11
P155,Johor,PN,-19.13,51082,0,0.0,0.0,1.3,-24.87,2026-07-11
P155,Johor,BN,16.98,51082,38754,0.7587,0.5126,1.144,19.43,2026-07-11
P155,Johor,MUDA,-2.91,51082,0,0.0,0.0,1.3,-3.78,2026-07-11
P155,Johor,OTHER,-0.07,51082,0,0.0,0.0,1.3,-0.09,2026-07-11
P155,Johor,PH,6.22,51082,12328,0.2413,0.1053,1.388,8.63,2026-07-11
P156,Johor,WARISAN,-0.47,45889,0,0.0,0.0,1.3,-0.61,2026-07-11
P156,Johor,IND,-0.62,45889,0,0.0,0.0,1.3,-0.81,2026-07-11
P156,Johor,PN,-19.13,45889,0,0.0,0.0,1.3,-24.87,2026-07-11
P156,Johor,BN,16.98,45889,37828,0.8243,0.5126,1.182,20.08,2026-07-11
P156,Johor,MUDA,-2.91,45889,0,0.0,0.0,1.3,-3.78,2026-07-11
P156,Johor,OTHER,-0.07,45889,0,0.0,0.0,1.3,-0.09,2026-07-11
P156,Johor,PH,6.22,45889,8061,0.1757,0.1053,1.2,7.47,2026-07-11
P157,Johor,WARISAN,-0.47,42701,0,0.0,0.0,1.3,-0.61,2026-07-11
P157,Johor,IND,-0.62,42701,0,0.0,0.0,1.3,-0.81,2026-07-11
P157,Johor,PN,-19.13,42701,0,0.0,0.0,1.3,-24.87,2026-07-11
P157,Johor,BN,16.98,42701,36686,0.8591,0.5126,1.203,20.42,2026-07-11
P157,Johor,MUDA,-2.91,42701,0,0.0,0.0,1.3,-3.78,2026-07-11
P157,Johor,OTHER,-0.07,42701,0,0.0,0.0,1.3,-0.09,2026-07-11
P157,Johor,PH,6.22,42701,6015,0.1409,0.1053,1.101,6.85,2026-07-11
P158,Johor,WARISAN,-0.47,169473,0,0.0,0.0,1.3,-0.61,2026-07-11
P158,Johor,IND,-0.62,169473,0,0.0,0.0,1.3,-0.81,2026-07-11
P158,Johor,PN,-19.13,169473,0,0.0,0.0,1.3,-24.87,2026-07-11
P158,Johor,BN,16.98,169473,94488,0.5575,0.5126,1.026,17.43,2026-07-11
P158,Johor,MUDA,-2.91,169473,0,0.0,0.0,1.3,-3.78,2026-07-11
P158,Johor,OTHER,-0.07,169473,0,0.0,0.0,1.3,-0.09,2026-07-11
P158,Johor,PH,6.22,169473,74985,0.4425,0.1053,1.6,9.95,2026-07-11
P159,Johor,WARISAN,-0.47,146082,0,0.0,0.0,1.3,-0.61,2026-07-11
P159,Johor,IND,-0.62,146082,0,0.0,0.0,1.3,-0.81,2026-07-11
P159,Johor,PN,-19.13,146082,0,0.0,0.0,1.3,-24.87,2026-07-11
P159,Johor,BN,16.98,146082,87245,0.5972,0.5126,1.05,17.82,2026-07-11
P159,Johor,MUDA,-2.91,146082,0,0.0,0.0,1.3,-3.78,2026-07-11
P159,Johor,OTHER,-0.07,146082,0,0.0,0.0,1.3,-0.09,2026-07-11
P159,Johor,PH,6.22,146082,58837,0.4028,0.1053,1.6,9.95,2026-07-11
P160,Johor,WARISAN,-0.47,87326,0,0.0,0.0,1.3,-0.61,2026-07-11
P160,Johor,IND,-0.62,87326,0,0.0,0.0,1.3,-0.81,2026-07-11
P160,Johor,PN,-19.13,87326,0,0.0,0.0,1.3,-24.87,2026-07-11
P160,Johor,BN,16.98,87326,53429,0.6118,0.5126,1.058,17.97,2026-07-11
P160,Johor,MUDA,-2.91,87326,0,0.0,0.0,1.3,-3.78,2026-07-11
P160,Johor,OTHER,-0.07,87326,0,0.0,0.0,1.3,-0.09,2026-07-11
P160,Johor,PH,6.22,87326,33897,0.3882,0.1053,1.6,9.95,2026-07-11
P161,Johor,WARISAN,-0.47,111477,0,0.0,0.0,1.3,-0.61,2026-07-11
P161,Johor,IND,-0.62,111477,0,0.0,0.0,1.3,-0.81,2026-07-11
P161,Johor,PN,-19.13,111477,0,0.0,0.0,1.3,-24.87,2026-07-11
P161,Johor,BN,16.98,111477,61614,0.5527,0.5126,1.024,17.38,2026-07-11
P161,Johor,MUDA,-2.91,111477,0,0.0,0.0,1.3,-3.78,2026-07-11
P161,Johor,OTHER,-0.07,111477,0,0.0,0.0,1.3,-0.09,2026-07-11
P161,Johor,PH,6.22,111477,49863,0.4473,0.1053,1.6,9.95,2026-07-11
P162,Johor,WARISAN,-0.47,158315,0,0.0,0.0,1.3,-0.61,2026-07-11
P162,Johor,IND,-0.62,158315,0,0.0,0.0,1.3,-0.81,2026-07-11
P162,Johor,PN,-19.13,158315,0,0.0,0.0,1.3,-24.87,2026-07-11
P162,Johor,BN,16.98,158315,80868,0.5108,0.5126,0.999,16.96,2026-07-11
P162,Johor,MUDA,-2.91,158315,0,0.0,0.0,1.3,-3.78,2026-07-11
P162,Johor,OTHER,-0.07,158315,0,0.0,0.0,1.3,-0.09,2026-07-11
P162,Johor,PH,6.22,158315,77447,0.4892,0.1053,1.6,9.95,2026-07-11
P163,Johor,WARISAN,-0.47,114078,0,0.0,0.0,1.3,-0.61,2026-07-11
P163,Johor,IND,-0.62,114078,0,0.0,0.0,1.3,-0.81,2026-07-11
P163,Johor,PN,-19.13,114078,0,0.0,0.0,1.3,-24.87,2026-07-11
P163,Johor,BN,16.98,114078,60857,0.5335,0.5126,1.012,17.19,2026-07-11
P163,Johor,MUDA,-2.91,114078,0,0.0,0.0,1.3,-3.78,2026-07-11
P163,Johor,OTHER,-0.07,114078,0,0.0,0.0,1.3,-0.09,2026-07-11
P163,Johor,PH,6.22,114078,53221,0.4665,0.1053,1.6,9.95,2026-07-11
P164,Johor,WARISAN,-0.47,54445,0,0.0,0.0,1.3,-0.61,2026-07-11
P164,Johor,IND,-0.62,54445,0,0.0,0.0,1.3,-0.81,2026-07-11
P164,Johor,PN,-19.13,54445,0,0.0,0.0,1.3,-24.87,2026-07-11
P164,Johor,BN,16.98,54445,41868,0.769,0.5126,1.15,19.53,2026-07-11
P164,Johor,MUDA,-2.91,54445,0,0.0,0.0,1.3,-3.78,2026-07-11
P164,Johor,OTHER,-0.07,54445,0,0.0,0.0,1.3,-0.09,2026-07-11
P164,Johor,PH,6.22,54445,12577,0.231,0.1053,1.358,8.45,2026-07-11
P165,Johor,WARISAN,-0.47,53065,0,0.0,0.0,1.3,-0.61,2026-07-11
P165,Johor,IND,-0.62,53065,0,0.0,0.0,1.3,-0.81,2026-07-11
P165,Johor,PN,-19.13,53065,0,0.0,0.0,1.3,-24.87,2026-07-11
P165,Johor,BN,16.98,53065,38350,0.7227,0.5126,1.123,19.07,2026-07-11
P165,Johor,MUDA,-2.91,53065,0,0.0,0.0,1.3,-3.78,2026-07-11
P165,Johor,OTHER,-0.07,53065,0,0.0,0.0,1.3,-0.09,2026-07-11
P165,Johor,PH,6.22,53065,14715,0.2773,0.1053,1.49,9.27,2026-07-11
P167,Sabah,WARISAN,0.04,91334,15383,0.1684,0.1617,1.012,0.04,2025-11-29
P167,Sabah,GRS,23.21,91334,11747,0.1286,0.1235,1.012,23.5,2025-11-29
P167,Sabah,IND,2.55,91334,2226,0.0244,0.0234,1.012,2.58,2025-11-29
P167,Sabah,PN,-8.13,91334,594,0.0065,0.0062,0.988,-8.03,2025-11-29
P167,Sabah,BN,-6.47,91334,52975,0.58,0.0281,0.6,-3.88,2025-11-29
P167,Sabah,OTHER,-4.83,91334,0,0.0,0.0,1.3,-6.28,2025-11-29
P167,Sabah,PH,-11.16,91334,426,0.0047,0.0045,0.988,-11.02,2025-11-29
P167,Sabah,KDM,4.79,91334,504,0.0055,0.0053,1.012,4.85,2025-11-29
P168,Sabah,WARISAN,0.04,57455,9079,0.158,0.1617,0.993,0.04,2025-11-29
P168,Sabah,GRS,23.21,57455,6933,0.1207,0.1235,0.993,23.05,2025-11-29
P168,Sabah,IND,2.55,57455,1313,0.0229,0.0234,0.993,2.53,2025-11-29
P168,Sabah,PN,-8.13,57455,350,0.0061,0.0062,1.007,-8.19,2025-11-29
P168,Sabah,BN,-6.47,57455,34815,0.606,0.0281,0.6,-3.88,2025-11-29
P168,Sabah,OTHER,-4.83,57455,0,0.0,0.0,1.3,-6.28,2025-11-29
P168,Sabah,PH,-11.16,57455,251,0.0044,0.0045,1.007,-11.24,2025-11-29
P168,Sabah,KDM,4.79,57455,297,0.0052,0.0053,0.993,4.76,2025-11-29
P169,Sabah,WARISAN,0.04,100234,16588,0.1655,0.1617,1.007,0.04,2025-11-29
P169,Sabah,GRS,23.21,100234,12668,0.1264,0.1235,1.007,23.37,2025-11-29
P169,Sabah,IND,2.55,100234,2400,0.024,0.0234,1.007,2.57,2025-11-29
P169,Sabah,PN,-8.13,100234,640,0.0064,0.0062,0.993,-8.07,2025-11-29
P169,Sabah,BN,-6.47,100234,58870,0.5873,0.0281,0.6,-3.88,2025-11-29
P169,Sabah,OTHER,-4.83,100234,0,0.0,0.0,1.3,-6.28,2025-11-29
P169,Sabah,PH,-11.16,100234,460,0.0046,0.0045,0.993,-11.08,2025-11-29
P169,Sabah,KDM,4.79,100234,544,0.0054,0.0053,1.007,4.82,2025-11-29
P170,Sabah,WARISAN,0.04,95533,19435,0.2034,0.1617,1.077,0.04,2025-11-29
P170,Sabah,GRS,23.21,95533,14842,0.1554,0.1235,1.077,25.01,2025-11-29
P170,Sabah,IND,2.55,95533,2812,0.0294,0.0234,1.077,2.75,2025-11-29
P170,Sabah,PN,-8.13,95533,750,0.0079,0.0062,0.923,-7.5,2025-11-29
P170,Sabah,BN,-6.47,95533,21394,0.224,0.0281,0.6,-3.88,2025-11-29
P170,Sabah,OTHER,-4.83,95533,0,0.0,0.0,1.3,-6.28,2025-11-29
P170,Sabah,PH,-11.16,95533,26214,0.2744,0.0045,0.6,-6.7,2025-11-29
P170,Sabah,KDM,4.79,95533,637,0.0067,0.0053,1.077,5.16,2025-11-29
P171,Sabah,WARISAN,0.04,84115,10792,0.1283,0.1617,0.938,0.04,2025-11-29
P171,Sabah,GRS,23.21,84115,8241,0.098,0.1235,0.938,21.77,2025-11-29
P171,Sabah,IND,2.55,84115,1561,0.0186,0.0234,0.938,2.39,2025-11-29
P171,Sabah,PN,-8.13,84115,416,0.005,0.0062,1.062,-8.63,2025-11-29
P171,Sabah,BN,-6.47,84115,57204,0.6801,0.0281,0.6,-3.88,2025-11-29
P171,Sabah,OTHER,-4.83,84115,0,0.0,0.0,1.3,-6.28,2025-11-29
P171,Sabah,PH,-11.16,84115,299,0.0036,0.0045,1.062,-11.85,2025-11-29
P171,Sabah,KDM,4.79,84115,354,0.0042,0.0053,0.938,4.49,2025-11-29
P172,Sabah,WARISAN,0.04,76641,10415,0.1359,0.1617,0.952,0.04,2025-11-29
P172,Sabah,GRS,23.21,76641,7954,0.1038,0.1235,0.952,22.1,2025-11-29
P172,Sabah,IND,2.55,76641,1507,0.0197,0.0234,0.952,2.43,2025-11-29
P172,Sabah,PN,-8.13,76641,402,0.0053,0.0062,1.048,-8.52,2025-11-29
P172,Sabah,BN,-6.47,76641,50669,0.6611,0.0281,0.6,-3.88,2025-11-29
P172,Sabah,OTHER,-4.83,76641,0,0.0,0.0,1.3,-6.28,2025-11-29
P172,Sabah,PH,-11.16,76641,288,0.0038,0.0045,1.048,-11.69,2025-11-29
P172,Sabah,KDM,4.79,76641,341,0.0045,0.0053,0.952,4.56,2025-11-29
P173,Sabah,WARISAN,0.04,101188,15636,0.1545,0.1617,0.987,0.04,2025-11-29
P173,Sabah,GRS,23.21,101188,11941,0.118,0.1235,0.987,22.9,2025-11-29
P173,Sabah,IND,2.55,101188,2262,0.0224,0.0234,0.987,2.52,2025-11-29
P173,Sabah,PN,-8.13,101188,604,0.006,0.0062,1.013,-8.24,2025-11-29
P173,Sabah,BN,-6.47,101188,37890,0.3745,0.0281,0.6,-3.88,2025-11-29
P173,Sabah,OTHER,-4.83,101188,0,0.0,0.0,1.3,-6.28,2025-11-29
P173,Sabah,PH,-11.16,101188,24741,0.2445,0.0045,0.6,-6.7,2025-11-29
P173,Sabah,KDM,4.79,101188,513,0.0051,0.0053,0.987,4.73,2025-11-29
P174,Sabah,WARISAN,0.04,45963,4313,0.0938,0.1617,0.874,0.03,2025-11-29
P174,Sabah,GRS,23.21,45963,3293,0.0717,0.1235,0.874,20.29,2025-11-29
P174,Sabah,IND,2.55,45963,624,0.0136,0.0234,0.874,2.23,2025-11-29
P174,Sabah,PN,-8.13,45963,166,0.0036,0.0062,1.126,-9.15,2025-11-29
P174,Sabah,BN,-6.47,45963,35208,0.766,0.0281,0.6,-3.88,2025-11-29
P174,Sabah,OTHER,-4.83,45963,0,0.0,0.0,1.3,-6.28,2025-11-29
P174,Sabah,PH,-11.16,45963,119,0.0026,0.0045,1.126,-12.57,2025-11-29
P174,Sabah,KDM,4.79,45963,141,0.0031,0.0053,0.874,4.19,2025-11-29
P175,Sabah,WARISAN,0.04,106259,15814,0.1488,0.1617,0.976,0.04,2025-11-29
P175,Sabah,GRS,23.21,106259,12076,0.1137,0.1235,0.976,22.66,2025-11-29
P175,Sabah,IND,2.55,106259,2288,0.0215,0.0234,0.976,2.49,2025-11-29
P175,Sabah,PN,-8.13,106259,611,0.0058,0.0062,1.024,-8.32,2025-11-29
P175,Sabah,BN,-6.47,106259,43263,0.4072,0.0281,0.6,-3.88,2025-11-29
P175,Sabah,OTHER,-4.83,106259,0,0.0,0.0,1.3,-6.28,2025-11-29
P175,Sabah,PH,-11.16,106259,24001,0.2259,0.0045,0.6,-6.7,2025-11-29
P175,Sabah,KDM,4.79,106259,519,0.0049,0.0053,0.976,4.68,2025-11-29
P176,Sabah,WARISAN,0.04,38099,4678,0.1228,0.1617,0.928,0.04,2025-11-29
P176,Sabah,GRS,23.21,38099,3573,0.0938,0.1235,0.928,21.53,2025-11-29
P176,Sabah,IND,2.55,38099,677,0.0178,0.0234,0.928,2.37,2025-11-29
P176,Sabah,PN,-8.13,38099,180,0.0047,0.0062,1.072,-8.72,2025-11-29
P176,Sabah,BN,-6.47,38099,26432,0.6938,0.0281,0.6,-3.88,2025-11-29
P176,Sabah,OTHER,-4.83,38099,0,0.0,0.0,1.3,-6.28,2025-11-29
P176,Sabah,PH,-11.16,38099,129,0.0034,0.0045,1.072,-11.97,2025-11-29
P176,Sabah,KDM,4.79,38099,153,0.004,0.0053,0.928,4.44,2025-11-29
P177,Sabah,WARISAN,0.04,44164,6202,0.1404,0.1617,0.961,0.04,2025-11-29
P177,Sabah,GRS,23.21,44164,4736,0.1072,0.1235,0.961,22.29,2025-11-29
P177,Sabah,IND,2.55,44164,897,0.0203,0.0234,0.961,2.45,2025-11-29
P177,Sabah,PN,-8.13,44164,239,0.0054,0.0062,1.039,-8.45,2025-11-29
P177,Sabah,BN,-6.47,44164,28699,0.6498,0.0281,0.6,-3.88,2025-11-29
P177,Sabah,OTHER,-4.83,44164,0,0.0,0.0,1.3,-6.28,2025-11-29
P177,Sabah,PH,-11.16,44164,172,0.0039,0.0045,1.039,-11.6,2025-11-29
P177,Sabah,KDM,4.79,44164,203,0.0046,0.0053,0.961,4.6,2025-11-29
P178,Sabah,WARISAN,0.04,51082,4944,0.0968,0.1617,0.88,0.04,2025-11-29
P178,Sabah,GRS,23.21,51082,3775,0.0739,0.1235,0.88,20.41,2025-11-29
P178,Sabah,IND,2.55,51082,715,0.014,0.0234,0.88,2.24,2025-11-29
P178,Sabah,PN,-8.13,51082,191,0.0037,0.0062,1.12,-9.11,2025-11-29
P178,Sabah,BN,-6.47,51082,38754,0.7587,0.0281,0.6,-3.88,2025-11-29
P178,Sabah,OTHER,-4.83,51082,0,0.0,0.0,1.3,-6.28,2025-11-29
P178,Sabah,PH,-11.16,51082,137,0.0027,0.0045,1.12,-12.5,2025-11-29
P178,Sabah,KDM,4.79,51082,162,0.0032,0.0053,0.88,4.21,2025-11-29
P179,Sabah,WARISAN,0.04,69286,4910,0.0709,0.1617,0.831,0.03,2025-11-29
P179,Sabah,GRS,23.21,69286,3750,0.0541,0.1235,0.831,19.3,2025-11-29
P179,Sabah,IND,2.55,69286,710,0.0103,0.0234,0.831,2.12,2025-11-29
P179,Sabah,PN,-8.13,69286,189,0.0027,0.0062,1.169,-9.5,2025-11-29
P179,Sabah,BN,-6.47,69286,57041,0.8233,0.0281,0.6,-3.88,2025-11-29
P179,Sabah,OTHER,-4.83,69286,0,0.0,0.0,1.3,-6.28,2025-11-29
P179,Sabah,PH,-11.16,69286,136,0.002,0.0045,1.169,-13.04,2025-11-29
P179,Sabah,KDM,4.79,69286,161,0.0023,0.0053,0.831,3.98,2025-11-29
P180,Sabah,WARISAN,0.04,188777,30902,0.1637,0.1617,1.004,0.04,2025-11-29
P180,Sabah,GRS,23.21,188777,23599,0.125,0.1235,1.004,23.3,2025-11-29
P180,Sabah,IND,2.55,188777,4472,0.0237,0.0234,1.004,2.56,2025-11-29
P180,Sabah,PN,-8.13,188777,1194,0.0063,0.0062,0.996,-8.1,2025-11-29
P180,Sabah,BN,-6.47,188777,70367,0.3728,0.0281,0.6,-3.88,2025-11-29
P180,Sabah,OTHER,-4.83,188777,0,0.0,0.0,1.3,-6.28,2025-11-29
P180,Sabah,PH,-11.16,188777,42210,0.2236,0.0045,0.6,-6.7,2025-11-29
P180,Sabah,KDM,4.79,188777,1014,0.0054,0.0053,1.004,4.81,2025-11-29
P181,Sabah,WARISAN,0.04,146082,23595,0.1615,0.1617,1.0,0.04,2025-11-29
P181,Sabah,GRS,23.21,146082,18019,0.1234,0.1235,1.0,23.2,2025-11-29
P181,Sabah,IND,2.55,146082,3414,0.0234,0.0234,1.0,2.55,2025-11-29
P181,Sabah,PN,-8.13,146082,911,0.0062,0.0062,1.0,-8.13,2025-11-29
P181,Sabah,BN,-6.47,146082,87245,0.5972,0.0281,0.6,-3.88,2025-11-29
P181,Sabah,OTHER,-4.83,146082,0,0.0,0.0,1.3,-6.28,2025-11-29
P181,Sabah,PH,-11.16,146082,654,0.0045,0.0045,1.0,-11.16,2025-11-29
P181,Sabah,KDM,4.79,146082,774,0.0053,0.0053,1.0,4.79,2025-11-29
P182,Sabah,WARISAN,0.04,155647,27934,0.1795,0.1617,1.033,0.04,2025-11-29
P182,Sabah,GRS,23.21,155647,21333,0.1371,0.1235,1.033,23.97,2025-11-29
P182,Sabah,IND,2.55,155647,4042,0.026,0.0234,1.033,2.63,2025-11-29
P182,Sabah,PN,-8.13,155647,1079,0.0069,0.0062,0.967,-7.86,2025-11-29
P182,Sabah,BN,-6.47,155647,68636,0.441,0.0281,0.6,-3.88,2025-11-29
P182,Sabah,OTHER,-4.83,155647,0,0.0,0.0,1.3,-6.28,2025-11-29
P182,Sabah,PH,-11.16,155647,18129,0.1165,0.0045,0.6,-6.7,2025-11-29
P182,Sabah,KDM,4.79,155647,916,0.0059,0.0053,1.033,4.95,2025-11-29
P183,Sabah,WARISAN,0.04,201471,31708,0.1574,0.1617,0.992,0.04,2025-11-29
P183,Sabah,GRS,23.21,201471,24214,0.1202,0.1235,0.992,23.02,2025-11-29
P183,Sabah,IND,2.55,201471,4588,0.0228,0.0234,0.992,2.53,2025-11-29
P183,Sabah,PN,-8.13,201471,1225,0.0061,0.0062,1.008,-8.2,2025-11-29
P183,Sabah,BN,-6.47,201471,82879,0.4114,0.0281,0.6,-3.88,2025-11-29
P183,Sabah,OTHER,-4.83,201471,0,0.0,0.0,1.3,-6.28,2025-11-29
P183,Sabah,PH,-11.16,201471,40406,0.2006,0.0045,0.6,-6.7,2025-11-29
P183,Sabah,KDM,4.79,201471,1040,0.0052,0.0053,0.992,4.75,2025-11-29
P184,Sabah,WARISAN,0.04,114078,20084,0.1761,0.1617,1.027,0.04,2025-11-29
P184,Sabah,GRS,23.21,114078,15337,0.1345,0.1235,1.027,23.83,2025-11-29
P184,Sabah,IND,2.55,114078,2906,0.0255,0.0234,1.027,2.62,2025-11-29
P184,Sabah,PN,-8.13,114078,776,0.0068,0.0062,0.973,-7.91,2025-11-29
P184,Sabah,BN,-6.47,114078,40222,0.3526,0.0281,0.6,-3.88,2025-11-29
P184,Sabah,OTHER,-4.83,114078,0,0.0,0.0,1.3,-6.28,2025-11-29
P184,Sabah,PH,-11.16,114078,24331,0.2133,0.0045,0.6,-6.7,2025-11-29
P184,Sabah,KDM,4.79,114078,659,0.0058,0.0053,1.027,4.92,2025-11-29
P185,Sabah,WARISAN,0.04,54445,5043,0.0926,0.1617,0.872,0.03,2025-11-29
P185,Sabah,GRS,23.21,54445,3851,0.0707,0.1235,0.872,20.24,2025-11-29
P185,Sabah,IND,2.55,54445,729,0.0134,0.0234,0.872,2.22,2025-11-29
P185,Sabah,PN,-8.13,54445,194,0.0036,0.0062,1.128,-9.17,2025-11-29
P185,Sabah,BN,-6.47,54445,41868,0.769,0.0281,0.6,-3.88,2025-11-29
P185,Sabah,OTHER,-4.83,54445,0,0.0,0.0,1.3,-6.28,2025-11-29
P185,Sabah,PH,-11.16,54445,139,0.0026,0.0045,1.128,-12.59,2025-11-29
P185,Sabah,KDM,4.79,54445,165,0.003,0.0053,0.872,4.18,2025-11-29
P186,Sabah,WARISAN,0.04,53065,5901,0.1112,0.1617,0.906,0.04,2025-11-29
P186,Sabah,GRS,23.21,53065,4506,0.0849,0.1235,0.906,21.04,2025-11-29
P186,Sabah,IND,2.55,53065,854,0.0161,0.0234,0.906,2.31,2025-11-29
P186,Sabah,PN,-8.13,53065,228,0.0043,0.0062,1.094,-8.89,2025-11-29
P186,Sabah,BN,-6.47,53065,38350,0.7227,0.0281,0.6,-3.88,2025-11-29
P186,Sabah,OTHER,-4.83,53065,0,0.0,0.0,1.3,-6.28,2025-11-29
P186,Sabah,PH,-11.16,53065,163,0.0031,0.0045,1.094,-12.21,2025-11-29
P186,Sabah,KDM,4.79,53065,193,0.0036,0.0053,0.906,4.34,2025-11-29
P187,Sabah,WARISAN,0.04,69767,15889,0.2278,0.1617,1.123,0.04,2025-11-29
P187,Sabah,GRS,23.21,69767,12134,0.1739,0.1235,1.123,26.05,2025-11-29
P187,Sabah,IND,2.55,69767,2299,0.033,0.0234,1.123,2.86,2025-11-29
P187,Sabah,PN,-8.13,69767,9555,0.137,0.0062,0.6,-4.88,2025-11-29
P187,Sabah,BN,-6.47,69767,11725,0.1681,0.0281,0.6,-3.88,2025-11-29
P187,Sabah,OTHER,-4.83,69767,0,0.0,0.0,1.3,-6.28,2025-11-29
P187,Sabah,PH,-11.16,69767,9919,0.1422,0.0045,0.6,-6.7,2025-11-29
P187,Sabah,KDM,4.79,69767,521,0.0075,0.0053,1.123,5.38,2025-11-29
P188,Sabah,WARISAN,0.04,63303,23565,0.3723,0.1617,1.391,0.06,2025-11-29
P188,Sabah,GRS,23.21,63303,15729,0.2485,0.1235,1.304,30.26,2025-11-29
P188,Sabah,IND,2.55,63303,2980,0.0471,0.0234,1.304,3.32,2025-11-29
P188,Sabah,PN,-8.13,63303,795,0.0126,0.0062,0.696,-5.66,2025-11-29
P188,Sabah,BN,-6.47,63303,8975,0.1418,0.0281,0.6,-3.88,2025-11-29
P188,Sabah,OTHER,-4.83,63303,0,0.0,0.0,1.3,-6.28,2025-11-29
P188,Sabah,PH,-11.16,63303,571,0.009,0.0045,0.696,-7.77,2025-11-29
P188,Sabah,KDM,4.79,63303,676,0.0107,0.0053,1.304,6.24,2025-11-29
P189,Sabah,WARISAN,0.04,40626,29483,0.7257,0.1617,1.6,0.06,2025-11-29
P189,Sabah,GRS,23.21,40626,5104,0.1256,0.1235,1.005,23.33,2025-11-29
P189,Sabah,IND,2.55,40626,967,0.0238,0.0234,1.005,2.56,2025-11-29
P189,Sabah,PN,-8.13,40626,258,0.0064,0.0062,0.995,-8.09,2025-11-29
P189,Sabah,BN,-6.47,40626,1160,0.0286,0.0281,0.995,-6.44,2025-11-29
P189,Sabah,OTHER,-4.83,40626,0,0.0,0.0,1.3,-6.28,2025-11-29
P189,Sabah,PH,-11.16,40626,185,0.0046,0.0045,0.995,-11.1,2025-11-29
P189,Sabah,KDM,4.79,40626,219,0.0054,0.0053,1.005,4.81,2025-11-29
P190,Sabah,WARISAN,0.04,50340,19125,0.3799,0.1617,1.405,0.06,2025-11-29
P190,Sabah,GRS,23.21,50340,17991,0.3574,0.1235,1.568,36.4,2025-11-29
P190,Sabah,IND,2.55,50340,2118,0.0421,0.0234,1.239,3.16,2025-11-29
P190,Sabah,PN,-8.13,50340,565,0.0112,0.0062,0.761,-6.18,2025-11-29
P190,Sabah,BN,-6.47,50340,2542,0.0505,0.0281,0.761,-4.92,2025-11-29
P190,Sabah,OTHER,-4.83,50340,0,0.0,0.0,1.3,-6.28,2025-11-29
P190,Sabah,PH,-11.16,50340,405,0.0081,0.0045,0.761,-8.49,2025-11-29
P190,Sabah,KDM,4.79,50340,480,0.0095,0.0053,1.239,5.94,2025-11-29
P191,Sabah,WARISAN,0.04,52409,20063,0.3828,0.1617,1.41,0.06,2025-11-29
P191,Sabah,GRS,23.21,52409,14152,0.27,0.1235,1.356,31.47,2025-11-29
P191,Sabah,IND,2.55,52409,5480,0.1046,0.0234,1.6,4.08,2025-11-29
P191,Sabah,PN,-8.13,52409,647,0.0124,0.0062,0.707,-5.75,2025-11-29
P191,Sabah,BN,-6.47,52409,2909,0.0555,0.0281,0.707,-4.57,2025-11-29
P191,Sabah,OTHER,-4.83,52409,0,0.0,0.0,1.3,-6.28,2025-11-29
P191,Sabah,PH,-11.16,52409,464,0.0089,0.0045,0.707,-7.89,2025-11-29
P191,Sabah,KDM,4.79,52409,549,0.0105,0.0053,1.293,6.19,2025-11-29
