parlimen,ethnicity,voters,code,constituency
P.001 Padang Besar,Bumi Sabah,193,P.001,Padang Besar
P.001 Padang Besar,Bumi Sarawak,337,P.001,Padang Besar
P.001 Padang Besar,Chinese,4864,P.001,Padang Besar
P.001 Padang Besar,Indian,521,P.001,Padang Besar
P.001 Padang Besar,Malay,51835,P.001,Padang Besar
P.001 Padang Besar,Orang Asli,7,P.001,Padang Besar
P.001 Padang Besar,Other,2435,P.001,Padang Besar
P.002 Kangar,Bumi Sabah,104,P.002,Kangar
P.002 Kangar,Bumi Sarawak,54,P.002,Kangar
P.002 Kangar,Chinese,11004,P.002,Kangar
P.002 Kangar,Indian,1156,P.002,Kangar
P.002 Kangar,Malay,61122,P.002,Kangar
P.002 Kangar,Orang Asli,3,P.002,Kangar
P.002 Kangar,Other,1416,P.002,Kangar
P.003 Arau,Bumi Sabah,70,P.003,Arau
P.003 Arau,Bumi Sarawak,50,P.003,Arau
P.003 Arau,Chinese,4733,P.003,Arau
P.003 Arau,Indian,976,P.003,Arau
P.003 Arau,Malay,53124,P.003,Arau
P.003 Arau,Orang Asli,4,P.003,Arau
P.003 Arau,Other,1919,P.003,Arau
P.004 Langkawi,Bumi Sabah,201,P.004,Langkawi
P.004 Langkawi,Bumi Sarawak,105,P.004,Langkawi
P.004 Langkawi,Chinese,4507,P.004,Langkawi
P.004 Langkawi,Indian,1572,P.004,Langkawi
P.004 Langkawi,Malay,59906,P.004,Langkawi
P.004 Langkawi,Orang Asli,3,P.004,Langkawi
P.004 Langkawi,Other,483,P.004,Langkawi
P.005 Jerlun,Bumi Sabah,37,P.005,Jerlun
P.005 Jerlun,Bumi Sarawak,19,P.005,Jerlun
P.005 Jerlun,Chinese,4569,P.005,Jerlun
P.005 Jerlun,Indian,66,P.005,Jerlun
P.005 Jerlun,Malay,61388,P.005,Jerlun
P.005 Jerlun,Other,1522,P.005,Jerlun
P.006 Kubang Pasu,Bumi Sabah,219,P.006,Kubang Pasu
P.006 Kubang Pasu,Bumi Sarawak,175,P.006,Kubang Pasu
P.006 Kubang Pasu,Chinese,9394,P.006,Kubang Pasu
P.006 Kubang Pasu,Indian,3662,P.006,Kubang Pasu
P.006 Kubang Pasu,Malay,93094,P.006,Kubang Pasu
P.006 Kubang Pasu,Orang Asli,9,P.006,Kubang Pasu
P.006 Kubang Pasu,Other,1664,P.006,Kubang Pasu
P.007 Padang Terap,Bumi Sabah,36,P.007,Padang Terap
P.007 Padang Terap,Bumi Sarawak,17,P.007,Padang Terap
P.007 Padang Terap,Chinese,767,P.007,Padang Terap
P.007 Padang Terap,Indian,78,P.007,Padang Terap
P.007 Padang Terap,Malay,54813,P.007,Padang Terap
P.007 Padang Terap,Orang Asli,1,P.007,Padang Terap
P.007 Padang Terap,Other,4094,P.007,Padang Terap
P.008 Pokok Sena,Bumi Sabah,102,P.008,Pokok Sena
P.008 Pokok Sena,Bumi Sarawak,87,P.008,Pokok Sena
P.008 Pokok Sena,Chinese,17429,P.008,Pokok Sena
P.008 Pokok Sena,Indian,2832,P.008,Pokok Sena
P.008 Pokok Sena,Malay,93526,P.008,Pokok Sena
P.008 Pokok Sena,Orang Asli,8,P.008,Pokok Sena
P.008 Pokok Sena,Other,854,P.008,Pokok Sena
P.009 Alor Setar,Bumi Sabah,93,P.009,Alor Setar
P.009 Alor Setar,Bumi Sarawak,50,P.009,Alor Setar
P.009 Alor Setar,Chinese,33662,P.009,Alor Setar
P.009 Alor Setar,Indian,4481,P.009,Alor Setar
P.009 Alor Setar,Malay,67102,P.009,Alor Setar
P.009 Alor Setar,Orang Asli,7,P.009,Alor Setar
P.009 Alor Setar,Other,599,P.009,Alor Setar
P.010 Kuala Kedah,Bumi Sabah,52,P.010,Kuala Kedah
P.010 Kuala Kedah,Bumi Sarawak,49,P.010,Kuala Kedah
P.010 Kuala Kedah,Chinese,29501,P.010,Kuala Kedah
P.010 Kuala Kedah,Indian,1543,P.010,Kuala Kedah
P.010 Kuala Kedah,Malay,100700,P.010,Kuala Kedah
P.010 Kuala Kedah,Other,655,P.010,Kuala Kedah
P.011 Pendang,Bumi Sabah,36,P.011,Pendang
P.011 Pendang,Bumi Sarawak,25,P.011,Pendang
P.011 Pendang,Chinese,4468,P.011,Pendang
P.011 Pendang,Indian,455,P.011,Pendang
P.011 Pendang,Malay,83688,P.011,Pendang
P.011 Pendang,Orang Asli,4,P.011,Pendang
P.011 Pendang,Other,5871,P.011,Pendang
P.012 Jerai,Bumi Sabah,66,P.012,Jerai
P.012 Jerai,Bumi Sarawak,35,P.012,Jerai
P.012 Jerai,Chinese,13603,P.012,Jerai
P.012 Jerai,Indian,6274,P.012,Jerai
P.012 Jerai,Malay,84591,P.012,Jerai
P.012 Jerai,Orang Asli,6,P.012,Jerai
P.012 Jerai,Other,426,P.012,Jerai
P.013 Sik,Bumi Sabah,60,P.013,Sik
P.013 Sik,Bumi Sarawak,23,P.013,Sik
P.013 Sik,Chinese,885,P.013,Sik
P.013 Sik,Indian,81,P.013,Sik
P.013 Sik,Malay,58442,P.013,Sik
P.013 Sik,Orang Asli,5,P.013,Sik
P.013 Sik,Other,3630,P.013,Sik
P.014 Merbok,Bumi Sabah,299,P.014,Merbok
P.014 Merbok,Bumi Sarawak,393,P.014,Merbok
P.014 Merbok,Chinese,20181,P.014,Merbok
P.014 Merbok,Indian,18968,P.014,Merbok
P.014 Merbok,Malay,91679,P.014,Merbok
P.014 Merbok,Orang Asli,8,P.014,Merbok
P.014 Merbok,Other,916,P.014,Merbok
P.015 Sungai Petani,Bumi Sabah,149,P.015,Sungai Petani
P.015 Sungai Petani,Bumi Sarawak,90,P.015,Sungai Petani
P.015 Sungai Petani,Chinese,43320,P.015,Sungai Petani
P.015 Sungai Petani,Indian,20925,P.015,Sungai Petani
P.015 Sungai Petani,Malay,103268,P.015,Sungai Petani
P.015 Sungai Petani,Orang Asli,10,P.015,Sungai Petani
P.015 Sungai Petani,Other,1085,P.015,Sungai Petani
P.016 Baling,Bumi Sabah,110,P.016,Baling
P.016 Baling,Bumi Sarawak,65,P.016,Baling
P.016 Baling,Chinese,5606,P.016,Baling
P.016 Baling,Indian,6052,P.016,Baling
P.016 Baling,Malay,118013,P.016,Baling
P.016 Baling,Orang Asli,186,P.016,Baling
P.016 Baling,Other,2067,P.016,Baling
P.017 Padang Serai,Bumi Sabah,102,P.017,Padang Serai
P.017 Padang Serai,Bumi Sarawak,99,P.017,Padang Serai
P.017 Padang Serai,Chinese,23625,P.017,Padang Serai
P.017 Padang Serai,Indian,25835,P.017,Padang Serai
P.017 Padang Serai,Malay,83474,P.017,Padang Serai
P.017 Padang Serai,Orang Asli,3,P.017,Padang Serai
P.017 Padang Serai,Other,729,P.017,Padang Serai
P.018 Kulim-Bandar Baharu,Bumi Sabah,103,P.018,Kulim-Bandar Baharu
P.018 Kulim-Bandar Baharu,Bumi Sarawak,60,P.018,Kulim-Bandar Baharu
P.018 Kulim-Bandar Baharu,Chinese,15444,P.018,Kulim-Bandar Baharu
P.018 Kulim-Bandar Baharu,Indian,11282,P.018,Kulim-Bandar Baharu
P.018 Kulim-Bandar Baharu,Malay,62951,P.018,Kulim-Bandar Baharu
P.018 Kulim-Bandar Baharu,Orang Asli,5,P.018,Kulim-Bandar Baharu
P.018 Kulim-Bandar Baharu,Other,296,P.018,Kulim-Bandar Baharu
P.019 Tumpat,Bumi Sabah,62,P.019,Tumpat
P.019 Tumpat,Bumi Sarawak,44,P.019,Tumpat
P.019 Tumpat,Chinese,5423,P.019,Tumpat
P.019 Tumpat,Indian,197,P.019,Tumpat
P.019 Tumpat,Malay,137979,P.019,Tumpat
P.019 Tumpat,Orang Asli,11,P.019,Tumpat
P.019 Tumpat,Other,5655,P.019,Tumpat
P.020 Pengkalan Chepa,Bumi Sabah,125,P.020,Pengkalan Chepa
P.020 Pengkalan Chepa,Bumi Sarawak,69,P.020,Pengkalan Chepa
P.020 Pengkalan Chepa,Chinese,1968,P.020,Pengkalan Chepa
P.020 Pengkalan Chepa,Indian,131,P.020,Pengkalan Chepa
P.020 Pengkalan Chepa,Malay,103753,P.020,Pengkalan Chepa
P.020 Pengkalan Chepa,Orang Asli,7,P.020,Pengkalan Chepa
P.020 Pengkalan Chepa,Other,929,P.020,Pengkalan Chepa
P.021 Kota Bharu,Bumi Sabah,77,P.021,Kota Bharu
P.021 Kota Bharu,Bumi Sarawak,47,P.021,Kota Bharu
P.021 Kota Bharu,Chinese,15790,P.021,Kota Bharu
P.021 Kota Bharu,Indian,838,P.021,Kota Bharu
P.021 Kota Bharu,Malay,97532,P.021,Kota Bharu
P.021 Kota Bharu,Orang Asli,3,P.021,Kota Bharu
P.021 Kota Bharu,Other,1163,P.021,Kota Bharu
P.022 Pasir Mas,Bumi Sabah,46,P.022,Pasir Mas
P.022 Pasir Mas,Bumi Sarawak,14,P.022,Pasir Mas
P.022 Pasir Mas,Chinese,1832,P.022,Pasir Mas
P.022 Pasir Mas,Indian,54,P.022,Pasir Mas
P.022 Pasir Mas,Malay,92098,P.022,Pasir Mas
P.022 Pasir Mas,Orang Asli,4,P.022,Pasir Mas
P.022 Pasir Mas,Other,496,P.022,Pasir Mas
P.023 Rantau Panjang,Bumi Sabah,57,P.023,Rantau Panjang
P.023 Rantau Panjang,Bumi Sarawak,37,P.023,Rantau Panjang
P.023 Rantau Panjang,Chinese,1808,P.023,Rantau Panjang
P.023 Rantau Panjang,Indian,64,P.023,Rantau Panjang
P.023 Rantau Panjang,Malay,90274,P.023,Rantau Panjang
P.023 Rantau Panjang,Orang Asli,3,P.023,Rantau Panjang
P.023 Rantau Panjang,Other,1005,P.023,Rantau Panjang
P.024 Kubang Kerian,Bumi Sabah,53,P.024,Kubang Kerian
P.024 Kubang Kerian,Bumi Sarawak,47,P.024,Kubang Kerian
P.024 Kubang Kerian,Chinese,2261,P.024,Kubang Kerian
P.024 Kubang Kerian,Indian,181,P.024,Kubang Kerian
P.024 Kubang Kerian,Malay,110660,P.024,Kubang Kerian
P.024 Kubang Kerian,Orang Asli,3,P.024,Kubang Kerian
P.024 Kubang Kerian,Other,435,P.024,Kubang Kerian
P.025 Bachok,Bumi Sabah,71,P.025,Bachok
P.025 Bachok,Bumi Sarawak,36,P.025,Bachok
P.025 Bachok,Chinese,1326,P.025,Bachok
P.025 Bachok,Indian,50,P.025,Bachok
P.025 Bachok,Malay,121057,P.025,Bachok
P.025 Bachok,Orang Asli,8,P.025,Bachok
P.025 Bachok,Other,635,P.025,Bachok
P.026 Ketereh,Bumi Sabah,206,P.026,Ketereh
P.026 Ketereh,Bumi Sarawak,400,P.026,Ketereh
P.026 Ketereh,Chinese,1624,P.026,Ketereh
P.026 Ketereh,Indian,67,P.026,Ketereh
P.026 Ketereh,Malay,82446,P.026,Ketereh
P.026 Ketereh,Orang Asli,7,P.026,Ketereh
P.026 Ketereh,Other,531,P.026,Ketereh
P.027 Tanah Merah,Bumi Sabah,62,P.027,Tanah Merah
P.027 Tanah Merah,Bumi Sarawak,43,P.027,Tanah Merah
P.027 Tanah Merah,Chinese,4030,P.027,Tanah Merah
P.027 Tanah Merah,Indian,468,P.027,Tanah Merah
P.027 Tanah Merah,Malay,93254,P.027,Tanah Merah
P.027 Tanah Merah,Orang Asli,3,P.027,Tanah Merah
P.027 Tanah Merah,Other,922,P.027,Tanah Merah
P.028 Pasir Puteh,Bumi Sabah,58,P.028,Pasir Puteh
P.028 Pasir Puteh,Bumi Sarawak,38,P.028,Pasir Puteh
P.028 Pasir Puteh,Chinese,1000,P.028,Pasir Puteh
P.028 Pasir Puteh,Indian,41,P.028,Pasir Puteh
P.028 Pasir Puteh,Malay,110880,P.028,Pasir Puteh
P.028 Pasir Puteh,Orang Asli,4,P.028,Pasir Puteh
P.028 Pasir Puteh,Other,1049,P.028,Pasir Puteh
P.029 Machang,Bumi Sabah,49,P.029,Machang
P.029 Machang,Bumi Sarawak,43,P.029,Machang
P.029 Machang,Chinese,2713,P.029,Machang
P.029 Machang,Indian,134,P.029,Machang
P.029 Machang,Malay,85621,P.029,Machang
P.029 Machang,Orang Asli,4,P.029,Machang
P.029 Machang,Other,261,P.029,Machang
P.030 Jeli,Bumi Sabah,216,P.030,Jeli
P.030 Jeli,Bumi Sarawak,147,P.030,Jeli
P.030 Jeli,Chinese,105,P.030,Jeli
P.030 Jeli,Indian,61,P.030,Jeli
P.030 Jeli,Malay,58473,P.030,Jeli
P.030 Jeli,Orang Asli,473,P.030,Jeli
P.030 Jeli,Other,323,P.030,Jeli
P.031 Kuala Krai,Bumi Sabah,50,P.031,Kuala Krai
P.031 Kuala Krai,Bumi Sarawak,40,P.031,Kuala Krai
P.031 Kuala Krai,Chinese,3782,P.031,Kuala Krai
P.031 Kuala Krai,Indian,1031,P.031,Kuala Krai
P.031 Kuala Krai,Malay,86933,P.031,Kuala Krai
P.031 Kuala Krai,Orang Asli,10,P.031,Kuala Krai
P.031 Kuala Krai,Other,489,P.031,Kuala Krai
P.032 Gua Musang,Bumi Sabah,68,P.032,Gua Musang
P.032 Gua Musang,Bumi Sarawak,48,P.032,Gua Musang
P.032 Gua Musang,Chinese,4062,P.032,Gua Musang
P.032 Gua Musang,Indian,319,P.032,Gua Musang
P.032 Gua Musang,Malay,55121,P.032,Gua Musang
P.032 Gua Musang,Orang Asli,10289,P.032,Gua Musang
P.032 Gua Musang,Other,347,P.032,Gua Musang
P.033 Besut,Bumi Sabah,100,P.033,Besut
P.033 Besut,Bumi Sarawak,70,P.033,Besut
P.033 Besut,Chinese,1444,P.033,Besut
P.033 Besut,Indian,94,P.033,Besut
P.033 Besut,Malay,109418,P.033,Besut
P.033 Besut,Orang Asli,23,P.033,Besut
P.033 Besut,Other,501,P.033,Besut
P.034 Setiu,Bumi Sabah,99,P.034,Setiu
P.034 Setiu,Bumi Sarawak,57,P.034,Setiu
P.034 Setiu,Chinese,295,P.034,Setiu
P.034 Setiu,Indian,34,P.034,Setiu
P.034 Setiu,Malay,106495,P.034,Setiu
P.034 Setiu,Orang Asli,8,P.034,Setiu
P.034 Setiu,Other,306,P.034,Setiu
P.035 Kuala Nerus,Bumi Sabah,114,P.035,Kuala Nerus
P.035 Kuala Nerus,Bumi Sarawak,71,P.035,Kuala Nerus
P.035 Kuala Nerus,Chinese,1110,P.035,Kuala Nerus
P.035 Kuala Nerus,Indian,89,P.035,Kuala Nerus
P.035 Kuala Nerus,Malay,104230,P.035,Kuala Nerus
P.035 Kuala Nerus,Orang Asli,7,P.035,Kuala Nerus
P.035 Kuala Nerus,Other,331,P.035,Kuala Nerus
P.036 Kuala Terengganu,Bumi Sabah,103,P.036,Kuala Terengganu
P.036 Kuala Terengganu,Bumi Sarawak,68,P.036,Kuala Terengganu
P.036 Kuala Terengganu,Chinese,10592,P.036,Kuala Terengganu
P.036 Kuala Terengganu,Indian,665,P.036,Kuala Terengganu
P.036 Kuala Terengganu,Malay,111367,P.036,Kuala Terengganu
P.036 Kuala Terengganu,Orang Asli,6,P.036,Kuala Terengganu
P.036 Kuala Terengganu,Other,504,P.036,Kuala Terengganu
P.037 Marang,Bumi Sabah,85,P.037,Marang
P.037 Marang,Bumi Sarawak,60,P.037,Marang
P.037 Marang,Chinese,2453,P.037,Marang
P.037 Marang,Indian,96,P.037,Marang
P.037 Marang,Malay,128554,P.037,Marang
P.037 Marang,Orang Asli,5,P.037,Marang
P.037 Marang,Other,503,P.037,Marang
P.038 Hulu Terengganu,Bumi Sabah,51,P.038,Hulu Terengganu
P.038 Hulu Terengganu,Bumi Sarawak,37,P.038,Hulu Terengganu
P.038 Hulu Terengganu,Chinese,378,P.038,Hulu Terengganu
P.038 Hulu Terengganu,Indian,27,P.038,Hulu Terengganu
P.038 Hulu Terengganu,Malay,86909,P.038,Hulu Terengganu
P.038 Hulu Terengganu,Orang Asli,279,P.038,Hulu Terengganu
P.038 Hulu Terengganu,Other,236,P.038,Hulu Terengganu
P.039 Dungun,Bumi Sabah,151,P.039,Dungun
P.039 Dungun,Bumi Sarawak,92,P.039,Dungun
P.039 Dungun,Chinese,3628,P.039,Dungun
P.039 Dungun,Indian,194,P.039,Dungun
P.039 Dungun,Malay,110667,P.039,Dungun
P.039 Dungun,Orang Asli,8,P.039,Dungun
P.039 Dungun,Other,819,P.039,Dungun
P.040 Kemaman,Bumi Sabah,154,P.040,Kemaman
P.040 Kemaman,Bumi Sarawak,199,P.040,Kemaman
P.040 Kemaman,Chinese,7005,P.040,Kemaman
P.040 Kemaman,Indian,730,P.040,Kemaman
P.040 Kemaman,Malay,130030,P.040,Kemaman
P.040 Kemaman,Orang Asli,319,P.040,Kemaman
P.040 Kemaman,Other,986,P.040,Kemaman
P.041 Kepala Batas,Bumi Sabah,76,P.041,Kepala Batas
P.041 Kepala Batas,Bumi Sarawak,44,P.041,Kepala Batas
P.041 Kepala Batas,Chinese,12759,P.041,Kepala Batas
P.041 Kepala Batas,Indian,3451,P.041,Kepala Batas
P.041 Kepala Batas,Malay,66527,P.041,Kepala Batas
P.041 Kepala Batas,Orang Asli,4,P.041,Kepala Batas
P.041 Kepala Batas,Other,220,P.041,Kepala Batas
P.042 Tasek Gelugor,Bumi Sabah,144,P.042,Tasek Gelugor
P.042 Tasek Gelugor,Bumi Sarawak,130,P.042,Tasek Gelugor
P.042 Tasek Gelugor,Chinese,12124,P.042,Tasek Gelugor
P.042 Tasek Gelugor,Indian,5081,P.042,Tasek Gelugor
P.042 Tasek Gelugor,Malay,63132,P.042,Tasek Gelugor
P.042 Tasek Gelugor,Orang Asli,4,P.042,Tasek Gelugor
P.042 Tasek Gelugor,Other,253,P.042,Tasek Gelugor
P.043 Bagan,Bumi Sabah,117,P.043,Bagan
P.043 Bagan,Bumi Sarawak,40,P.043,Bagan
P.043 Bagan,Chinese,61994,P.043,Bagan
P.043 Bagan,Indian,13996,P.043,Bagan
P.043 Bagan,Malay,13005,P.043,Bagan
P.043 Bagan,Other,295,P.043,Bagan
P.044 Permatang Pauh,Bumi Sabah,177,P.044,Permatang Pauh
P.044 Permatang Pauh,Bumi Sarawak,88,P.044,Permatang Pauh
P.044 Permatang Pauh,Chinese,20767,P.044,Permatang Pauh
P.044 Permatang Pauh,Indian,7026,P.044,Permatang Pauh
P.044 Permatang Pauh,Malay,78545,P.044,Permatang Pauh
P.044 Permatang Pauh,Orang Asli,7,P.044,Permatang Pauh
P.044 Permatang Pauh,Other,576,P.044,Permatang Pauh
P.045 Bukit Mertajam,Bumi Sabah,152,P.045,Bukit Mertajam
P.045 Bukit Mertajam,Bumi Sarawak,60,P.045,Bukit Mertajam
P.045 Bukit Mertajam,Chinese,81279,P.045,Bukit Mertajam
P.045 Bukit Mertajam,Indian,13136,P.045,Bukit Mertajam
P.045 Bukit Mertajam,Malay,25714,P.045,Bukit Mertajam
P.045 Bukit Mertajam,Orang Asli,1,P.045,Bukit Mertajam
P.045 Bukit Mertajam,Other,477,P.045,Bukit Mertajam
P.046 Batu Kawan,Bumi Sabah,179,P.046,Batu Kawan
P.046 Batu Kawan,Bumi Sarawak,58,P.046,Batu Kawan
P.046 Batu Kawan,Chinese,47933,P.046,Batu Kawan
P.046 Batu Kawan,Indian,19747,P.046,Batu Kawan
P.046 Batu Kawan,Malay,20385,P.046,Batu Kawan
P.046 Batu Kawan,Orang Asli,2,P.046,Batu Kawan
P.046 Batu Kawan,Other,508,P.046,Batu Kawan
P.047 Nibong Tebal,Bumi Sabah,129,P.047,Nibong Tebal
P.047 Nibong Tebal,Bumi Sarawak,60,P.047,Nibong Tebal
P.047 Nibong Tebal,Chinese,34785,P.047,Nibong Tebal
P.047 Nibong Tebal,Indian,17850,P.047,Nibong Tebal
P.047 Nibong Tebal,Malay,46774,P.047,Nibong Tebal
P.047 Nibong Tebal,Orang Asli,9,P.047,Nibong Tebal
P.047 Nibong Tebal,Other,455,P.047,Nibong Tebal
P.048 Bukit Bendera,Bumi Sabah,207,P.048,Bukit Bendera
P.048 Bukit Bendera,Bumi Sarawak,144,P.048,Bukit Bendera
P.048 Bukit Bendera,Chinese,65734,P.048,Bukit Bendera
P.048 Bukit Bendera,Indian,11124,P.048,Bukit Bendera
P.048 Bukit Bendera,Malay,14066,P.048,Bukit Bendera
P.048 Bukit Bendera,Orang Asli,6,P.048,Bukit Bendera
P.048 Bukit Bendera,Other,1240,P.048,Bukit Bendera
P.049 Tanjong,Bumi Sabah,71,P.049,Tanjong
P.049 Tanjong,Bumi Sarawak,52,P.049,Tanjong
P.049 Tanjong,Chinese,43032,P.049,Tanjong
P.049 Tanjong,Indian,5977,P.049,Tanjong
P.049 Tanjong,Malay,3449,P.049,Tanjong
P.049 Tanjong,Other,222,P.049,Tanjong
P.050 Jelutong,Bumi Sabah,153,P.050,Jelutong
P.050 Jelutong,Bumi Sarawak,79,P.050,Jelutong
P.050 Jelutong,Chinese,59384,P.050,Jelutong
P.050 Jelutong,Indian,14019,P.050,Jelutong
P.050 Jelutong,Malay,19789,P.050,Jelutong
P.050 Jelutong,Orang Asli,2,P.050,Jelutong
P.050 Jelutong,Other,563,P.050,Jelutong
P.051 Bukit Gelugor,Bumi Sabah,147,P.051,Bukit Gelugor
P.051 Bukit Gelugor,Bumi Sarawak,101,P.051,Bukit Gelugor
P.051 Bukit Gelugor,Chinese,83973,P.051,Bukit Gelugor
P.051 Bukit Gelugor,Indian,15040,P.051,Bukit Gelugor
P.051 Bukit Gelugor,Malay,17171,P.051,Bukit Gelugor
P.051 Bukit Gelugor,Orang Asli,1,P.051,Bukit Gelugor
P.051 Bukit Gelugor,Other,701,P.051,Bukit Gelugor
P.052 Bayan Baru,Bumi Sabah,356,P.052,Bayan Baru
P.052 Bayan Baru,Bumi Sarawak,214,P.052,Bayan Baru
P.052 Bayan Baru,Chinese,57182,P.052,Bayan Baru
P.052 Bayan Baru,Indian,14535,P.052,Bayan Baru
P.052 Bayan Baru,Malay,46510,P.052,Bayan Baru
P.052 Bayan Baru,Orang Asli,3,P.052,Bayan Baru
P.052 Bayan Baru,Other,840,P.052,Bayan Baru
P.053 Balik Pulau,Bumi Sabah,186,P.053,Balik Pulau
P.053 Balik Pulau,Bumi Sarawak,108,P.053,Balik Pulau
P.053 Balik Pulau,Chinese,23328,P.053,Balik Pulau
P.053 Balik Pulau,Indian,3851,P.053,Balik Pulau
P.053 Balik Pulau,Malay,52391,P.053,Balik Pulau
P.053 Balik Pulau,Orang Asli,6,P.053,Balik Pulau
P.053 Balik Pulau,Other,394,P.053,Balik Pulau
P.054 Gerik,Bumi Sabah,302,P.054,Gerik
P.054 Gerik,Bumi Sarawak,356,P.054,Gerik
P.054 Gerik,Chinese,6367,P.054,Gerik
P.054 Gerik,Indian,1428,P.054,Gerik
P.054 Gerik,Malay,31786,P.054,Gerik
P.054 Gerik,Orang Asli,5817,P.054,Gerik
P.054 Gerik,Other,1509,P.054,Gerik
P.055 Lenggong,Bumi Sabah,45,P.055,Lenggong
P.055 Lenggong,Bumi Sarawak,18,P.055,Lenggong
P.055 Lenggong,Chinese,4343,P.055,Lenggong
P.055 Lenggong,Indian,505,P.055,Lenggong
P.055 Lenggong,Malay,30747,P.055,Lenggong
P.055 Lenggong,Orang Asli,1181,P.055,Lenggong
P.055 Lenggong,Other,111,P.055,Lenggong
P.056 Larut,Bumi Sabah,55,P.056,Larut
P.056 Larut,Bumi Sarawak,27,P.056,Larut
P.056 Larut,Chinese,2556,P.056,Larut
P.056 Larut,Indian,3674,P.056,Larut
P.056 Larut,Malay,59165,P.056,Larut
P.056 Larut,Orang Asli,8,P.056,Larut
P.056 Larut,Other,234,P.056,Larut
P.057 Parit Buntar,Bumi Sabah,45,P.057,Parit Buntar
P.057 Parit Buntar,Bumi Sarawak,18,P.057,Parit Buntar
P.057 Parit Buntar,Chinese,17696,P.057,Parit Buntar
P.057 Parit Buntar,Indian,3462,P.057,Parit Buntar
P.057 Parit Buntar,Malay,46960,P.057,Parit Buntar
P.057 Parit Buntar,Orang Asli,1,P.057,Parit Buntar
P.057 Parit Buntar,Other,320,P.057,Parit Buntar
P.058 Bagan Serai,Bumi Sabah,50,P.058,Bagan Serai
P.058 Bagan Serai,Bumi Sarawak,30,P.058,Bagan Serai
P.058 Bagan Serai,Chinese,9889,P.058,Bagan Serai
P.058 Bagan Serai,Indian,7192,P.058,Bagan Serai
P.058 Bagan Serai,Malay,62939,P.058,Bagan Serai
P.058 Bagan Serai,Orang Asli,6,P.058,Bagan Serai
P.058 Bagan Serai,Other,187,P.058,Bagan Serai
P.059 Bukit Gantang,Bumi Sabah,96,P.059,Bukit Gantang
P.059 Bukit Gantang,Bumi Sarawak,67,P.059,Bukit Gantang
P.059 Bukit Gantang,Chinese,17958,P.059,Bukit Gantang
P.059 Bukit Gantang,Indian,8487,P.059,Bukit Gantang
P.059 Bukit Gantang,Malay,67313,P.059,Bukit Gantang
P.059 Bukit Gantang,Orang Asli,10,P.059,Bukit Gantang
P.059 Bukit Gantang,Other,322,P.059,Bukit Gantang
P.060 Taiping,Bumi Sabah,371,P.060,Taiping
P.060 Taiping,Bumi Sarawak,648,P.060,Taiping
P.060 Taiping,Chinese,53778,P.060,Taiping
P.060 Taiping,Indian,17546,P.060,Taiping
P.060 Taiping,Malay,48433,P.060,Taiping
P.060 Taiping,Orang Asli,34,P.060,Taiping
P.060 Taiping,Other,756,P.060,Taiping
P.061 Padang Rengas,Bumi Sabah,33,P.061,Padang Rengas
P.061 Padang Rengas,Bumi Sarawak,18,P.061,Padang Rengas
P.061 Padang Rengas,Chinese,5715,P.061,Padang Rengas
P.061 Padang Rengas,Indian,2590,P.061,Padang Rengas
P.061 Padang Rengas,Malay,30214,P.061,Padang Rengas
P.061 Padang Rengas,Other,116,P.061,Padang Rengas
P.062 Sungai Siput,Bumi Sabah,56,P.062,Sungai Siput
P.062 Sungai Siput,Bumi Sarawak,38,P.062,Sungai Siput
P.062 Sungai Siput,Chinese,24985,P.062,Sungai Siput
P.062 Sungai Siput,Indian,15298,P.062,Sungai Siput
P.062 Sungai Siput,Malay,24805,P.062,Sungai Siput
P.062 Sungai Siput,Orang Asli,7027,P.062,Sungai Siput
P.062 Sungai Siput,Other,186,P.062,Sungai Siput
P.063 Tambun,Bumi Sabah,456,P.063,Tambun
P.063 Tambun,Bumi Sarawak,592,P.063,Tambun
P.063 Tambun,Chinese,32902,P.063,Tambun
P.063 Tambun,Indian,19976,P.063,Tambun
P.063 Tambun,Malay,103920,P.063,Tambun
P.063 Tambun,Orang Asli,1588,P.063,Tambun
P.063 Tambun,Other,1124,P.063,Tambun
P.064 Ipoh Timor,Bumi Sabah,185,P.064,Ipoh Timor
P.064 Ipoh Timor,Bumi Sarawak,145,P.064,Ipoh Timor
P.064 Ipoh Timor,Chinese,80564,P.064,Ipoh Timor
P.064 Ipoh Timor,Indian,8833,P.064,Ipoh Timor
P.064 Ipoh Timor,Malay,27630,P.064,Ipoh Timor
P.064 Ipoh Timor,Orang Asli,40,P.064,Ipoh Timor
P.064 Ipoh Timor,Other,781,P.064,Ipoh Timor
P.065 Ipoh Barat,Bumi Sabah,108,P.065,Ipoh Barat
P.065 Ipoh Barat,Bumi Sarawak,111,P.065,Ipoh Barat
P.065 Ipoh Barat,Chinese,67460,P.065,Ipoh Barat
P.065 Ipoh Barat,Indian,30822,P.065,Ipoh Barat
P.065 Ipoh Barat,Malay,15499,P.065,Ipoh Barat
P.065 Ipoh Barat,Orang Asli,50,P.065,Ipoh Barat
P.065 Ipoh Barat,Other,604,P.065,Ipoh Barat
P.066 Batu Gajah,Bumi Sabah,97,P.066,Batu Gajah
P.066 Batu Gajah,Bumi Sarawak,62,P.066,Batu Gajah
P.066 Batu Gajah,Chinese,77070,P.066,Batu Gajah
P.066 Batu Gajah,Indian,19753,P.066,Batu Gajah
P.066 Batu Gajah,Malay,14354,P.066,Batu Gajah
P.066 Batu Gajah,Orang Asli,114,P.066,Batu Gajah
P.066 Batu Gajah,Other,446,P.066,Batu Gajah
P.067 Kuala Kangsar,Bumi Sabah,45,P.067,Kuala Kangsar
P.067 Kuala Kangsar,Bumi Sarawak,25,P.067,Kuala Kangsar
P.067 Kuala Kangsar,Chinese,9870,P.067,Kuala Kangsar
P.067 Kuala Kangsar,Indian,3054,P.067,Kuala Kangsar
P.067 Kuala Kangsar,Malay,33174,P.067,Kuala Kangsar
P.067 Kuala Kangsar,Orang Asli,553,P.067,Kuala Kangsar
P.067 Kuala Kangsar,Other,264,P.067,Kuala Kangsar
P.068 Beruas,Bumi Sabah,281,P.068,Beruas
P.068 Beruas,Bumi Sarawak,210,P.068,Beruas
P.068 Beruas,Chinese,61463,P.068,Beruas
P.068 Beruas,Indian,16446,P.068,Beruas
P.068 Beruas,Malay,29426,P.068,Beruas
P.068 Beruas,Orang Asli,13,P.068,Beruas
P.068 Beruas,Other,410,P.068,Beruas
P.069 Parit,Bumi Sabah,59,P.069,Parit
P.069 Parit,Bumi Sarawak,53,P.069,Parit
P.069 Parit,Chinese,941,P.069,Parit
P.069 Parit,Indian,1202,P.069,Parit
P.069 Parit,Malay,44296,P.069,Parit
P.069 Parit,Orang Asli,1075,P.069,Parit
P.069 Parit,Other,289,P.069,Parit
P.070 Kampar,Bumi Sabah,91,P.070,Kampar
P.070 Kampar,Bumi Sarawak,74,P.070,Kampar
P.070 Kampar,Chinese,47195,P.070,Kampar
P.070 Kampar,Indian,9093,P.070,Kampar
P.070 Kampar,Malay,31226,P.070,Kampar
P.070 Kampar,Orang Asli,1836,P.070,Kampar
P.070 Kampar,Other,379,P.070,Kampar
P.071 Gopeng,Bumi Sabah,249,P.071,Gopeng
P.071 Gopeng,Bumi Sarawak,153,P.071,Gopeng
P.071 Gopeng,Chinese,64210,P.071,Gopeng
P.071 Gopeng,Indian,13774,P.071,Gopeng
P.071 Gopeng,Malay,61480,P.071,Gopeng
P.071 Gopeng,Orang Asli,3063,P.071,Gopeng
P.071 Gopeng,Other,728,P.071,Gopeng
P.072 Tapah,Bumi Sabah,92,P.072,Tapah
P.072 Tapah,Bumi Sarawak,84,P.072,Tapah
P.072 Tapah,Chinese,14966,P.072,Tapah
P.072 Tapah,Indian,8548,P.072,Tapah
P.072 Tapah,Malay,28218,P.072,Tapah
P.072 Tapah,Orang Asli,9478,P.072,Tapah
P.072 Tapah,Other,560,P.072,Tapah
P.073 Pasir Salak,Bumi Sabah,48,P.073,Pasir Salak
P.073 Pasir Salak,Bumi Sarawak,32,P.073,Pasir Salak
P.073 Pasir Salak,Chinese,9117,P.073,Pasir Salak
P.073 Pasir Salak,Indian,2423,P.073,Pasir Salak
P.073 Pasir Salak,Malay,60579,P.073,Pasir Salak
P.073 Pasir Salak,Orang Asli,2354,P.073,Pasir Salak
P.073 Pasir Salak,Other,208,P.073,Pasir Salak
P.074 Lumut,Bumi Sabah,1022,P.074,Lumut
P.074 Lumut,Bumi Sarawak,584,P.074,Lumut
P.074 Lumut,Chinese,12898,P.074,Lumut
P.074 Lumut,Indian,10464,P.074,Lumut
P.074 Lumut,Malay,67437,P.074,Lumut
P.074 Lumut,Orang Asli,33,P.074,Lumut
P.074 Lumut,Other,534,P.074,Lumut
P.075 Bagan Datuk,Bumi Sabah,162,P.075,Bagan Datuk
P.075 Bagan Datuk,Bumi Sarawak,33,P.075,Bagan Datuk
P.075 Bagan Datuk,Chinese,11979,P.075,Bagan Datuk
P.075 Bagan Datuk,Indian,12610,P.075,Bagan Datuk
P.075 Bagan Datuk,Malay,32762,P.075,Bagan Datuk
P.075 Bagan Datuk,Orang Asli,4,P.075,Bagan Datuk
P.075 Bagan Datuk,Other,633,P.075,Bagan Datuk
P.076 Teluk Intan,Bumi Sabah,44,P.076,Teluk Intan
P.076 Teluk Intan,Bumi Sarawak,40,P.076,Teluk Intan
P.076 Teluk Intan,Chinese,33420,P.076,Teluk Intan
P.076 Teluk Intan,Indian,16262,P.076,Teluk Intan
P.076 Teluk Intan,Malay,36634,P.076,Teluk Intan
P.076 Teluk Intan,Orang Asli,221,P.076,Teluk Intan
P.076 Teluk Intan,Other,601,P.076,Teluk Intan
P.077 Tanjong Malim,Bumi Sabah,135,P.077,Tanjong Malim
P.077 Tanjong Malim,Bumi Sarawak,89,P.077,Tanjong Malim
P.077 Tanjong Malim,Chinese,22130,P.077,Tanjong Malim
P.077 Tanjong Malim,Indian,12143,P.077,Tanjong Malim
P.077 Tanjong Malim,Malay,51672,P.077,Tanjong Malim
P.077 Tanjong Malim,Orang Asli,6825,P.077,Tanjong Malim
P.077 Tanjong Malim,Other,879,P.077,Tanjong Malim
P.078 Cameron Highlands,Bumi Sabah,133,P.078,Cameron Highlands
P.078 Cameron Highlands,Bumi Sarawak,52,P.078,Cameron Highlands
P.078 Cameron Highlands,Chinese,12426,P.078,Cameron Highlands
P.078 Cameron Highlands,Indian,5539,P.078,Cameron Highlands
P.078 Cameron Highlands,Malay,14237,P.078,Cameron Highlands
P.078 Cameron Highlands,Orang Asli,13374,P.078,Cameron Highlands
P.078 Cameron Highlands,Other,259,P.078,Cameron Highlands
P.079 Lipis,Bumi Sabah,52,P.079,Lipis
P.079 Lipis,Bumi Sarawak,32,P.079,Lipis
P.079 Lipis,Chinese,6935,P.079,Lipis
P.079 Lipis,Indian,2332,P.079,Lipis
P.079 Lipis,Malay,36920,P.079,Lipis
P.079 Lipis,Orang Asli,549,P.079,Lipis
P.079 Lipis,Other,304,P.079,Lipis
P.080 Raub,Bumi Sabah,49,P.080,Raub
P.080 Raub,Bumi Sarawak,37,P.080,Raub
P.080 Raub,Chinese,27404,P.080,Raub
P.080 Raub,Indian,4645,P.080,Raub
P.080 Raub,Malay,39134,P.080,Raub
P.080 Raub,Orang Asli,3288,P.080,Raub
P.080 Raub,Other,507,P.080,Raub
P.081 Jerantut,Bumi Sabah,79,P.081,Jerantut
P.081 Jerantut,Bumi Sarawak,54,P.081,Jerantut
P.081 Jerantut,Chinese,10231,P.081,Jerantut
P.081 Jerantut,Indian,2134,P.081,Jerantut
P.081 Jerantut,Malay,71576,P.081,Jerantut
P.081 Jerantut,Orang Asli,2341,P.081,Jerantut
P.081 Jerantut,Other,636,P.081,Jerantut
P.082 Indera Mahkota,Bumi Sabah,476,P.082,Indera Mahkota
P.082 Indera Mahkota,Bumi Sarawak,277,P.082,Indera Mahkota
P.082 Indera Mahkota,Chinese,30528,P.082,Indera Mahkota
P.082 Indera Mahkota,Indian,6672,P.082,Indera Mahkota
P.082 Indera Mahkota,Malay,81466,P.082,Indera Mahkota
P.082 Indera Mahkota,Orang Asli,117,P.082,Indera Mahkota
P.082 Indera Mahkota,Other,1013,P.082,Indera Mahkota
P.083 Kuantan,Bumi Sabah,147,P.083,Kuantan
P.083 Kuantan,Bumi Sarawak,102,P.083,Kuantan
P.083 Kuantan,Chinese,22871,P.083,Kuantan
P.083 Kuantan,Indian,2791,P.083,Kuantan
P.083 Kuantan,Malay,60705,P.083,Kuantan
P.083 Kuantan,Orang Asli,204,P.083,Kuantan
P.083 Kuantan,Other,777,P.083,Kuantan
P.084 Paya Besar,Bumi Sabah,85,P.084,Paya Besar
P.084 Paya Besar,Bumi Sarawak,78,P.084,Paya Besar
P.084 Paya Besar,Chinese,8733,P.084,Paya Besar
P.084 Paya Besar,Indian,1521,P.084,Paya Besar
P.084 Paya Besar,Malay,67050,P.084,Paya Besar
P.084 Paya Besar,Orang Asli,1268,P.084,Paya Besar
P.084 Paya Besar,Other,1009,P.084,Paya Besar
P.085 Pekan,Bumi Sabah,466,P.085,Pekan
P.085 Pekan,Bumi Sarawak,617,P.085,Pekan
P.085 Pekan,Chinese,2091,P.085,Pekan
P.085 Pekan,Indian,823,P.085,Pekan
P.085 Pekan,Malay,101465,P.085,Pekan
P.085 Pekan,Orang Asli,11293,P.085,Pekan
P.085 Pekan,Other,2688,P.085,Pekan
P.086 Maran,Bumi Sabah,49,P.086,Maran
P.086 Maran,Bumi Sarawak,32,P.086,Maran
P.086 Maran,Chinese,3084,P.086,Maran
P.086 Maran,Indian,730,P.086,Maran
P.086 Maran,Malay,47478,P.086,Maran
P.086 Maran,Orang Asli,1252,P.086,Maran
P.086 Maran,Other,503,P.086,Maran
P.087 Kuala Krau,Bumi Sabah,61,P.087,Kuala Krau
P.087 Kuala Krau,Bumi Sarawak,25,P.087,Kuala Krau
P.087 Kuala Krau,Chinese,1507,P.087,Kuala Krau
P.087 Kuala Krau,Indian,1248,P.087,Kuala Krau
P.087 Kuala Krau,Malay,53673,P.087,Kuala Krau
P.087 Kuala Krau,Orang Asli,3666,P.087,Kuala Krau
P.087 Kuala Krau,Other,357,P.087,Kuala Krau
P.088 Temerloh,Bumi Sabah,406,P.088,Temerloh
P.088 Temerloh,Bumi Sarawak,569,P.088,Temerloh
P.088 Temerloh,Chinese,22385,P.088,Temerloh
P.088 Temerloh,Indian,8636,P.088,Temerloh
P.088 Temerloh,Malay,70885,P.088,Temerloh
P.088 Temerloh,Orang Asli,1487,P.088,Temerloh
P.088 Temerloh,Other,2461,P.088,Temerloh
P.089 Bentong,Bumi Sabah,152,P.089,Bentong
P.089 Bentong,Bumi Sarawak,152,P.089,Bentong
P.089 Bentong,Chinese,32918,P.089,Bentong
P.089 Bentong,Indian,7865,P.089,Bentong
P.089 Bentong,Malay,43048,P.089,Bentong
P.089 Bentong,Orang Asli,2342,P.089,Bentong
P.089 Bentong,Other,581,P.089,Bentong
P.090 Bera,Bumi Sabah,324,P.090,Bera
P.090 Bera,Bumi Sarawak,317,P.090,Bera
P.090 Bera,Chinese,21103,P.090,Bera
P.090 Bera,Indian,2796,P.090,Bera
P.090 Bera,Malay,48602,P.090,Bera
P.090 Bera,Orang Asli,3977,P.090,Bera
P.090 Bera,Other,550,P.090,Bera
P.091 Rompin,Bumi Sabah,139,P.091,Rompin
P.091 Rompin,Bumi Sarawak,81,P.091,Rompin
P.091 Rompin,Chinese,2153,P.091,Rompin
P.091 Rompin,Indian,774,P.091,Rompin
P.091 Rompin,Malay,74171,P.091,Rompin
P.091 Rompin,Orang Asli,10741,P.091,Rompin
P.091 Rompin,Other,1072,P.091,Rompin
P.092 Sabak Bernam,Bumi Sabah,48,P.092,Sabak Bernam
P.092 Sabak Bernam,Bumi Sarawak,39,P.092,Sabak Bernam
P.092 Sabak Bernam,Chinese,6733,P.092,Sabak Bernam
P.092 Sabak Bernam,Indian,2504,P.092,Sabak Bernam
P.092 Sabak Bernam,Malay,42002,P.092,Sabak Bernam
P.092 Sabak Bernam,Orang Asli,4,P.092,Sabak Bernam
P.092 Sabak Bernam,Other,279,P.092,Sabak Bernam
P.093 Sungai Besar,Bumi Sabah,132,P.093,Sungai Besar
P.093 Sungai Besar,Bumi Sarawak,50,P.093,Sungai Besar
P.093 Sungai Besar,Chinese,18881,P.093,Sungai Besar
P.093 Sungai Besar,Indian,1344,P.093,Sungai Besar
P.093 Sungai Besar,Malay,43370,P.093,Sungai Besar
P.093 Sungai Besar,Orang Asli,8,P.093,Sungai Besar
P.093 Sungai Besar,Other,597,P.093,Sungai Besar
P.094 Hulu Selangor,Bumi Sabah,524,P.094,Hulu Selangor
P.094 Hulu Selangor,Bumi Sarawak,367,P.094,Hulu Selangor
P.094 Hulu Selangor,Chinese,27772,P.094,Hulu Selangor
P.094 Hulu Selangor,Indian,23161,P.094,Hulu Selangor
P.094 Hulu Selangor,Malay,97393,P.094,Hulu Selangor
P.094 Hulu Selangor,Orang Asli,2849,P.094,Hulu Selangor
P.094 Hulu Selangor,Other,2251,P.094,Hulu Selangor
P.095 Tanjong Karang,Bumi Sabah,63,P.095,Tanjong Karang
P.095 Tanjong Karang,Bumi Sarawak,35,P.095,Tanjong Karang
P.095 Tanjong Karang,Chinese,10687,P.095,Tanjong Karang
P.095 Tanjong Karang,Indian,5065,P.095,Tanjong Karang
P.095 Tanjong Karang,Malay,45582,P.095,Tanjong Karang
P.095 Tanjong Karang,Orang Asli,4,P.095,Tanjong Karang
P.095 Tanjong Karang,Other,758,P.095,Tanjong Karang
P.096 Kuala Selangor,Bumi Sabah,216,P.096,Kuala Selangor
P.096 Kuala Selangor,Bumi Sarawak,108,P.096,Kuala Selangor
P.096 Kuala Selangor,Chinese,12279,P.096,Kuala Selangor
P.096 Kuala Selangor,Indian,19911,P.096,Kuala Selangor
P.096 Kuala Selangor,Malay,69169,P.096,Kuala Selangor
P.096 Kuala Selangor,Orang Asli,16,P.096,Kuala Selangor
P.096 Kuala Selangor,Other,1252,P.096,Kuala Selangor
P.097 Selayang,Bumi Sabah,777,P.097,Selayang
P.097 Selayang,Bumi Sarawak,445,P.097,Selayang
P.097 Selayang,Chinese,47487,P.097,Selayang
P.097 Selayang,Indian,32297,P.097,Selayang
P.097 Selayang,Malay,94202,P.097,Selayang
P.097 Selayang,Orang Asli,462,P.097,Selayang
P.097 Selayang,Other,5869,P.097,Selayang
P.098 Gombak,Bumi Sabah,534,P.098,Gombak
P.098 Gombak,Bumi Sarawak,315,P.098,Gombak
P.098 Gombak,Chinese,22401,P.098,Gombak
P.098 Gombak,Indian,22337,P.098,Gombak
P.098 Gombak,Malay,144752,P.098,Gombak
P.098 Gombak,Orang Asli,1055,P.098,Gombak
P.098 Gombak,Other,15350,P.098,Gombak
P.099 Ampang,Bumi Sabah,585,P.099,Ampang
P.099 Ampang,Bumi Sarawak,338,P.099,Ampang
P.099 Ampang,Chinese,43035,P.099,Ampang
P.099 Ampang,Indian,12855,P.099,Ampang
P.099 Ampang,Malay,68949,P.099,Ampang
P.099 Ampang,Orang Asli,20,P.099,Ampang
P.099 Ampang,Other,7712,P.099,Ampang
P.100 Pandan,Bumi Sabah,1137,P.100,Pandan
P.100 Pandan,Bumi Sarawak,457,P.100,Pandan
P.100 Pandan,Chinese,69930,P.100,Pandan
P.100 Pandan,Indian,11742,P.100,Pandan
P.100 Pandan,Malay,59852,P.100,Pandan
P.100 Pandan,Orang Asli,29,P.100,Pandan
P.100 Pandan,Other,5583,P.100,Pandan
P.101 Hulu Langat,Bumi Sabah,812,P.101,Hulu Langat
P.101 Hulu Langat,Bumi Sarawak,504,P.101,Hulu Langat
P.101 Hulu Langat,Chinese,34823,P.101,Hulu Langat
P.101 Hulu Langat,Indian,17748,P.101,Hulu Langat
P.101 Hulu Langat,Malay,106314,P.101,Hulu Langat
P.101 Hulu Langat,Orang Asli,1506,P.101,Hulu Langat
P.101 Hulu Langat,Other,5195,P.101,Hulu Langat
P.102 Bangi,Bumi Sabah,1866,P.102,Bangi
P.102 Bangi,Bumi Sarawak,1063,P.102,Bangi
P.102 Bangi,Chinese,111793,P.102,Bangi
P.102 Bangi,Indian,33687,P.102,Bangi
P.102 Bangi,Malay,147719,P.102,Bangi
P.102 Bangi,Orang Asli,46,P.102,Bangi
P.102 Bangi,Other,7256,P.102,Bangi
P.103 Puchong,Bumi Sabah,1070,P.103,Puchong
P.103 Puchong,Bumi Sarawak,484,P.103,Puchong
P.103 Puchong,Chinese,75285,P.103,Puchong
P.103 Puchong,Indian,16706,P.103,Puchong
P.103 Puchong,Malay,57299,P.103,Puchong
P.103 Puchong,Orang Asli,281,P.103,Puchong
P.103 Puchong,Other,1736,P.103,Puchong
P.104 Subang,Bumi Sabah,1877,P.104,Subang
P.104 Subang,Bumi Sarawak,1054,P.104,Subang
P.104 Subang,Chinese,124741,P.104,Subang
P.104 Subang,Indian,38687,P.104,Subang
P.104 Subang,Malay,60920,P.104,Subang
P.104 Subang,Orang Asli,35,P.104,Subang
P.104 Subang,Other,3626,P.104,Subang
P.105 Petaling Jaya,Bumi Sabah,1280,P.105,Petaling Jaya
P.105 Petaling Jaya,Bumi Sarawak,615,P.105,Petaling Jaya
P.105 Petaling Jaya,Chinese,57592,P.105,Petaling Jaya
P.105 Petaling Jaya,Indian,40335,P.105,Petaling Jaya
P.105 Petaling Jaya,Malay,90416,P.105,Petaling Jaya
P.105 Petaling Jaya,Orang Asli,27,P.105,Petaling Jaya
P.105 Petaling Jaya,Other,4883,P.105,Petaling Jaya
P.106 Damansara,Bumi Sabah,1181,P.106,Damansara
P.106 Damansara,Bumi Sarawak,595,P.106,Damansara
P.106 Damansara,Chinese,158003,P.106,Damansara
P.106 Damansara,Indian,23745,P.106,Damansara
P.106 Damansara,Malay,49677,P.106,Damansara
P.106 Damansara,Orang Asli,613,P.106,Damansara
P.106 Damansara,Other,5289,P.106,Damansara
P.107 Sungai Buloh,Bumi Sabah,1260,P.107,Sungai Buloh
P.107 Sungai Buloh,Bumi Sarawak,676,P.107,Sungai Buloh
P.107 Sungai Buloh,Chinese,32559,P.107,Sungai Buloh
P.107 Sungai Buloh,Indian,16341,P.107,Sungai Buloh
P.107 Sungai Buloh,Malay,99419,P.107,Sungai Buloh
P.107 Sungai Buloh,Orang Asli,104,P.107,Sungai Buloh
P.107 Sungai Buloh,Other,7731,P.107,Sungai Buloh
P.108 Shah Alam,Bumi Sabah,910,P.108,Shah Alam
P.108 Shah Alam,Bumi Sarawak,463,P.108,Shah Alam
P.108 Shah Alam,Chinese,21126,P.108,Shah Alam
P.108 Shah Alam,Indian,19526,P.108,Shah Alam
P.108 Shah Alam,Malay,121790,P.108,Shah Alam
P.108 Shah Alam,Orang Asli,157,P.108,Shah Alam
P.108 Shah Alam,Other,1772,P.108,Shah Alam
P.109 Kapar,Bumi Sabah,956,P.109,Kapar
P.109 Kapar,Bumi Sarawak,278,P.109,Kapar
P.109 Kapar,Chinese,28720,P.109,Kapar
P.109 Kapar,Indian,26764,P.109,Kapar
P.109 Kapar,Malay,129147,P.109,Kapar
P.109 Kapar,Orang Asli,110,P.109,Kapar
P.109 Kapar,Other,3394,P.109,Kapar
P.110 Klang,Bumi Sabah,1472,P.110,Klang
P.110 Klang,Bumi Sarawak,413,P.110,Klang
P.110 Klang,Chinese,109987,P.110,Klang
P.110 Klang,Indian,37962,P.110,Klang
P.110 Klang,Malay,56192,P.110,Klang
P.110 Klang,Orang Asli,203,P.110,Klang
P.110 Klang,Other,2684,P.110,Klang
P.111 Kota Raja,Bumi Sabah,3222,P.111,Kota Raja
P.111 Kota Raja,Bumi Sarawak,752,P.111,Kota Raja
P.111 Kota Raja,Chinese,72654,P.111,Kota Raja
P.111 Kota Raja,Indian,66598,P.111,Kota Raja
P.111 Kota Raja,Malay,97842,P.111,Kota Raja
P.111 Kota Raja,Orang Asli,47,P.111,Kota Raja
P.111 Kota Raja,Other,3597,P.111,Kota Raja
P.112 Kuala Langat,Bumi Sabah,644,P.112,Kuala Langat
P.112 Kuala Langat,Bumi Sarawak,222,P.112,Kuala Langat
P.112 Kuala Langat,Chinese,35075,P.112,Kuala Langat
P.112 Kuala Langat,Indian,25506,P.112,Kuala Langat
P.112 Kuala Langat,Malay,82022,P.112,Kuala Langat
P.112 Kuala Langat,Orang Asli,3018,P.112,Kuala Langat
P.112 Kuala Langat,Other,2150,P.112,Kuala Langat
P.113 Sepang,Bumi Sabah,1222,P.113,Sepang
P.113 Sepang,Bumi Sarawak,611,P.113,Sepang
P.113 Sepang,Chinese,31951,P.113,Sepang
P.113 Sepang,Indian,21824,P.113,Sepang
P.113 Sepang,Malay,106326,P.113,Sepang
P.113 Sepang,Orang Asli,3546,P.113,Sepang
P.113 Sepang,Other,2559,P.113,Sepang
P.114 Kepong,Bumi Sabah,834,P.114,Kepong
P.114 Kepong,Bumi Sarawak,127,P.114,Kepong
P.114 Kepong,Chinese,80564,P.114,Kepong
P.114 Kepong,Indian,6666,P.114,Kepong
P.114 Kepong,Malay,5386,P.114,Kepong
P.114 Kepong,Orang Asli,9,P.114,Kepong
P.114 Kepong,Other,699,P.114,Kepong
P.115 Batu,Bumi Sabah,677,P.115,Batu
P.115 Batu,Bumi Sarawak,478,P.115,Batu
P.115 Batu,Chinese,39292,P.115,Batu
P.115 Batu,Indian,20665,P.115,Batu
P.115 Batu,Malay,50328,P.115,Batu
P.115 Batu,Orang Asli,40,P.115,Batu
P.115 Batu,Other,2383,P.115,Batu
P.116 Wangsa Maju,Bumi Sabah,737,P.116,Wangsa Maju
P.116 Wangsa Maju,Bumi Sarawak,707,P.116,Wangsa Maju
P.116 Wangsa Maju,Chinese,34260,P.116,Wangsa Maju
P.116 Wangsa Maju,Indian,10923,P.116,Wangsa Maju
P.116 Wangsa Maju,Malay,69551,P.116,Wangsa Maju
P.116 Wangsa Maju,Orang Asli,64,P.116,Wangsa Maju
P.116 Wangsa Maju,Other,4081,P.116,Wangsa Maju
P.117 Segambut,Bumi Sabah,394,P.117,Segambut
P.117 Segambut,Bumi Sarawak,288,P.117,Segambut
P.117 Segambut,Chinese,67919,P.117,Segambut
P.117 Segambut,Indian,14036,P.117,Segambut
P.117 Segambut,Malay,32173,P.117,Segambut
P.117 Segambut,Orang Asli,28,P.117,Segambut
P.117 Segambut,Other,4814,P.117,Segambut
P.118 Setiawangsa,Bumi Sabah,794,P.118,Setiawangsa
P.118 Setiawangsa,Bumi Sarawak,849,P.118,Setiawangsa
P.118 Setiawangsa,Chinese,23437,P.118,Setiawangsa
P.118 Setiawangsa,Indian,11186,P.118,Setiawangsa
P.118 Setiawangsa,Malay,58068,P.118,Setiawangsa
P.118 Setiawangsa,Orang Asli,43,P.118,Setiawangsa
P.118 Setiawangsa,Other,1376,P.118,Setiawangsa
P.119 Titiwangsa,Bumi Sabah,555,P.119,Titiwangsa
P.119 Titiwangsa,Bumi Sarawak,324,P.119,Titiwangsa
P.119 Titiwangsa,Chinese,13255,P.119,Titiwangsa
P.119 Titiwangsa,Indian,7450,P.119,Titiwangsa
P.119 Titiwangsa,Malay,53787,P.119,Titiwangsa
P.119 Titiwangsa,Orang Asli,27,P.119,Titiwangsa
P.119 Titiwangsa,Other,5349,P.119,Titiwangsa
P.120 Bukit Bintang,Bumi Sabah,735,P.120,Bukit Bintang
P.120 Bukit Bintang,Bumi Sarawak,291,P.120,Bukit Bintang
P.120 Bukit Bintang,Chinese,57108,P.120,Bukit Bintang
P.120 Bukit Bintang,Indian,9885,P.120,Bukit Bintang
P.120 Bukit Bintang,Malay,10514,P.120,Bukit Bintang
P.120 Bukit Bintang,Orang Asli,16,P.120,Bukit Bintang
P.120 Bukit Bintang,Other,1233,P.120,Bukit Bintang
P.121 Lembah Pantai,Bumi Sabah,1002,P.121,Lembah Pantai
P.121 Lembah Pantai,Bumi Sarawak,566,P.121,Lembah Pantai
P.121 Lembah Pantai,Chinese,19446,P.121,Lembah Pantai
P.121 Lembah Pantai,Indian,17456,P.121,Lembah Pantai
P.121 Lembah Pantai,Malay,60377,P.121,Lembah Pantai
P.121 Lembah Pantai,Orang Asli,42,P.121,Lembah Pantai
P.121 Lembah Pantai,Other,2939,P.121,Lembah Pantai
P.122 Seputeh,Bumi Sabah,658,P.122,Seputeh
P.122 Seputeh,Bumi Sarawak,257,P.122,Seputeh
P.122 Seputeh,Chinese,95673,P.122,Seputeh
P.122 Seputeh,Indian,11184,P.122,Seputeh
P.122 Seputeh,Malay,15272,P.122,Seputeh
P.122 Seputeh,Orang Asli,15,P.122,Seputeh
P.122 Seputeh,Other,1746,P.122,Seputeh
P.123 Cheras,Bumi Sabah,570,P.123,Cheras
P.123 Cheras,Bumi Sarawak,215,P.123,Cheras
P.123 Cheras,Chinese,77887,P.123,Cheras
P.123 Cheras,Indian,7844,P.123,Cheras
P.123 Cheras,Malay,13782,P.123,Cheras
P.123 Cheras,Orang Asli,11,P.123,Cheras
P.123 Cheras,Other,875,P.123,Cheras
P.124 Bandar Tun Razak,Bumi Sabah,852,P.124,Bandar Tun Razak
P.124 Bandar Tun Razak,Bumi Sarawak,677,P.124,Bandar Tun Razak
P.124 Bandar Tun Razak,Chinese,31834,P.124,Bandar Tun Razak
P.124 Bandar Tun Razak,Indian,10333,P.124,Bandar Tun Razak
P.124 Bandar Tun Razak,Malay,74325,P.124,Bandar Tun Razak
P.124 Bandar Tun Razak,Orang Asli,25,P.124,Bandar Tun Razak
P.124 Bandar Tun Razak,Other,1139,P.124,Bandar Tun Razak
P.125 Putrajaya,Bumi Sabah,512,P.125,Putrajaya
P.125 Putrajaya,Bumi Sarawak,194,P.125,Putrajaya
P.125 Putrajaya,Chinese,379,P.125,Putrajaya
P.125 Putrajaya,Indian,1160,P.125,Putrajaya
P.125 Putrajaya,Malay,40316,P.125,Putrajaya
P.125 Putrajaya,Orang Asli,27,P.125,Putrajaya
P.125 Putrajaya,Other,293,P.125,Putrajaya
P.126 Jelebu,Bumi Sabah,94,P.126,Jelebu
P.126 Jelebu,Bumi Sarawak,47,P.126,Jelebu
P.126 Jelebu,Chinese,13885,P.126,Jelebu
P.126 Jelebu,Indian,3258,P.126,Jelebu
P.126 Jelebu,Malay,38796,P.126,Jelebu
P.126 Jelebu,Orang Asli,3139,P.126,Jelebu
P.126 Jelebu,Other,342,P.126,Jelebu
P.127 Jempol,Bumi Sabah,102,P.127,Jempol
P.127 Jempol,Bumi Sarawak,74,P.127,Jempol
P.127 Jempol,Chinese,21020,P.127,Jempol
P.127 Jempol,Indian,12205,P.127,Jempol
P.127 Jempol,Malay,61047,P.127,Jempol
P.127 Jempol,Orang Asli,858,P.127,Jempol
P.127 Jempol,Other,507,P.127,Jempol
P.128 Seremban,Bumi Sabah,594,P.128,Seremban
P.128 Seremban,Bumi Sarawak,359,P.128,Seremban
P.128 Seremban,Chinese,49872,P.128,Seremban
P.128 Seremban,Indian,21702,P.128,Seremban
P.128 Seremban,Malay,81222,P.128,Seremban
P.128 Seremban,Orang Asli,1260,P.128,Seremban
P.128 Seremban,Other,2235,P.128,Seremban
P.129 Kuala Pilah,Bumi Sabah,88,P.129,Kuala Pilah
P.129 Kuala Pilah,Bumi Sarawak,65,P.129,Kuala Pilah
P.129 Kuala Pilah,Chinese,9854,P.129,Kuala Pilah
P.129 Kuala Pilah,Indian,3311,P.129,Kuala Pilah
P.129 Kuala Pilah,Malay,48175,P.129,Kuala Pilah
P.129 Kuala Pilah,Orang Asli,1397,P.129,Kuala Pilah
P.129 Kuala Pilah,Other,357,P.129,Kuala Pilah
P.130 Rasah,Bumi Sabah,555,P.130,Rasah
P.130 Rasah,Bumi Sarawak,467,P.130,Rasah
P.130 Rasah,Chinese,66036,P.130,Rasah
P.130 Rasah,Indian,34798,P.130,Rasah
P.130 Rasah,Malay,51381,P.130,Rasah
P.130 Rasah,Orang Asli,612,P.130,Rasah
P.130 Rasah,Other,2047,P.130,Rasah
P.131 Rembau,Bumi Sabah,329,P.131,Rembau
P.131 Rembau,Bumi Sarawak,222,P.131,Rembau
P.131 Rembau,Chinese,11695,P.131,Rembau
P.131 Rembau,Indian,21229,P.131,Rembau
P.131 Rembau,Malay,98432,P.131,Rembau
P.131 Rembau,Orang Asli,550,P.131,Rembau
P.131 Rembau,Other,1098,P.131,Rembau
P.132 Port Dickson,Bumi Sabah,995,P.132,Port Dickson
P.132 Port Dickson,Bumi Sarawak,1004,P.132,Port Dickson
P.132 Port Dickson,Chinese,32840,P.132,Port Dickson
P.132 Port Dickson,Indian,22028,P.132,Port Dickson
P.132 Port Dickson,Malay,46171,P.132,Port Dickson
P.132 Port Dickson,Orang Asli,318,P.132,Port Dickson
P.132 Port Dickson,Other,1094,P.132,Port Dickson
P.133 Tampin,Bumi Sabah,417,P.133,Tampin
P.133 Tampin,Bumi Sarawak,665,P.133,Tampin
P.133 Tampin,Chinese,19051,P.133,Tampin
P.133 Tampin,Indian,9919,P.133,Tampin
P.133 Tampin,Malay,50390,P.133,Tampin
P.133 Tampin,Orang Asli,148,P.133,Tampin
P.133 Tampin,Other,509,P.133,Tampin
P.134 Masjid Tanah,Bumi Sabah,163,P.134,Masjid Tanah
P.134 Masjid Tanah,Bumi Sarawak,109,P.134,Masjid Tanah
P.134 Masjid Tanah,Chinese,8093,P.134,Masjid Tanah
P.134 Masjid Tanah,Indian,2506,P.134,Masjid Tanah
P.134 Masjid Tanah,Malay,56740,P.134,Masjid Tanah
P.134 Masjid Tanah,Orang Asli,307,P.134,Masjid Tanah
P.134 Masjid Tanah,Other,1256,P.134,Masjid Tanah
P.135 Alor Gajah,Bumi Sabah,164,P.135,Alor Gajah
P.135 Alor Gajah,Bumi Sarawak,130,P.135,Alor Gajah
P.135 Alor Gajah,Chinese,22098,P.135,Alor Gajah
P.135 Alor Gajah,Indian,12160,P.135,Alor Gajah
P.135 Alor Gajah,Malay,57412,P.135,Alor Gajah
P.135 Alor Gajah,Orang Asli,710,P.135,Alor Gajah
P.135 Alor Gajah,Other,637,P.135,Alor Gajah
P.136 Tangga Batu,Bumi Sabah,1712,P.136,Tangga Batu
P.136 Tangga Batu,Bumi Sarawak,1787,P.136,Tangga Batu
P.136 Tangga Batu,Chinese,25723,P.136,Tangga Batu
P.136 Tangga Batu,Indian,4206,P.136,Tangga Batu
P.136 Tangga Batu,Malay,80549,P.136,Tangga Batu
P.136 Tangga Batu,Orang Asli,68,P.136,Tangga Batu
P.136 Tangga Batu,Other,1953,P.136,Tangga Batu
P.137 Hang Tuah Jaya,Bumi Sabah,373,P.137,Hang Tuah Jaya
P.137 Hang Tuah Jaya,Bumi Sarawak,213,P.137,Hang Tuah Jaya
P.137 Hang Tuah Jaya,Chinese,36148,P.137,Hang Tuah Jaya
P.137 Hang Tuah Jaya,Indian,7130,P.137,Hang Tuah Jaya
P.137 Hang Tuah Jaya,Malay,73364,P.137,Hang Tuah Jaya
P.137 Hang Tuah Jaya,Orang Asli,17,P.137,Hang Tuah Jaya
P.137 Hang Tuah Jaya,Other,1248,P.137,Hang Tuah Jaya
P.138 Kota Melaka,Bumi Sabah,393,P.138,Kota Melaka
P.138 Kota Melaka,Bumi Sarawak,279,P.138,Kota Melaka
P.138 Kota Melaka,Chinese,88742,P.138,Kota Melaka
P.138 Kota Melaka,Indian,7246,P.138,Kota Melaka
P.138 Kota Melaka,Malay,64276,P.138,Kota Melaka
P.138 Kota Melaka,Orang Asli,19,P.138,Kota Melaka
P.138 Kota Melaka,Other,3185,P.138,Kota Melaka
P.139 Jasin,Bumi Sabah,93,P.139,Jasin
P.139 Jasin,Bumi Sarawak,70,P.139,Jasin
P.139 Jasin,Chinese,14844,P.139,Jasin
P.139 Jasin,Indian,9694,P.139,Jasin
P.139 Jasin,Malay,70653,P.139,Jasin
P.139 Jasin,Orang Asli,139,P.139,Jasin
P.139 Jasin,Other,715,P.139,Jasin
P.140 Segamat,Bumi Sabah,122,P.140,Segamat
P.140 Segamat,Bumi Sarawak,125,P.140,Segamat
P.140 Segamat,Chinese,29605,P.140,Segamat
P.140 Segamat,Indian,6420,P.140,Segamat
P.140 Segamat,Malay,32444,P.140,Segamat
P.140 Segamat,Orang Asli,122,P.140,Segamat
P.140 Segamat,Other,522,P.140,Segamat
P.141 Sekijang,Bumi Sabah,49,P.141,Sekijang
P.141 Sekijang,Bumi Sarawak,51,P.141,Sekijang
P.141 Sekijang,Chinese,23358,P.141,Sekijang
P.141 Sekijang,Indian,2593,P.141,Sekijang
P.141 Sekijang,Malay,37018,P.141,Sekijang
P.141 Sekijang,Orang Asli,210,P.141,Sekijang
P.141 Sekijang,Other,702,P.141,Sekijang
P.142 Labis,Bumi Sabah,70,P.142,Labis
P.142 Labis,Bumi Sarawak,25,P.142,Labis
P.142 Labis,Chinese,21735,P.142,Labis
P.142 Labis,Indian,7647,P.142,Labis
P.142 Labis,Malay,18797,P.142,Labis
P.142 Labis,Orang Asli,1169,P.142,Labis
P.142 Labis,Other,403,P.142,Labis
P.143 Pagoh,Bumi Sabah,65,P.143,Pagoh
P.143 Pagoh,Bumi Sarawak,34,P.143,Pagoh
P.143 Pagoh,Chinese,20444,P.143,Pagoh
P.143 Pagoh,Indian,2359,P.143,Pagoh
P.143 Pagoh,Malay,46281,P.143,Pagoh
P.143 Pagoh,Orang Asli,409,P.143,Pagoh
P.143 Pagoh,Other,347,P.143,Pagoh
P.144 Ledang,Bumi Sabah,113,P.144,Ledang
P.144 Ledang,Bumi Sarawak,58,P.144,Ledang
P.144 Ledang,Chinese,40251,P.144,Ledang
P.144 Ledang,Indian,5090,P.144,Ledang
P.144 Ledang,Malay,57912,P.144,Ledang
P.144 Ledang,Orang Asli,470,P.144,Ledang
P.144 Ledang,Other,683,P.144,Ledang
P.145 Bakri,Bumi Sabah,146,P.145,Bakri
P.145 Bakri,Bumi Sarawak,115,P.145,Bakri
P.145 Bakri,Chinese,50250,P.145,Bakri
P.145 Bakri,Indian,2039,P.145,Bakri
P.145 Bakri,Malay,44231,P.145,Bakri
P.145 Bakri,Orang Asli,11,P.145,Bakri
P.145 Bakri,Other,543,P.145,Bakri
P.146 Muar,Bumi Sabah,104,P.146,Muar
P.146 Muar,Bumi Sarawak,65,P.146,Muar
P.146 Muar,Chinese,21535,P.146,Muar
P.146 Muar,Indian,901,P.146,Muar
P.146 Muar,Malay,45775,P.146,Muar
P.146 Muar,Orang Asli,71,P.146,Muar
P.146 Muar,Other,474,P.146,Muar
P.147 Parit Sulong,Bumi Sabah,49,P.147,Parit Sulong
P.147 Parit Sulong,Bumi Sarawak,48,P.147,Parit Sulong
P.147 Parit Sulong,Chinese,14258,P.147,Parit Sulong
P.147 Parit Sulong,Indian,345,P.147,Parit Sulong
P.147 Parit Sulong,Malay,63901,P.147,Parit Sulong
P.147 Parit Sulong,Orang Asli,274,P.147,Parit Sulong
P.147 Parit Sulong,Other,609,P.147,Parit Sulong
P.148 Ayer Hitam,Bumi Sabah,49,P.148,Ayer Hitam
P.148 Ayer Hitam,Bumi Sarawak,32,P.148,Ayer Hitam
P.148 Ayer Hitam,Chinese,22598,P.148,Ayer Hitam
P.148 Ayer Hitam,Indian,2509,P.148,Ayer Hitam
P.148 Ayer Hitam,Malay,35249,P.148,Ayer Hitam
P.148 Ayer Hitam,Orang Asli,25,P.148,Ayer Hitam
P.148 Ayer Hitam,Other,579,P.148,Ayer Hitam
P.149 Sri Gading,Bumi Sabah,100,P.149,Sri Gading
P.149 Sri Gading,Bumi Sarawak,49,P.149,Sri Gading
P.149 Sri Gading,Chinese,26577,P.149,Sri Gading
P.149 Sri Gading,Indian,1050,P.149,Sri Gading
P.149 Sri Gading,Malay,50139,P.149,Sri Gading
P.149 Sri Gading,Orang Asli,35,P.149,Sri Gading
P.149 Sri Gading,Other,652,P.149,Sri Gading
P.150 Batu Pahat,Bumi Sabah,152,P.150,Batu Pahat
P.150 Batu Pahat,Bumi Sarawak,110,P.150,Batu Pahat
P.150 Batu Pahat,Chinese,59916,P.150,Batu Pahat
P.150 Batu Pahat,Indian,1890,P.150,Batu Pahat
P.150 Batu Pahat,Malay,69668,P.150,Batu Pahat
P.150 Batu Pahat,Orang Asli,801,P.150,Batu Pahat
P.150 Batu Pahat,Other,1373,P.150,Batu Pahat
P.151 Simpang Renggam,Bumi Sabah,128,P.151,Simpang Renggam
P.151 Simpang Renggam,Bumi Sarawak,79,P.151,Simpang Renggam
P.151 Simpang Renggam,Chinese,16832,P.151,Simpang Renggam
P.151 Simpang Renggam,Indian,5041,P.151,Simpang Renggam
P.151 Simpang Renggam,Malay,35887,P.151,Simpang Renggam
P.151 Simpang Renggam,Orang Asli,92,P.151,Simpang Renggam
P.151 Simpang Renggam,Other,974,P.151,Simpang Renggam
P.152 Kluang,Bumi Sabah,513,P.152,Kluang
P.152 Kluang,Bumi Sarawak,808,P.152,Kluang
P.152 Kluang,Chinese,60835,P.152,Kluang
P.152 Kluang,Indian,13789,P.152,Kluang
P.152 Kluang,Malay,54838,P.152,Kluang
P.152 Kluang,Orang Asli,131,P.152,Kluang
P.152 Kluang,Other,1428,P.152,Kluang
P.153 Sembrong,Bumi Sabah,50,P.153,Sembrong
P.153 Sembrong,Bumi Sarawak,39,P.153,Sembrong
P.153 Sembrong,Chinese,15230,P.153,Sembrong
P.153 Sembrong,Indian,4819,P.153,Sembrong
P.153 Sembrong,Malay,33223,P.153,Sembrong
P.153 Sembrong,Orang Asli,930,P.153,Sembrong
P.153 Sembrong,Other,691,P.153,Sembrong
P.154 Mersing,Bumi Sabah,357,P.154,Mersing
P.154 Mersing,Bumi Sarawak,328,P.154,Mersing
P.154 Mersing,Chinese,9067,P.154,Mersing
P.154 Mersing,Indian,764,P.154,Mersing
P.154 Mersing,Malay,53887,P.154,Mersing
P.154 Mersing,Orang Asli,1416,P.154,Mersing
P.154 Mersing,Other,456,P.154,Mersing
P.155 Tenggara,Bumi Sabah,286,P.155,Tenggara
P.155 Tenggara,Bumi Sarawak,713,P.155,Tenggara
P.155 Tenggara,Chinese,10965,P.155,Tenggara
P.155 Tenggara,Indian,4716,P.155,Tenggara
P.155 Tenggara,Malay,49192,P.155,Tenggara
P.155 Tenggara,Orang Asli,426,P.155,Tenggara
P.155 Tenggara,Other,996,P.155,Tenggara
P.156 Kota Tinggi,Bumi Sabah,85,P.156,Kota Tinggi
P.156 Kota Tinggi,Bumi Sarawak,105,P.156,Kota Tinggi
P.156 Kota Tinggi,Chinese,4832,P.156,Kota Tinggi
P.156 Kota Tinggi,Indian,1070,P.156,Kota Tinggi
P.156 Kota Tinggi,Malay,54434,P.156,Kota Tinggi
P.156 Kota Tinggi,Orang Asli,86,P.156,Kota Tinggi
P.156 Kota Tinggi,Other,679,P.156,Kota Tinggi
P.157 Pengerang,Bumi Sabah,139,P.157,Pengerang
P.157 Pengerang,Bumi Sarawak,145,P.157,Pengerang
P.157 Pengerang,Chinese,4456,P.157,Pengerang
P.157 Pengerang,Indian,407,P.157,Pengerang
P.157 Pengerang,Malay,49498,P.157,Pengerang
P.157 Pengerang,Orang Asli,285,P.157,Pengerang
P.157 Pengerang,Other,386,P.157,Pengerang
P.158 Tebrau,Bumi Sabah,1188,P.158,Tebrau
P.158 Tebrau,Bumi Sarawak,2838,P.158,Tebrau
P.158 Tebrau,Chinese,86793,P.158,Tebrau
P.158 Tebrau,Indian,25286,P.158,Tebrau
P.158 Tebrau,Malay,100575,P.158,Tebrau
P.158 Tebrau,Orang Asli,233,P.158,Tebrau
P.158 Tebrau,Other,6388,P.158,Tebrau
P.159 Pasir Gudang,Bumi Sabah,4549,P.159,Pasir Gudang
P.159 Pasir Gudang,Bumi Sarawak,4653,P.159,Pasir Gudang
P.159 Pasir Gudang,Chinese,71710,P.159,Pasir Gudang
P.159 Pasir Gudang,Indian,20120,P.159,Pasir Gudang
P.159 Pasir Gudang,Malay,91966,P.159,Pasir Gudang
P.159 Pasir Gudang,Orang Asli,268,P.159,Pasir Gudang
P.159 Pasir Gudang,Other,5219,P.159,Pasir Gudang
P.160 Johor Bahru,Bumi Sabah,606,P.160,Johor Bahru
P.160 Johor Bahru,Bumi Sarawak,557,P.160,Johor Bahru
P.160 Johor Bahru,Chinese,53378,P.160,Johor Bahru
P.160 Johor Bahru,Indian,8019,P.160,Johor Bahru
P.160 Johor Bahru,Malay,70473,P.160,Johor Bahru
P.160 Johor Bahru,Orang Asli,41,P.160,Johor Bahru
P.160 Johor Bahru,Other,3294,P.160,Johor Bahru
P.161 Pulai,Bumi Sabah,875,P.161,Pulai
P.161 Pulai,Bumi Sarawak,969,P.161,Pulai
P.161 Pulai,Chinese,66557,P.161,Pulai
P.161 Pulai,Indian,20189,P.161,Pulai
P.161 Pulai,Malay,73677,P.161,Pulai
P.161 Pulai,Orang Asli,312,P.161,Pulai
P.161 Pulai,Other,2734,P.161,Pulai
P.162 Iskandar Puteri,Bumi Sabah,839,P.162,Iskandar Puteri
P.162 Iskandar Puteri,Bumi Sarawak,1833,P.162,Iskandar Puteri
P.162 Iskandar Puteri,Chinese,104961,P.162,Iskandar Puteri
P.162 Iskandar Puteri,Indian,31315,P.162,Iskandar Puteri
P.162 Iskandar Puteri,Malay,80923,P.162,Iskandar Puteri
P.162 Iskandar Puteri,Orang Asli,467,P.162,Iskandar Puteri
P.162 Iskandar Puteri,Other,2099,P.162,Iskandar Puteri
P.163 Kulai,Bumi Sabah,767,P.163,Kulai
P.163 Kulai,Bumi Sarawak,766,P.163,Kulai
P.163 Kulai,Chinese,74164,P.163,Kulai
P.163 Kulai,Indian,17498,P.163,Kulai
P.163 Kulai,Malay,56228,P.163,Kulai
P.163 Kulai,Orang Asli,44,P.163,Kulai
P.163 Kulai,Other,1780,P.163,Kulai
P.164 Pontian,Bumi Sabah,74,P.164,Pontian
P.164 Pontian,Bumi Sarawak,70,P.164,Pontian
P.164 Pontian,Chinese,20995,P.164,Pontian
P.164 Pontian,Indian,780,P.164,Pontian
P.164 Pontian,Malay,51423,P.164,Pontian
P.164 Pontian,Orang Asli,506,P.164,Pontian
P.164 Pontian,Other,1364,P.164,Pontian
P.165 Tanjung Piai,Bumi Sabah,131,P.165,Tanjung Piai
P.165 Tanjung Piai,Bumi Sarawak,99,P.165,Tanjung Piai
P.165 Tanjung Piai,Chinese,28262,P.165,Tanjung Piai
P.165 Tanjung Piai,Indian,722,P.165,Tanjung Piai
P.165 Tanjung Piai,Malay,40383,P.165,Tanjung Piai
P.165 Tanjung Piai,Orang Asli,26,P.165,Tanjung Piai
P.165 Tanjung Piai,Other,1056,P.165,Tanjung Piai
P.166 Labuan,Bumi Sabah,18812,P.166,Labuan
P.166 Labuan,Bumi Sarawak,940,P.166,Labuan
P.166 Labuan,Chinese,7456,P.166,Labuan
P.166 Labuan,Indian,532,P.166,Labuan
P.166 Labuan,Malay,14844,P.166,Labuan
P.166 Labuan,Other,1900,P.166,Labuan
P.167 Kudat,Bajau,10352,P.167,Kudat
P.167 Kudat,Brunei,1019,P.167,Kudat
P.167 Kudat,Bumi Sarawak,226,P.167,Kudat
P.167 Kudat,Chinese,5249,P.167,Kudat
P.167 Kudat,Dusun,10268,P.167,Kudat
P.167 Kudat,Indian,91,P.167,Kudat
P.167 Kudat,Kadazan,2445,P.167,Kudat
P.167 Kudat,Malay,2726,P.167,Kudat
P.167 Kudat,Murut,161,P.167,Kudat
P.167 Kudat,Other,12279,P.167,Kudat
P.167 Kudat,Other Bumi Sabah,22958,P.167,Kudat
P.167 Kudat,Sungai,7950,P.167,Kudat
P.168 Kota Marudu,Bajau,8297,P.168,Kota Marudu
P.168 Kota Marudu,Brunei,770,P.168,Kota Marudu
P.168 Kota Marudu,Bumi Sarawak,251,P.168,Kota Marudu
P.168 Kota Marudu,Chinese,1599,P.168,Kota Marudu
P.168 Kota Marudu,Dusun,28208,P.168,Kota Marudu
P.168 Kota Marudu,Indian,66,P.168,Kota Marudu
P.168 Kota Marudu,Kadazan,11888,P.168,Kota Marudu
P.168 Kota Marudu,Malay,1860,P.168,Kota Marudu
P.168 Kota Marudu,Murut,141,P.168,Kota Marudu
P.168 Kota Marudu,Other,1974,P.168,Kota Marudu
P.168 Kota Marudu,Other Bumi Sabah,25031,P.168,Kota Marudu
P.168 Kota Marudu,Sungai,650,P.168,Kota Marudu
P.169 Kota Belud,Bajau,28145,P.169,Kota Belud
P.169 Kota Belud,Brunei,443,P.169,Kota Belud
P.169 Kota Belud,Bumi Sarawak,241,P.169,Kota Belud
P.169 Kota Belud,Chinese,869,P.169,Kota Belud
P.169 Kota Belud,Dusun,22784,P.169,Kota Belud
P.169 Kota Belud,Indian,151,P.169,Kota Belud
P.169 Kota Belud,Kadazan,12215,P.169,Kota Belud
P.169 Kota Belud,Malay,2067,P.169,Kota Belud
P.169 Kota Belud,Murut,224,P.169,Kota Belud
P.169 Kota Belud,Other,2542,P.169,Kota Belud
P.169 Kota Belud,Other Bumi Sabah,10034,P.169,Kota Belud
P.169 Kota Belud,Sungai,170,P.169,Kota Belud
P.170 Tuaran,Bajau,24403,P.170,Tuaran
P.170 Tuaran,Brunei,1015,P.170,Tuaran
P.170 Tuaran,Bumi Sarawak,390,P.170,Tuaran
P.170 Tuaran,Chinese,3378,P.170,Tuaran
P.170 Tuaran,Dusun,29959,P.170,Tuaran
P.170 Tuaran,Indian,192,P.170,Tuaran
P.170 Tuaran,Kadazan,12074,P.170,Tuaran
P.170 Tuaran,Malay,3792,P.170,Tuaran
P.170 Tuaran,Murut,338,P.170,Tuaran
P.170 Tuaran,Other,2601,P.170,Tuaran
P.170 Tuaran,Other Bumi Sabah,4931,P.170,Tuaran
P.170 Tuaran,Sungai,346,P.170,Tuaran
P.171 Sepanggar,Bajau,22683,P.171,Sepanggar
P.171 Sepanggar,Brunei,3247,P.171,Sepanggar
P.171 Sepanggar,Bumi Sarawak,817,P.171,Sepanggar
P.171 Sepanggar,Chinese,18209,P.171,Sepanggar
P.171 Sepanggar,Dusun,11277,P.171,Sepanggar
P.171 Sepanggar,Indian,572,P.171,Sepanggar
P.171 Sepanggar,Kadazan,15093,P.171,Sepanggar
P.171 Sepanggar,Malay,14253,P.171,Sepanggar
P.171 Sepanggar,Murut,730,P.171,Sepanggar
P.171 Sepanggar,Other,7312,P.171,Sepanggar
P.171 Sepanggar,Other Bumi Sabah,13409,P.171,Sepanggar
P.171 Sepanggar,Sungai,768,P.171,Sepanggar
P.172 Kota Kinabalu,Bajau,4411,P.172,Kota Kinabalu
P.172 Kota Kinabalu,Brunei,1213,P.172,Kota Kinabalu
P.172 Kota Kinabalu,Bumi Sarawak,242,P.172,Kota Kinabalu
P.172 Kota Kinabalu,Chinese,44489,P.172,Kota Kinabalu
P.172 Kota Kinabalu,Dusun,3287,P.172,Kota Kinabalu
P.172 Kota Kinabalu,Indian,716,P.172,Kota Kinabalu
P.172 Kota Kinabalu,Kadazan,5610,P.172,Kota Kinabalu
P.172 Kota Kinabalu,Malay,3156,P.172,Kota Kinabalu
P.172 Kota Kinabalu,Murut,445,P.172,Kota Kinabalu
P.172 Kota Kinabalu,Other,2646,P.172,Kota Kinabalu
P.172 Kota Kinabalu,Other Bumi Sabah,7573,P.172,Kota Kinabalu
P.172 Kota Kinabalu,Sungai,271,P.172,Kota Kinabalu
P.173 Putatan,Bajau,15865,P.173,Putatan
P.173 Putatan,Brunei,5395,P.173,Putatan
P.173 Putatan,Bumi Sarawak,626,P.173,Putatan
P.173 Putatan,Chinese,7346,P.173,Putatan
P.173 Putatan,Dusun,2428,P.173,Putatan
P.173 Putatan,Indian,457,P.173,Putatan
P.173 Putatan,Kadazan,6757,P.173,Putatan
P.173 Putatan,Malay,11916,P.173,Putatan
P.173 Putatan,Murut,773,P.173,Putatan
P.173 Putatan,Other,4793,P.173,Putatan
P.173 Putatan,Other Bumi Sabah,6321,P.173,Putatan
P.173 Putatan,Sungai,496,P.173,Putatan
P.174 Penampang,Bajau,2198,P.174,Penampang
P.174 Penampang,Brunei,1264,P.174,Penampang
P.174 Penampang,Bumi Sarawak,795,P.174,Penampang
P.174 Penampang,Chinese,20384,P.174,Penampang
P.174 Penampang,Dusun,5909,P.174,Penampang
P.174 Penampang,Indian,511,P.174,Penampang
P.174 Penampang,Kadazan,31990,P.174,Penampang
P.174 Penampang,Malay,3676,P.174,Penampang
P.174 Penampang,Murut,824,P.174,Penampang
P.174 Penampang,Other,1574,P.174,Penampang
P.174 Penampang,Other Bumi Sabah,7740,P.174,Penampang
P.174 Penampang,Sungai,349,P.174,Penampang
P.175 Papar,Bajau,14010,P.175,Papar
P.175 Papar,Brunei,10948,P.175,Papar
P.175 Papar,Bumi Sarawak,374,P.175,Papar
P.175 Papar,Chinese,3687,P.175,Papar
P.175 Papar,Dusun,2296,P.175,Papar
P.175 Papar,Indian,167,P.175,Papar
P.175 Papar,Kadazan,15208,P.175,Papar
P.175 Papar,Malay,5263,P.175,Papar
P.175 Papar,Murut,395,P.175,Papar
P.175 Papar,Other,2368,P.175,Papar
P.175 Papar,Other Bumi Sabah,4985,P.175,Papar
P.175 Papar,Sungai,241,P.175,Papar
P.176 Kimanis,Bajau,1560,P.176,Kimanis
P.176 Kimanis,Brunei,15213,P.176,Kimanis
P.176 Kimanis,Bumi Sarawak,236,P.176,Kimanis
P.176 Kimanis,Chinese,1147,P.176,Kimanis
P.176 Kimanis,Dusun,2176,P.176,Kimanis
P.176 Kimanis,Indian,70,P.176,Kimanis
P.176 Kimanis,Kadazan,12335,P.176,Kimanis
P.176 Kimanis,Malay,3588,P.176,Kimanis
P.176 Kimanis,Murut,330,P.176,Kimanis
P.176 Kimanis,Other,928,P.176,Kimanis
P.176 Kimanis,Other Bumi Sabah,2990,P.176,Kimanis
P.176 Kimanis,Sungai,190,P.176,Kimanis
P.177 Beaufort,Bajau,2843,P.177,Beaufort
P.177 Beaufort,Brunei,5407,P.177,Beaufort
P.177 Beaufort,Bumi Sarawak,301,P.177,Beaufort
P.177 Beaufort,Chinese,2263,P.177,Beaufort
P.177 Beaufort,Dusun,2055,P.177,Beaufort
P.177 Beaufort,Indian,127,P.177,Beaufort
P.177 Beaufort,Kadazan,9899,P.177,Beaufort
P.177 Beaufort,Malay,3035,P.177,Beaufort
P.177 Beaufort,Murut,879,P.177,Beaufort
P.177 Beaufort,Other,774,P.177,Beaufort
P.177 Beaufort,Other Bumi Sabah,15541,P.177,Beaufort
P.177 Beaufort,Sungai,124,P.177,Beaufort
P.178 Sipitang,Bajau,1278,P.178,Sipitang
P.178 Sipitang,Brunei,6929,P.178,Sipitang
P.178 Sipitang,Bumi Sarawak,853,P.178,Sipitang
P.178 Sipitang,Chinese,1490,P.178,Sipitang
P.178 Sipitang,Dusun,1305,P.178,Sipitang
P.178 Sipitang,Indian,78,P.178,Sipitang
P.178 Sipitang,Kadazan,2671,P.178,Sipitang
P.178 Sipitang,Malay,3528,P.178,Sipitang
P.178 Sipitang,Murut,4204,P.178,Sipitang
P.178 Sipitang,Other,765,P.178,Sipitang
P.178 Sipitang,Other Bumi Sabah,22674,P.178,Sipitang
P.178 Sipitang,Sungai,96,P.178,Sipitang
P.179 Ranau,Bajau,800,P.179,Ranau
P.179 Ranau,Brunei,252,P.179,Ranau
P.179 Ranau,Bumi Sarawak,280,P.179,Ranau
P.179 Ranau,Chinese,849,P.179,Ranau
P.179 Ranau,Dusun,53438,P.179,Ranau
P.179 Ranau,Indian,50,P.179,Ranau
P.179 Ranau,Kadazan,4818,P.179,Ranau
P.179 Ranau,Malay,1352,P.179,Ranau
P.179 Ranau,Murut,164,P.179,Ranau
P.179 Ranau,Other,1013,P.179,Ranau
P.179 Ranau,Other Bumi Sabah,2158,P.179,Ranau
P.179 Ranau,Sungai,1343,P.179,Ranau
P.180 Keningau,Bajau,2210,P.180,Keningau
P.180 Keningau,Brunei,776,P.180,Keningau
P.180 Keningau,Bumi Sarawak,649,P.180,Keningau
P.180 Keningau,Chinese,6057,P.180,Keningau
P.180 Keningau,Dusun,49624,P.180,Keningau
P.180 Keningau,Indian,134,P.180,Keningau
P.180 Keningau,Kadazan,11473,P.180,Keningau
P.180 Keningau,Malay,4524,P.180,Keningau
P.180 Keningau,Murut,6525,P.180,Keningau
P.180 Keningau,Other,1782,P.180,Keningau
P.180 Keningau,Other Bumi Sabah,3672,P.180,Keningau
P.180 Keningau,Sungai,162,P.180,Keningau
P.181 Tenom,Bajau,773,P.181,Tenom
P.181 Tenom,Brunei,523,P.181,Tenom
P.181 Tenom,Bumi Sarawak,232,P.181,Tenom
P.181 Tenom,Chinese,3472,P.181,Tenom
P.181 Tenom,Dusun,4066,P.181,Tenom
P.181 Tenom,Indian,34,P.181,Tenom
P.181 Tenom,Kadazan,1720,P.181,Tenom
P.181 Tenom,Malay,2406,P.181,Tenom
P.181 Tenom,Murut,23787,P.181,Tenom
P.181 Tenom,Other,837,P.181,Tenom
P.181 Tenom,Other Bumi Sabah,4144,P.181,Tenom
P.181 Tenom,Sungai,51,P.181,Tenom
P.182 Pensiangan,Bajau,357,P.182,Pensiangan
P.182 Pensiangan,Brunei,149,P.182,Pensiangan
P.182 Pensiangan,Bumi Sarawak,193,P.182,Pensiangan
P.182 Pensiangan,Chinese,512,P.182,Pensiangan
P.182 Pensiangan,Dusun,18183,P.182,Pensiangan
P.182 Pensiangan,Indian,26,P.182,Pensiangan
P.182 Pensiangan,Kadazan,2555,P.182,Pensiangan
P.182 Pensiangan,Malay,673,P.182,Pensiangan
P.182 Pensiangan,Murut,31200,P.182,Pensiangan
P.182 Pensiangan,Other,719,P.182,Pensiangan
P.182 Pensiangan,Other Bumi Sabah,1035,P.182,Pensiangan
P.182 Pensiangan,Sungai,70,P.182,Pensiangan
P.183 Beluran,Bajau,3072,P.183,Beluran
P.183 Beluran,Brunei,543,P.183,Beluran
P.183 Beluran,Bumi Sarawak,749,P.183,Beluran
P.183 Beluran,Chinese,385,P.183,Beluran
P.183 Beluran,Dusun,4250,P.183,Beluran
P.183 Beluran,Indian,49,P.183,Beluran
P.183 Beluran,Kadazan,11243,P.183,Beluran
P.183 Beluran,Malay,2384,P.183,Beluran
P.183 Beluran,Murut,101,P.183,Beluran
P.183 Beluran,Other,1796,P.183,Beluran
P.183 Beluran,Other Bumi Sabah,6504,P.183,Beluran
P.183 Beluran,Sungai,13651,P.183,Beluran
P.184 Libaran,Bajau,7532,P.184,Libaran
P.184 Libaran,Brunei,2837,P.184,Libaran
P.184 Libaran,Bumi Sarawak,913,P.184,Libaran
P.184 Libaran,Chinese,10730,P.184,Libaran
P.184 Libaran,Dusun,1338,P.184,Libaran
P.184 Libaran,Indian,225,P.184,Libaran
P.184 Libaran,Kadazan,3837,P.184,Libaran
P.184 Libaran,Malay,20472,P.184,Libaran
P.184 Libaran,Murut,189,P.184,Libaran
P.184 Libaran,Other,5587,P.184,Libaran
P.184 Libaran,Other Bumi Sabah,11022,P.184,Libaran
P.184 Libaran,Sungai,7650,P.184,Libaran
P.185 Batu Sapi,Bajau,9353,P.185,Batu Sapi
P.185 Batu Sapi,Brunei,1551,P.185,Batu Sapi
P.185 Batu Sapi,Bumi Sarawak,321,P.185,Batu Sapi
P.185 Batu Sapi,Chinese,11964,P.185,Batu Sapi
P.185 Batu Sapi,Dusun,342,P.185,Batu Sapi
P.185 Batu Sapi,Indian,132,P.185,Batu Sapi
P.185 Batu Sapi,Kadazan,1145,P.185,Batu Sapi
P.185 Batu Sapi,Malay,6093,P.185,Batu Sapi
P.185 Batu Sapi,Murut,80,P.185,Batu Sapi
P.185 Batu Sapi,Other,2638,P.185,Batu Sapi
P.185 Batu Sapi,Other Bumi Sabah,6861,P.185,Batu Sapi
P.185 Batu Sapi,Sungai,3436,P.185,Batu Sapi
P.186 Sandakan,Bajau,6446,P.186,Sandakan
P.186 Sandakan,Brunei,1830,P.186,Sandakan
P.186 Sandakan,Bumi Sarawak,486,P.186,Sandakan
P.186 Sandakan,Chinese,23344,P.186,Sandakan
P.186 Sandakan,Dusun,678,P.186,Sandakan
P.186 Sandakan,Indian,349,P.186,Sandakan
P.186 Sandakan,Kadazan,2212,P.186,Sandakan
P.186 Sandakan,Malay,8027,P.186,Sandakan
P.186 Sandakan,Murut,132,P.186,Sandakan
P.186 Sandakan,Other,3029,P.186,Sandakan
P.186 Sandakan,Other Bumi Sabah,5811,P.186,Sandakan
P.186 Sandakan,Sungai,3198,P.186,Sandakan
P.187 Kinabatangan,Bajau,1421,P.187,Kinabatangan
P.187 Kinabatangan,Brunei,1019,P.187,Kinabatangan
P.187 Kinabatangan,Bumi Sarawak,620,P.187,Kinabatangan
P.187 Kinabatangan,Chinese,305,P.187,Kinabatangan
P.187 Kinabatangan,Dusun,3543,P.187,Kinabatangan
P.187 Kinabatangan,Indian,62,P.187,Kinabatangan
P.187 Kinabatangan,Kadazan,2906,P.187,Kinabatangan
P.187 Kinabatangan,Malay,6391,P.187,Kinabatangan
P.187 Kinabatangan,Murut,574,P.187,Kinabatangan
P.187 Kinabatangan,Other,1748,P.187,Kinabatangan
P.187 Kinabatangan,Other Bumi Sabah,4909,P.187,Kinabatangan
P.187 Kinabatangan,Sungai,21275,P.187,Kinabatangan
P.188 Lahad Datu,Bajau,28655,P.188,Lahad Datu
P.188 Lahad Datu,Brunei,1221,P.188,Lahad Datu
P.188 Lahad Datu,Bumi Sarawak,1289,P.188,Lahad Datu
P.188 Lahad Datu,Chinese,9089,P.188,Lahad Datu
P.188 Lahad Datu,Dusun,4819,P.188,Lahad Datu
P.188 Lahad Datu,Indian,418,P.188,Lahad Datu
P.188 Lahad Datu,Kadazan,3019,P.188,Lahad Datu
P.188 Lahad Datu,Malay,26512,P.188,Lahad Datu
P.188 Lahad Datu,Murut,321,P.188,Lahad Datu
P.188 Lahad Datu,Other,6319,P.188,Lahad Datu
P.188 Lahad Datu,Other Bumi Sabah,17038,P.188,Lahad Datu
P.188 Lahad Datu,Sungai,1556,P.188,Lahad Datu
P.189 Semporna,Bajau,59664,P.189,Semporna
P.189 Semporna,Brunei,390,P.189,Semporna
P.189 Semporna,Bumi Sarawak,262,P.189,Semporna
P.189 Semporna,Chinese,1090,P.189,Semporna
P.189 Semporna,Dusun,168,P.189,Semporna
P.189 Semporna,Indian,94,P.189,Semporna
P.189 Semporna,Kadazan,226,P.189,Semporna
P.189 Semporna,Malay,4557,P.189,Semporna
P.189 Semporna,Murut,64,P.189,Semporna
P.189 Semporna,Other,2598,P.189,Semporna
P.189 Semporna,Other Bumi Sabah,2960,P.189,Semporna
P.189 Semporna,Sungai,96,P.189,Semporna
P.190 Tawau,Bajau,10046,P.190,Tawau
P.190 Tawau,Brunei,784,P.190,Tawau
P.190 Tawau,Bumi Sarawak,1352,P.190,Tawau
P.190 Tawau,Chinese,25658,P.190,Tawau
P.190 Tawau,Dusun,620,P.190,Tawau
P.190 Tawau,Indian,331,P.190,Tawau
P.190 Tawau,Kadazan,1548,P.190,Tawau
P.190 Tawau,Malay,29786,P.190,Tawau
P.190 Tawau,Murut,894,P.190,Tawau
P.190 Tawau,Other,4948,P.190,Tawau
P.190 Tawau,Other Bumi Sabah,11298,P.190,Tawau
P.190 Tawau,Sungai,212,P.190,Tawau
P.191 Kalabakan,Bajau,8504,P.191,Kalabakan
P.191 Kalabakan,Brunei,1148,P.191,Kalabakan
P.191 Kalabakan,Bumi Sarawak,2134,P.191,Kalabakan
P.191 Kalabakan,Chinese,6991,P.191,Kalabakan
P.191 Kalabakan,Dusun,728,P.191,Kalabakan
P.191 Kalabakan,Indian,301,P.191,Kalabakan
P.191 Kalabakan,Kadazan,1434,P.191,Kalabakan
P.191 Kalabakan,Malay,41388,P.191,Kalabakan
P.191 Kalabakan,Murut,1706,P.191,Kalabakan
P.191 Kalabakan,Other,5416,P.191,Kalabakan
P.191 Kalabakan,Other Bumi Sabah,13832,P.191,Kalabakan
P.191 Kalabakan,Sungai,388,P.191,Kalabakan
P.192 Mas Gading,Bidayuh,32863,P.192,Mas Gading
P.192 Mas Gading,Bumi Sabah,228,P.192,Mas Gading
P.192 Mas Gading,Chinese,7949,P.192,Mas Gading
P.192 Mas Gading,Iban,3043,P.192,Mas Gading
P.192 Mas Gading,Indian,82,P.192,Mas Gading
P.192 Mas Gading,Kedayan,14,P.192,Mas Gading
P.192 Mas Gading,Malay,2520,P.192,Mas Gading
P.192 Mas Gading,Melanau,97,P.192,Mas Gading
P.192 Mas Gading,Orang Ulu,226,P.192,Mas Gading
P.192 Mas Gading,Other,118,P.192,Mas Gading
P.192 Mas Gading,Other Bumi Sarawak,31,P.192,Mas Gading
P.193 Santubong,Bidayuh,3122,P.193,Santubong
P.193 Santubong,Bumi Sabah,212,P.193,Santubong
P.193 Santubong,Chinese,6205,P.193,Santubong
P.193 Santubong,Iban,5898,P.193,Santubong
P.193 Santubong,Indian,66,P.193,Santubong
P.193 Santubong,Kedayan,36,P.193,Santubong
P.193 Santubong,Malay,62344,P.193,Santubong
P.193 Santubong,Melanau,1207,P.193,Santubong
P.193 Santubong,Orang Ulu,142,P.193,Santubong
P.193 Santubong,Other,270,P.193,Santubong
P.193 Santubong,Other Bumi Sarawak,38,P.193,Santubong
P.194 Petra Jaya,Bidayuh,5297,P.194,Petra Jaya
P.194 Petra Jaya,Bumi Sabah,373,P.194,Petra Jaya
P.194 Petra Jaya,Chinese,14607,P.194,Petra Jaya
P.194 Petra Jaya,Iban,8510,P.194,Petra Jaya
P.194 Petra Jaya,Indian,629,P.194,Petra Jaya
P.194 Petra Jaya,Kedayan,58,P.194,Petra Jaya
P.194 Petra Jaya,Malay,76695,P.194,Petra Jaya
P.194 Petra Jaya,Melanau,2836,P.194,Petra Jaya
P.194 Petra Jaya,Orang Ulu,307,P.194,Petra Jaya
P.194 Petra Jaya,Other,400,P.194,Petra Jaya
P.194 Petra Jaya,Other Bumi Sarawak,97,P.194,Petra Jaya
P.195 Bandar Kuching,Bidayuh,3302,P.195,Bandar Kuching
P.195 Bandar Kuching,Bumi Sabah,259,P.195,Bandar Kuching
P.195 Bandar Kuching,Chinese,93404,P.195,Bandar Kuching
P.195 Bandar Kuching,Iban,5500,P.195,Bandar Kuching
P.195 Bandar Kuching,Indian,752,P.195,Bandar Kuching
P.195 Bandar Kuching,Kedayan,9,P.195,Bandar Kuching
P.195 Bandar Kuching,Malay,5035,P.195,Bandar Kuching
P.195 Bandar Kuching,Melanau,501,P.195,Bandar Kuching
P.195 Bandar Kuching,Orang Ulu,343,P.195,Bandar Kuching
P.195 Bandar Kuching,Other,561,P.195,Bandar Kuching
P.195 Bandar Kuching,Other Bumi Sarawak,44,P.195,Bandar Kuching
P.196 Stampin,Bidayuh,12582,P.196,Stampin
P.196 Stampin,Bumi Sabah,384,P.196,Stampin
P.196 Stampin,Chinese,74290,P.196,Stampin
P.196 Stampin,Iban,13279,P.196,Stampin
P.196 Stampin,Indian,807,P.196,Stampin
P.196 Stampin,Kedayan,27,P.196,Stampin
P.196 Stampin,Malay,17656,P.196,Stampin
P.196 Stampin,Melanau,788,P.196,Stampin
P.196 Stampin,Orang Ulu,756,P.196,Stampin
P.196 Stampin,Other,371,P.196,Stampin
P.196 Stampin,Other Bumi Sarawak,69,P.196,Stampin
P.197 Kota Samarahan,Bidayuh,7849,P.197,Kota Samarahan
P.197 Kota Samarahan,Bumi Sabah,483,P.197,Kota Samarahan
P.197 Kota Samarahan,Chinese,10767,P.197,Kota Samarahan
P.197 Kota Samarahan,Iban,15424,P.197,Kota Samarahan
P.197 Kota Samarahan,Indian,196,P.197,Kota Samarahan
P.197 Kota Samarahan,Kedayan,35,P.197,Kota Samarahan
P.197 Kota Samarahan,Malay,46024,P.197,Kota Samarahan
P.197 Kota Samarahan,Melanau,729,P.197,Kota Samarahan
P.197 Kota Samarahan,Orang Ulu,445,P.197,Kota Samarahan
P.197 Kota Samarahan,Other,238,P.197,Kota Samarahan
P.197 Kota Samarahan,Other Bumi Sarawak,39,P.197,Kota Samarahan
P.198 Puncak Borneo,Bidayuh,50208,P.198,Puncak Borneo
P.198 Puncak Borneo,Bumi Sabah,268,P.198,Puncak Borneo
P.198 Puncak Borneo,Chinese,19806,P.198,Puncak Borneo
P.198 Puncak Borneo,Iban,4810,P.198,Puncak Borneo
P.198 Puncak Borneo,Indian,141,P.198,Puncak Borneo
P.198 Puncak Borneo,Kedayan,2,P.198,Puncak Borneo
P.198 Puncak Borneo,Malay,3893,P.198,Puncak Borneo
P.198 Puncak Borneo,Melanau,179,P.198,Puncak Borneo
P.198 Puncak Borneo,Orang Ulu,408,P.198,Puncak Borneo
P.198 Puncak Borneo,Other,197,P.198,Puncak Borneo
P.198 Puncak Borneo,Other Bumi Sarawak,57,P.198,Puncak Borneo
P.199 Serian,Bidayuh,44616,P.199,Serian
P.199 Serian,Bumi Sabah,152,P.199,Serian
P.199 Serian,Chinese,6587,P.199,Serian
P.199 Serian,Iban,8282,P.199,Serian
P.199 Serian,Indian,105,P.199,Serian
P.199 Serian,Kedayan,7,P.199,Serian
P.199 Serian,Malay,4992,P.199,Serian
P.199 Serian,Melanau,120,P.199,Serian
P.199 Serian,Orang Ulu,213,P.199,Serian
P.199 Serian,Other,159,P.199,Serian
P.199 Serian,Other Bumi Sarawak,40,P.199,Serian
P.200 Batang Sadong,Bidayuh,324,P.200,Batang Sadong
P.200 Batang Sadong,Bumi Sabah,70,P.200,Batang Sadong
P.200 Batang Sadong,Chinese,1684,P.200,Batang Sadong
P.200 Batang Sadong,Iban,7091,P.200,Batang Sadong
P.200 Batang Sadong,Indian,18,P.200,Batang Sadong
P.200 Batang Sadong,Kedayan,4,P.200,Batang Sadong
P.200 Batang Sadong,Malay,23119,P.200,Batang Sadong
P.200 Batang Sadong,Melanau,165,P.200,Batang Sadong
P.200 Batang Sadong,Orang Ulu,55,P.200,Batang Sadong
P.200 Batang Sadong,Other,66,P.200,Batang Sadong
P.200 Batang Sadong,Other Bumi Sarawak,44,P.200,Batang Sadong
P.201 Batang Lupar,Bidayuh,229,P.201,Batang Lupar
P.201 Batang Lupar,Bumi Sabah,67,P.201,Batang Lupar
P.201 Batang Lupar,Chinese,1153,P.201,Batang Lupar
P.201 Batang Lupar,Iban,9454,P.201,Batang Lupar
P.201 Batang Lupar,Indian,9,P.201,Batang Lupar
P.201 Batang Lupar,Kedayan,11,P.201,Batang Lupar
P.201 Batang Lupar,Malay,31573,P.201,Batang Lupar
P.201 Batang Lupar,Melanau,305,P.201,Batang Lupar
P.201 Batang Lupar,Orang Ulu,49,P.201,Batang Lupar
P.201 Batang Lupar,Other,139,P.201,Batang Lupar
P.201 Batang Lupar,Other Bumi Sarawak,83,P.201,Batang Lupar
P.202 Sri Aman,Bidayuh,958,P.202,Sri Aman
P.202 Sri Aman,Bumi Sabah,167,P.202,Sri Aman
P.202 Sri Aman,Chinese,8354,P.202,Sri Aman
P.202 Sri Aman,Iban,34873,P.202,Sri Aman
P.202 Sri Aman,Indian,28,P.202,Sri Aman
P.202 Sri Aman,Kedayan,13,P.202,Sri Aman
P.202 Sri Aman,Malay,5202,P.202,Sri Aman
P.202 Sri Aman,Melanau,196,P.202,Sri Aman
P.202 Sri Aman,Orang Ulu,188,P.202,Sri Aman
P.202 Sri Aman,Other,148,P.202,Sri Aman
P.202 Sri Aman,Other Bumi Sarawak,37,P.202,Sri Aman
P.203 Lubok Antu,Bidayuh,229,P.203,Lubok Antu
P.203 Lubok Antu,Bumi Sabah,75,P.203,Lubok Antu
P.203 Lubok Antu,Chinese,2265,P.203,Lubok Antu
P.203 Lubok Antu,Iban,25643,P.203,Lubok Antu
P.203 Lubok Antu,Indian,13,P.203,Lubok Antu
P.203 Lubok Antu,Kedayan,1,P.203,Lubok Antu
P.203 Lubok Antu,Malay,537,P.203,Lubok Antu
P.203 Lubok Antu,Melanau,35,P.203,Lubok Antu
P.203 Lubok Antu,Orang Ulu,84,P.203,Lubok Antu
P.203 Lubok Antu,Other,90,P.203,Lubok Antu
P.203 Lubok Antu,Other Bumi Sarawak,23,P.203,Lubok Antu
P.204 Betong,Bidayuh,310,P.204,Betong
P.204 Betong,Bumi Sabah,56,P.204,Betong
P.204 Betong,Chinese,2600,P.204,Betong
P.204 Betong,Iban,19071,P.204,Betong
P.204 Betong,Indian,12,P.204,Betong
P.204 Betong,Kedayan,13,P.204,Betong
P.204 Betong,Malay,19108,P.204,Betong
P.204 Betong,Melanau,295,P.204,Betong
P.204 Betong,Orang Ulu,95,P.204,Betong
P.204 Betong,Other,104,P.204,Betong
P.204 Betong,Other Bumi Sarawak,79,P.204,Betong
P.205 Saratok,Bidayuh,268,P.205,Saratok
P.205 Saratok,Bumi Sabah,88,P.205,Saratok
P.205 Saratok,Chinese,2932,P.205,Saratok
P.205 Saratok,Iban,23946,P.205,Saratok
P.205 Saratok,Indian,13,P.205,Saratok
P.205 Saratok,Kedayan,11,P.205,Saratok
P.205 Saratok,Malay,16658,P.205,Saratok
P.205 Saratok,Melanau,390,P.205,Saratok
P.205 Saratok,Orang Ulu,117,P.205,Saratok
P.205 Saratok,Other,82,P.205,Saratok
P.205 Saratok,Other Bumi Sarawak,26,P.205,Saratok
P.206 Tanjong Manis,Bidayuh,113,P.206,Tanjong Manis
P.206 Tanjong Manis,Bumi Sabah,145,P.206,Tanjong Manis
P.206 Tanjong Manis,Chinese,1987,P.206,Tanjong Manis
P.206 Tanjong Manis,Iban,7763,P.206,Tanjong Manis
P.206 Tanjong Manis,Indian,16,P.206,Tanjong Manis
P.206 Tanjong Manis,Kedayan,8,P.206,Tanjong Manis
P.206 Tanjong Manis,Malay,7782,P.206,Tanjong Manis
P.206 Tanjong Manis,Melanau,14919,P.206,Tanjong Manis
P.206 Tanjong Manis,Orang Ulu,79,P.206,Tanjong Manis
P.206 Tanjong Manis,Other,110,P.206,Tanjong Manis
P.206 Tanjong Manis,Other Bumi Sarawak,26,P.206,Tanjong Manis
P.207 Igan,Bidayuh,60,P.207,Igan
P.207 Igan,Bumi Sabah,136,P.207,Igan
P.207 Igan,Chinese,1080,P.207,Igan
P.207 Igan,Iban,4571,P.207,Igan
P.207 Igan,Indian,4,P.207,Igan
P.207 Igan,Kedayan,7,P.207,Igan
P.207 Igan,Malay,1714,P.207,Igan
P.207 Igan,Melanau,20562,P.207,Igan
P.207 Igan,Orang Ulu,76,P.207,Igan
P.207 Igan,Other,70,P.207,Igan
P.207 Igan,Other Bumi Sarawak,10,P.207,Igan
P.208 Sarikei,Bidayuh,309,P.208,Sarikei
P.208 Sarikei,Bumi Sabah,115,P.208,Sarikei
P.208 Sarikei,Chinese,33232,P.208,Sarikei
P.208 Sarikei,Iban,17122,P.208,Sarikei
P.208 Sarikei,Indian,17,P.208,Sarikei
P.208 Sarikei,Kedayan,4,P.208,Sarikei
P.208 Sarikei,Malay,2574,P.208,Sarikei
P.208 Sarikei,Melanau,1279,P.208,Sarikei
P.208 Sarikei,Orang Ulu,247,P.208,Sarikei
P.208 Sarikei,Other,112,P.208,Sarikei
P.208 Sarikei,Other Bumi Sarawak,7,P.208,Sarikei
P.209 Julau,Bidayuh,206,P.209,Julau
P.209 Julau,Bumi Sabah,63,P.209,Julau
P.209 Julau,Chinese,1708,P.209,Julau
P.209 Julau,Iban,32237,P.209,Julau
P.209 Julau,Indian,8,P.209,Julau
P.209 Julau,Malay,177,P.209,Julau
P.209 Julau,Melanau,88,P.209,Julau
P.209 Julau,Orang Ulu,173,P.209,Julau
P.209 Julau,Other,167,P.209,Julau
P.209 Julau,Other Bumi Sarawak,23,P.209,Julau
P.210 Kanowit,Bidayuh,181,P.210,Kanowit
P.210 Kanowit,Bumi Sabah,65,P.210,Kanowit
P.210 Kanowit,Chinese,3545,P.210,Kanowit
P.210 Kanowit,Iban,25875,P.210,Kanowit
P.210 Kanowit,Indian,6,P.210,Kanowit
P.210 Kanowit,Kedayan,5,P.210,Kanowit
P.210 Kanowit,Malay,585,P.210,Kanowit
P.210 Kanowit,Melanau,387,P.210,Kanowit
P.210 Kanowit,Orang Ulu,226,P.210,Kanowit
P.210 Kanowit,Other,83,P.210,Kanowit
P.210 Kanowit,Other Bumi Sarawak,30,P.210,Kanowit
P.211 Lanang,Bidayuh,486,P.211,Lanang
P.211 Lanang,Bumi Sabah,388,P.211,Lanang
P.211 Lanang,Chinese,56573,P.211,Lanang
P.211 Lanang,Iban,21458,P.211,Lanang
P.211 Lanang,Indian,45,P.211,Lanang
P.211 Lanang,Kedayan,15,P.211,Lanang
P.211 Lanang,Malay,3726,P.211,Lanang
P.211 Lanang,Melanau,3868,P.211,Lanang
P.211 Lanang,Orang Ulu,585,P.211,Lanang
P.211 Lanang,Other,181,P.211,Lanang
P.211 Lanang,Other Bumi Sarawak,31,P.211,Lanang
P.212 Sibu,Bidayuh,717,P.212,Sibu
P.212 Sibu,Bumi Sabah,520,P.212,Sibu
P.212 Sibu,Chinese,65510,P.212,Sibu
P.212 Sibu,Iban,19185,P.212,Sibu
P.212 Sibu,Indian,123,P.212,Sibu
P.212 Sibu,Kedayan,26,P.212,Sibu
P.212 Sibu,Malay,11068,P.212,Sibu
P.212 Sibu,Melanau,7832,P.212,Sibu
P.212 Sibu,Orang Ulu,650,P.212,Sibu
P.212 Sibu,Other,213,P.212,Sibu
P.212 Sibu,Other Bumi Sarawak,31,P.212,Sibu
P.213 Mukah,Bidayuh,151,P.213,Mukah
P.213 Mukah,Bumi Sabah,253,P.213,Mukah
P.213 Mukah,Chinese,4569,P.213,Mukah
P.213 Mukah,Iban,9221,P.213,Mukah
P.213 Mukah,Indian,21,P.213,Mukah
P.213 Mukah,Kedayan,32,P.213,Mukah
P.213 Mukah,Malay,1570,P.213,Mukah
P.213 Mukah,Melanau,30763,P.213,Mukah
P.213 Mukah,Orang Ulu,256,P.213,Mukah
P.213 Mukah,Other,108,P.213,Mukah
P.213 Mukah,Other Bumi Sarawak,20,P.213,Mukah
P.214 Selangau,Bidayuh,229,P.214,Selangau
P.214 Selangau,Bumi Sabah,125,P.214,Selangau
P.214 Selangau,Chinese,1694,P.214,Selangau
P.214 Selangau,Iban,39997,P.214,Selangau
P.214 Selangau,Indian,8,P.214,Selangau
P.214 Selangau,Kedayan,29,P.214,Selangau
P.214 Selangau,Malay,462,P.214,Selangau
P.214 Selangau,Melanau,786,P.214,Selangau
P.214 Selangau,Orang Ulu,2178,P.214,Selangau
P.214 Selangau,Other,165,P.214,Selangau
P.214 Selangau,Other Bumi Sarawak,70,P.214,Selangau
P.215 Kapit,Bidayuh,168,P.215,Kapit
P.215 Kapit,Bumi Sabah,105,P.215,Kapit
P.215 Kapit,Chinese,3903,P.215,Kapit
P.215 Kapit,Iban,38383,P.215,Kapit
P.215 Kapit,Indian,18,P.215,Kapit
P.215 Kapit,Kedayan,5,P.215,Kapit
P.215 Kapit,Malay,1154,P.215,Kapit
P.215 Kapit,Melanau,425,P.215,Kapit
P.215 Kapit,Orang Ulu,804,P.215,Kapit
P.215 Kapit,Other,189,P.215,Kapit
P.215 Kapit,Other Bumi Sarawak,56,P.215,Kapit
P.216 Hulu Rajang,Bidayuh,151,P.216,Hulu Rajang
P.216 Hulu Rajang,Bumi Sabah,177,P.216,Hulu Rajang
P.216 Hulu Rajang,Chinese,769,P.216,Hulu Rajang
P.216 Hulu Rajang,Iban,21344,P.216,Hulu Rajang
P.216 Hulu Rajang,Indian,10,P.216,Hulu Rajang
P.216 Hulu Rajang,Kedayan,4,P.216,Hulu Rajang
P.216 Hulu Rajang,Malay,451,P.216,Hulu Rajang
P.216 Hulu Rajang,Melanau,220,P.216,Hulu Rajang
P.216 Hulu Rajang,Orang Ulu,19956,P.216,Hulu Rajang
P.216 Hulu Rajang,Other,279,P.216,Hulu Rajang
P.216 Hulu Rajang,Other Bumi Sarawak,77,P.216,Hulu Rajang
P.217 Bintulu,Bidayuh,1643,P.217,Bintulu
P.217 Bintulu,Bumi Sabah,767,P.217,Bintulu
P.217 Bintulu,Chinese,28412,P.217,Bintulu
P.217 Bintulu,Iban,50955,P.217,Bintulu
P.217 Bintulu,Indian,112,P.217,Bintulu
P.217 Bintulu,Kedayan,1076,P.217,Bintulu
P.217 Bintulu,Malay,11263,P.217,Bintulu
P.217 Bintulu,Melanau,14723,P.217,Bintulu
P.217 Bintulu,Orang Ulu,4109,P.217,Bintulu
P.217 Bintulu,Other,440,P.217,Bintulu
P.217 Bintulu,Other Bumi Sarawak,99,P.217,Bintulu
P.218 Sibuti,Bidayuh,1044,P.218,Sibuti
P.218 Sibuti,Bumi Sabah,426,P.218,Sibuti
P.218 Sibuti,Chinese,13278,P.218,Sibuti
P.218 Sibuti,Iban,19481,P.218,Sibuti
P.218 Sibuti,Indian,99,P.218,Sibuti
P.218 Sibuti,Kedayan,5795,P.218,Sibuti
P.218 Sibuti,Malay,10945,P.218,Sibuti
P.218 Sibuti,Melanau,2038,P.218,Sibuti
P.218 Sibuti,Orang Ulu,4808,P.218,Sibuti
P.218 Sibuti,Other,499,P.218,Sibuti
P.218 Sibuti,Other Bumi Sarawak,109,P.218,Sibuti
P.219 Miri,Bidayuh,2328,P.219,Miri
P.219 Miri,Bumi Sabah,1169,P.219,Miri
P.219 Miri,Chinese,66004,P.219,Miri
P.219 Miri,Iban,30713,P.219,Miri
P.219 Miri,Indian,465,P.219,Miri
P.219 Miri,Kedayan,923,P.219,Miri
P.219 Miri,Malay,24312,P.219,Miri
P.219 Miri,Melanau,7118,P.219,Miri
P.219 Miri,Orang Ulu,9174,P.219,Miri
P.219 Miri,Other,797,P.219,Miri
P.219 Miri,Other Bumi Sarawak,226,P.219,Miri
P.220 Baram,Bidayuh,275,P.220,Baram
P.220 Baram,Bumi Sabah,201,P.220,Baram
P.220 Baram,Chinese,4367,P.220,Baram
P.220 Baram,Iban,19858,P.220,Baram
P.220 Baram,Indian,21,P.220,Baram
P.220 Baram,Kedayan,21,P.220,Baram
P.220 Baram,Malay,2706,P.220,Baram
P.220 Baram,Melanau,237,P.220,Baram
P.220 Baram,Orang Ulu,31097,P.220,Baram
P.220 Baram,Other,548,P.220,Baram
P.220 Baram,Other Bumi Sarawak,204,P.220,Baram
P.221 Limbang,Bidayuh,208,P.221,Limbang
P.221 Limbang,Bumi Sabah,2599,P.221,Limbang
P.221 Limbang,Chinese,7264,P.221,Limbang
P.221 Limbang,Iban,10698,P.221,Limbang
P.221 Limbang,Indian,39,P.221,Limbang
P.221 Limbang,Kedayan,3899,P.221,Limbang
P.221 Limbang,Malay,11038,P.221,Limbang
P.221 Limbang,Melanau,196,P.221,Limbang
P.221 Limbang,Orang Ulu,2659,P.221,Limbang
P.221 Limbang,Other,424,P.221,Limbang
P.221 Limbang,Other Bumi Sarawak,2975,P.221,Limbang
P.222 Lawas,Bidayuh,108,P.222,Lawas
P.222 Lawas,Bumi Sabah,1068,P.222,Lawas
P.222 Lawas,Chinese,3122,P.222,Lawas
P.222 Lawas,Iban,1018,P.222,Lawas
P.222 Lawas,Indian,39,P.222,Lawas
P.222 Lawas,Kedayan,2300,P.222,Lawas
P.222 Lawas,Malay,12290,P.222,Lawas
P.222 Lawas,Melanau,163,P.222,Lawas
P.222 Lawas,Orang Ulu,13174,P.222,Lawas
P.222 Lawas,Other,265,P.222,Lawas
P.222 Lawas,Other Bumi Sarawak,108,P.222,Lawas
