state,seats,voters,malay,chinese,indian,age18_30,age60
Johor,26,2616575,58.1,33.6,5.9,7.7,18.0
Kedah,15,1575805,79.5,12.8,5.6,8.4,16.5
Kelantan,14,1404763,94.3,3.3,0.3,8.8,14.1
Melaka,6,657324,64.6,26.3,6.8,8.0,17.8
Negeri Sembilan,8,850865,58.7,24.8,13.6,7.5,18.9
Pahang,14,1136944,70.6,17.9,4.4,8.1,16.0
Perak,24,2036872,56.0,29.4,11.0,7.0,19.7
Perlis,3,195927,85.0,10.2,1.3,7.6,18.5
Pulau Pinang,13,1226626,38.4,49.2,11.7,6.9,21.7
Sabah,25,1689387,11.7,11.9,0.3,9.4,14.5
Sarawak,31,1943074,21.1,20.7,0.1,8.3,17.5
Selangor,22,3677848,54.5,28.9,13.1,9.2,15.2
Terengganu,8,922856,96.4,2.7,0.2,8.8,12.6
W.P. Kuala Lumpur,11,1151407,38.4,47.0,11.1,6.0,22.4
W.P. Labuan,1,44484,33.4,16.8,1.2,9.0,14.9
W.P. Putrajaya,1,42881,94.0,0.9,2.7,10.1,8.2
