code,constituency,state,total_voters,malay_pct,chinese_pct,indian_pct,bumi_sabah_pct,bumi_sarawak_pct,orang_asli_pct,other_pct,age18_21_pct,age22_30_pct,age31_40_pct,age41_50_pct,age51_60_pct,age60plus_pct,male_pct,female_pct,median_age
P.001,Padang Besar,Perlis,60192,86.1,8.1,0.9,0.3,0.6,0.0,4.0,7.5,21.5,24.7,15.5,12.6,18.1,50.2,49.8,39.0
P.002,Kangar,Perlis,74859,81.6,14.7,1.5,0.1,0.1,0.0,1.9,7.8,21.7,22.7,15.5,13.5,18.8,49.5,50.5,39.0
P.003,Arau,Perlis,60876,87.3,7.8,1.6,0.1,0.1,0.0,3.2,7.6,20.4,21.7,16.5,15.1,18.7,48.8,51.2,41.0
P.004,Langkawi,Kedah,66777,89.7,6.7,2.4,0.3,0.2,0.0,0.7,10.1,25.8,22.4,17.3,12.8,11.7,50.8,49.2,37.0
P.005,Jerlun,Kedah,67601,90.8,6.8,0.1,0.1,0.0,0.0,2.3,7.1,19.5,21.5,17.1,15.2,19.5,49.3,50.7,41.0
P.006,Kubang Pasu,Kedah,108217,86.0,8.7,3.4,0.2,0.2,0.0,1.5,9.3,24.4,22.7,15.4,12.5,15.6,49.7,50.3,37.0
P.007,Padang Terap,Kedah,59806,91.7,1.3,0.1,0.1,0.0,0.0,6.8,8.0,22.2,23.1,16.9,13.8,15.8,49.0,51.0,39.0
P.008,Pokok Sena,Kedah,114838,81.4,15.2,2.5,0.1,0.1,0.0,0.7,7.3,21.5,22.8,16.5,13.6,18.3,49.5,50.5,40.0
P.009,Alor Setar,Kedah,105994,63.3,31.8,4.2,0.1,0.0,0.0,0.6,6.5,19.4,21.7,16.2,14.2,21.8,49.0,51.0,42.0
P.010,Kuala Kedah,Kedah,132500,76.0,22.3,1.2,0.0,0.0,0.0,0.5,7.7,21.5,22.2,17.1,13.7,17.8,49.1,50.9,40.0
P.011,Pendang,Kedah,94547,88.5,4.7,0.5,0.0,0.0,0.0,6.2,7.7,20.9,21.7,17.4,14.6,17.6,48.6,51.4,40.0
P.012,Jerai,Kedah,105001,80.6,13.0,6.0,0.1,0.0,0.0,0.4,8.1,21.3,20.9,17.3,14.8,17.6,49.2,50.8,40.0
P.013,Sik,Kedah,63126,92.6,1.4,0.1,0.1,0.0,0.0,5.8,8.0,21.2,23.1,18.0,13.7,16.0,49.4,50.6,39.0
P.014,Merbok,Kedah,132444,69.2,15.2,14.3,0.2,0.3,0.0,0.7,9.6,24.8,22.6,16.0,12.8,14.0,49.7,50.3,37.0
P.015,Sungai Petani,Kedah,168847,61.2,25.7,12.4,0.1,0.1,0.0,0.6,9.3,24.2,20.4,15.8,14.3,16.0,49.0,51.0,38.0
P.016,Baling,Kedah,132099,89.3,4.2,4.6,0.1,0.0,0.1,1.6,7.9,22.1,22.4,17.1,14.3,16.0,49.0,51.0,39.0
P.017,Padang Serai,Kedah,133867,62.4,17.6,19.3,0.1,0.1,0.0,0.5,11.2,26.1,19.7,16.0,13.7,13.3,49.0,51.0,37.0
P.018,Kulim-Bandar Baharu,Kedah,90141,69.8,17.1,12.5,0.1,0.1,0.0,0.3,7.8,22.0,21.8,16.8,14.5,17.0,49.5,50.5,40.0
P.019,Tumpat,Kelantan,149371,92.4,3.6,0.1,0.0,0.0,0.0,3.8,8.8,23.4,23.3,16.4,13.1,15.0,50.0,50.0,38.0
P.020,Pengkalan Chepa,Kelantan,106982,97.0,1.8,0.1,0.1,0.1,0.0,0.9,9.8,26.0,25.0,16.0,11.4,11.7,49.6,50.4,36.0
P.021,Kota Bharu,Kelantan,115450,84.5,13.7,0.7,0.1,0.0,0.0,1.0,7.0,21.2,23.6,16.4,13.7,18.0,49.3,50.7,40.0
P.022,Pasir Mas,Kelantan,94544,97.4,1.9,0.1,0.0,0.0,0.0,0.5,8.2,22.9,23.1,16.5,13.1,16.0,49.4,50.6,38.0
P.023,Rantau Panjang,Kelantan,93248,96.8,1.9,0.1,0.1,0.0,0.0,1.1,8.9,23.5,22.5,16.1,13.2,15.7,50.3,49.7,38.0
P.024,Kubang Kerian,Kelantan,113640,97.4,2.0,0.2,0.0,0.0,0.0,0.4,9.5,25.6,24.1,15.3,12.0,13.4,49.1,50.9,36.0
P.025,Bachok,Kelantan,123183,98.3,1.1,0.0,0.1,0.0,0.0,0.5,9.3,24.3,24.4,16.6,12.3,13.1,49.1,50.9,37.0
P.026,Ketereh,Kelantan,85281,96.7,1.9,0.1,0.2,0.5,0.0,0.6,8.7,24.1,24.7,16.5,12.6,13.3,50.1,49.9,37.0
P.027,Tanah Merah,Kelantan,98782,94.4,4.1,0.5,0.1,0.0,0.0,0.9,8.6,23.7,24.2,17.0,12.5,13.9,49.3,50.7,38.0
P.028,Pasir Puteh,Kelantan,113070,98.1,0.9,0.0,0.1,0.0,0.0,0.9,9.0,24.0,23.7,16.2,13.1,13.9,48.6,51.4,37.0
P.029,Machang,Kelantan,88825,96.4,3.1,0.2,0.1,0.0,0.0,0.3,8.3,23.3,23.7,16.5,13.4,14.7,49.3,50.7,38.0
P.030,Jeli,Kelantan,59798,97.8,0.2,0.1,0.4,0.2,0.8,0.5,8.3,24.0,23.9,17.4,12.9,13.5,50.5,49.5,37.0
P.031,Kuala Krai,Kelantan,92335,94.1,4.1,1.1,0.1,0.0,0.0,0.5,8.9,24.2,24.7,16.7,12.1,13.4,50.1,49.9,37.0
P.032,Gua Musang,Kelantan,70254,78.5,5.8,0.5,0.1,0.1,14.6,0.5,10.3,27.2,26.2,14.6,9.7,11.9,50.9,49.1,35.0
P.033,Besut,Terengganu,111650,98.0,1.3,0.1,0.1,0.1,0.0,0.4,9.3,25.4,25.1,16.4,11.8,11.9,49.9,50.1,36.0
P.034,Setiu,Terengganu,107294,99.3,0.3,0.0,0.1,0.1,0.0,0.3,8.9,24.8,25.7,17.1,11.6,11.7,49.6,50.4,36.5
P.035,Kuala Nerus,Terengganu,105952,98.4,1.0,0.1,0.1,0.1,0.0,0.3,9.3,25.4,26.0,16.3,11.5,11.6,50.0,50.0,36.0
P.036,Kuala Terengganu,Terengganu,123305,90.3,8.6,0.5,0.1,0.1,0.0,0.4,7.0,21.0,24.8,17.3,13.7,16.1,49.7,50.3,39.0
P.037,Marang,Terengganu,131756,97.6,1.9,0.1,0.1,0.0,0.0,0.4,9.2,24.7,25.5,16.1,12.1,12.3,49.7,50.3,37.0
P.038,Hulu Terengganu,Terengganu,87917,98.9,0.4,0.0,0.1,0.0,0.3,0.3,7.8,22.9,26.8,17.0,11.8,13.7,49.6,50.4,37.0
P.039,Dungun,Terengganu,115559,95.8,3.1,0.2,0.1,0.1,0.0,0.7,9.4,24.7,25.1,16.8,12.3,11.7,50.0,50.0,37.0
P.040,Kemaman,Terengganu,139423,93.3,5.0,0.5,0.1,0.1,0.2,0.7,9.8,24.1,24.7,17.0,12.3,12.1,50.6,49.4,37.0
P.041,Kepala Batas,Pulau Pinang,83081,80.1,15.4,4.2,0.1,0.1,0.0,0.3,9.5,23.0,20.3,17.3,14.5,15.4,49.4,50.6,39.0
P.042,Tasek Gelugor,Pulau Pinang,80868,78.1,15.0,6.3,0.2,0.2,0.0,0.3,8.2,22.4,22.4,17.3,14.0,15.7,49.4,50.6,39.0
P.043,Bagan,Pulau Pinang,89447,14.5,69.3,15.6,0.1,0.0,0.0,0.3,6.1,16.4,18.4,18.2,17.3,23.6,49.3,50.7,46.0
P.044,Permatang Pauh,Pulau Pinang,107186,73.3,19.4,6.6,0.2,0.1,0.0,0.5,7.9,20.9,21.0,17.4,15.6,17.2,49.2,50.8,41.0
P.045,Bukit Mertajam,Pulau Pinang,120819,21.3,67.3,10.9,0.1,0.0,0.0,0.4,7.4,20.1,19.8,17.5,15.1,20.0,48.9,51.1,42.0
P.046,Batu Kawan,Pulau Pinang,88812,23.0,54.0,22.2,0.2,0.1,0.0,0.6,8.0,20.2,19.9,17.7,15.8,18.3,49.0,51.0,41.0
P.047,Nibong Tebal,Pulau Pinang,100062,46.7,34.8,17.8,0.1,0.1,0.0,0.5,8.8,22.5,20.7,17.8,14.8,15.5,48.7,51.3,39.0
P.048,Bukit Bendera,Pulau Pinang,92521,15.2,71.0,12.0,0.2,0.2,0.0,1.3,4.6,13.8,16.0,16.7,17.9,30.9,47.2,52.8,50.0
P.049,Tanjong,Pulau Pinang,52803,6.5,81.5,11.3,0.1,0.1,0.0,0.4,2.4,8.8,12.6,15.0,19.7,40.4,50.6,49.4,57.0
P.050,Jelutong,Pulau Pinang,93989,21.1,63.2,14.9,0.2,0.1,0.0,0.6,5.3,15.4,18.5,17.5,17.0,26.0,48.0,52.0,46.0
P.051,Bukit Gelugor,Pulau Pinang,117134,14.7,71.7,12.8,0.1,0.1,0.0,0.6,5.9,17.2,19.2,18.4,16.3,22.9,47.8,52.2,45.0
P.052,Bayan Baru,Pulau Pinang,119640,38.9,47.8,12.1,0.3,0.2,0.0,0.7,6.9,19.2,21.4,18.0,15.3,19.2,48.6,51.4,42.0
P.053,Balik Pulau,Pulau Pinang,80264,65.3,29.1,4.8,0.2,0.1,0.0,0.5,8.4,21.7,20.4,17.0,15.6,16.9,49.9,50.1,40.0
P.054,Gerik,Perak,47565,66.8,13.4,3.0,0.6,0.7,12.2,3.2,8.9,24.9,24.2,15.5,12.3,14.2,52.5,47.5,37.0
P.055,Lenggong,Perak,36950,83.2,11.8,1.4,0.1,0.0,3.2,0.3,6.9,19.9,24.6,16.8,13.0,18.8,49.5,50.5,40.0
P.056,Larut,Perak,65719,90.0,3.9,5.6,0.1,0.0,0.0,0.4,7.6,21.7,22.9,16.8,13.5,17.5,49.1,50.9,40.0
P.057,Parit Buntar,Perak,68502,68.6,25.8,5.1,0.1,0.0,0.0,0.5,7.1,19.4,20.9,18.4,16.1,18.1,50.0,50.0,42.0
P.058,Bagan Serai,Perak,80293,78.4,12.3,9.0,0.1,0.0,0.0,0.2,7.9,21.2,21.8,17.5,14.9,16.7,49.7,50.3,40.0
P.059,Bukit Gantang,Perak,94253,71.4,19.1,9.0,0.1,0.1,0.0,0.3,7.3,21.3,23.1,16.7,13.8,17.6,49.4,50.6,40.0
P.060,Taiping,Perak,121566,39.8,44.2,14.4,0.3,0.5,0.0,0.6,5.9,19.3,22.1,15.7,13.7,23.0,49.1,50.9,42.0
P.061,Padang Rengas,Perak,38686,78.1,14.8,6.7,0.1,0.0,0.0,0.3,6.6,19.4,21.9,16.7,14.7,20.6,49.5,50.5,42.0
P.062,Sungai Siput,Perak,72395,34.3,34.5,21.1,0.1,0.1,9.7,0.3,7.0,19.4,20.6,17.7,15.5,19.7,50.0,50.0,42.0
P.063,Tambun,Perak,160558,64.7,20.5,12.4,0.3,0.4,1.0,0.7,8.7,23.2,22.4,16.5,13.4,15.7,49.5,50.5,38.0
P.064,Ipoh Timor,Perak,118178,23.4,68.2,7.5,0.2,0.1,0.0,0.7,4.7,14.4,18.0,17.0,15.8,29.7,49.1,50.9,48.0
P.065,Ipoh Barat,Perak,114654,13.5,58.8,26.9,0.1,0.1,0.0,0.5,5.4,16.9,18.2,16.9,16.1,26.1,49.0,51.0,46.0
P.066,Batu Gajah,Perak,111896,12.8,68.9,17.7,0.1,0.1,0.1,0.4,6.3,17.9,17.8,18.3,16.6,23.0,50.5,49.5,45.0
P.067,Kuala Kangsar,Perak,46985,70.6,21.0,6.5,0.1,0.1,1.2,0.6,6.7,19.9,21.6,17.1,14.1,20.5,49.4,50.6,41.0
P.068,Beruas,Perak,108249,27.2,56.8,15.2,0.3,0.2,0.0,0.4,6.9,19.0,20.7,17.4,14.9,21.0,50.3,49.7,42.0
P.069,Parit,Perak,47915,92.4,2.0,2.5,0.1,0.1,2.2,0.6,7.7,21.3,22.2,16.7,14.5,17.5,49.6,50.4,40.0
P.070,Kampar,Perak,89894,34.7,52.5,10.1,0.1,0.1,2.0,0.4,5.6,16.7,18.5,17.5,16.5,24.9,50.7,49.3,46.0
P.071,Gopeng,Perak,143657,42.8,44.7,9.6,0.2,0.1,2.1,0.5,7.8,22.2,20.7,16.6,14.6,18.0,49.3,50.7,40.0
P.072,Tapah,Perak,61946,45.6,24.2,13.8,0.1,0.1,15.3,0.9,6.7,20.1,22.5,16.3,14.4,19.8,50.3,49.7,41.0
P.073,Pasir Salak,Perak,74761,81.0,12.2,3.2,0.1,0.0,3.1,0.3,7.6,21.4,23.3,17.4,13.5,16.6,49.9,50.1,39.0
P.074,Lumut,Perak,92972,72.5,13.9,11.3,1.1,0.6,0.0,0.6,8.3,24.0,25.1,16.3,12.4,13.9,52.5,47.5,38.0
P.075,Bagan Datuk,Perak,58183,56.3,20.6,21.7,0.3,0.1,0.0,1.1,6.1,19.9,24.0,16.4,14.0,19.4,50.4,49.6,40.0
P.076,Teluk Intan,Perak,87222,42.0,38.3,18.6,0.1,0.0,0.3,0.7,6.3,19.5,22.1,16.0,14.0,21.8,49.0,51.0,42.0
P.077,Tanjong Malim,Perak,93873,55.0,23.6,12.9,0.1,0.1,7.3,0.9,7.0,19.6,23.7,17.3,12.6,19.7,50.2,49.8,40.0
P.078,Cameron Highlands,Pahang,46020,30.9,27.0,12.0,0.3,0.1,29.1,0.6,9.0,22.8,22.0,16.4,13.1,16.5,50.6,49.4,39.0
P.079,Lipis,Pahang,47124,78.3,14.7,4.9,0.1,0.1,1.2,0.6,7.7,22.3,23.4,15.1,13.9,17.6,50.9,49.1,39.0
P.080,Raub,Pahang,75064,52.1,36.5,6.2,0.1,0.0,4.4,0.7,6.6,19.6,23.0,16.2,14.5,20.1,50.7,49.3,41.0
P.081,Jerantut,Pahang,87051,82.2,11.8,2.5,0.1,0.1,2.7,0.7,8.0,21.0,25.1,18.3,12.0,15.6,50.2,49.8,39.0
P.082,Indera Mahkota,Pahang,120549,67.6,25.3,5.5,0.4,0.2,0.1,0.8,10.6,25.8,22.8,15.7,12.5,12.7,50.0,50.0,36.0
P.083,Kuantan,Pahang,87597,69.3,26.1,3.2,0.2,0.1,0.2,0.9,8.2,21.7,21.5,15.7,14.4,18.3,50.4,49.6,40.0
P.084,Paya Besar,Pahang,79744,84.1,11.0,1.9,0.1,0.1,1.6,1.3,9.1,23.0,24.3,16.4,12.6,14.6,49.7,50.3,38.0
P.085,Pekan,Pahang,119443,84.9,1.8,0.7,0.4,0.5,9.5,2.3,8.9,24.1,26.9,16.6,11.3,12.2,50.8,49.2,37.0
P.086,Maran,Pahang,53128,89.4,5.8,1.4,0.1,0.1,2.4,0.9,7.7,19.8,23.6,19.3,13.9,15.6,49.9,50.1,40.0
P.087,Kuala Krau,Pahang,60537,88.7,2.5,2.1,0.1,0.0,6.1,0.6,7.5,19.5,26.5,19.8,10.5,16.1,49.4,50.6,39.0
P.088,Temerloh,Pahang,106829,66.4,21.0,8.1,0.4,0.5,1.4,2.3,8.5,24.0,23.8,15.7,12.9,15.0,50.2,49.8,38.0
P.089,Bentong,Pahang,87058,49.4,37.8,9.0,0.2,0.2,2.7,0.7,6.7,19.3,22.4,17.1,15.0,19.4,51.0,49.0,41.0
P.090,Bera,Pahang,77669,62.6,27.2,3.6,0.4,0.4,5.1,0.7,7.2,20.8,25.9,17.6,12.4,16.1,51.3,48.7,39.0
P.091,Rompin,Pahang,89131,83.2,2.4,0.9,0.2,0.1,12.1,1.2,8.1,23.3,28.4,15.6,10.3,14.2,49.8,50.2,37.0
P.092,Sabak Bernam,Selangor,51609,81.4,13.0,4.9,0.1,0.1,0.0,0.5,7.5,20.9,23.3,16.3,14.4,17.5,49.2,50.8,40.0
P.093,Sungai Besar,Selangor,64382,67.4,29.3,2.1,0.2,0.1,0.0,0.9,7.5,22.7,23.6,16.6,14.3,15.2,50.5,49.5,39.0
P.094,Hulu Selangor,Selangor,154317,63.1,18.0,15.0,0.3,0.2,1.8,1.5,10.1,25.2,20.3,15.8,14.7,13.9,49.6,50.4,38.0
P.095,Tanjong Karang,Selangor,62194,73.3,17.2,8.1,0.1,0.1,0.0,1.2,7.8,21.4,22.9,17.5,14.3,16.0,50.2,49.8,39.0
P.096,Kuala Selangor,Selangor,102951,67.2,11.9,19.3,0.2,0.1,0.0,1.2,10.0,24.4,21.5,16.5,14.0,13.5,49.5,50.5,38.0
P.097,Selayang,Selangor,181539,51.9,26.2,17.8,0.4,0.2,0.3,3.2,10.5,24.9,20.7,16.2,14.2,13.4,49.6,50.4,37.0
P.098,Gombak,Selangor,206744,70.0,10.8,10.8,0.3,0.2,0.5,7.4,8.3,21.9,22.8,17.1,13.8,16.2,49.6,50.4,39.0
P.099,Ampang,Selangor,133494,51.6,32.2,9.6,0.4,0.3,0.0,5.8,8.0,21.1,21.2,17.1,15.0,17.6,49.3,50.7,40.0
P.100,Pandan,Selangor,148730,40.2,47.0,7.9,0.8,0.3,0.0,3.8,7.0,20.4,22.4,18.1,15.9,16.1,49.3,50.7,41.0
P.101,Hulu Langat,Selangor,166902,63.7,20.9,10.6,0.5,0.3,0.9,3.1,11.1,25.7,20.8,16.0,13.5,12.9,50.0,50.0,37.0
P.102,Bangi,Selangor,303430,48.7,36.8,11.1,0.6,0.4,0.0,2.4,10.7,25.6,21.1,16.4,13.5,12.6,49.5,50.5,37.0
P.103,Puchong,Selangor,152861,37.5,49.3,10.9,0.7,0.3,0.2,1.1,9.7,22.6,19.5,19.3,14.8,14.1,50.1,49.9,40.0
P.104,Subang,Selangor,230940,26.4,54.0,16.8,0.8,0.5,0.0,1.6,8.2,21.5,19.7,17.6,16.3,16.7,49.4,50.6,41.0
P.105,Petaling Jaya,Selangor,195148,46.3,29.5,20.7,0.7,0.3,0.0,2.5,6.5,17.7,19.7,17.8,15.9,22.1,49.3,50.7,44.0
P.106,Damansara,Selangor,239103,20.8,66.1,9.9,0.5,0.2,0.3,2.2,6.9,17.9,18.5,18.4,15.8,22.5,48.7,51.3,44.0
P.107,Sungai Buloh,Selangor,158090,62.9,20.6,10.3,0.8,0.4,0.1,4.9,12.0,26.5,20.7,16.8,13.5,10.5,50.1,49.9,36.0
P.108,Shah Alam,Selangor,165744,73.5,12.7,11.8,0.5,0.3,0.1,1.1,10.1,23.3,21.8,17.4,13.3,14.0,49.9,50.1,38.0
P.109,Kapar,Selangor,189369,68.2,15.2,14.1,0.5,0.1,0.1,1.8,10.4,25.3,21.3,17.0,13.9,12.1,49.8,50.2,37.0
P.110,Klang,Selangor,208913,26.9,52.6,18.2,0.7,0.2,0.1,1.3,7.0,18.4,19.3,18.3,16.0,21.0,49.9,50.1,43.0
P.111,Kota Raja,Selangor,244712,40.0,29.7,27.2,1.3,0.3,0.0,1.5,11.2,25.5,20.9,17.6,13.5,11.3,49.4,50.6,37.0
P.112,Kuala Langat,Selangor,148637,55.2,23.6,17.2,0.4,0.1,2.0,1.4,9.7,23.5,22.3,17.5,13.2,13.7,49.7,50.3,38.0
P.113,Sepang,Selangor,168039,63.3,19.0,13.0,0.7,0.4,2.1,1.5,11.2,24.8,21.1,17.4,13.1,12.3,50.2,49.8,37.0
P.114,Kepong,W.P. Kuala Lumpur,94285,5.7,85.4,7.1,0.9,0.1,0.0,0.7,5.2,14.9,16.4,18.3,19.3,25.8,50.2,49.8,48.0
P.115,Batu,W.P. Kuala Lumpur,113863,44.2,34.5,18.1,0.6,0.4,0.0,2.1,7.3,20.5,22.8,17.1,14.3,17.9,49.8,50.2,40.0
P.116,Wangsa Maju,W.P. Kuala Lumpur,120323,57.8,28.5,9.1,0.6,0.6,0.1,3.4,6.5,19.8,23.8,17.4,14.6,17.8,49.4,50.6,40.0
P.117,Segambut,W.P. Kuala Lumpur,119652,26.9,56.8,11.7,0.3,0.2,0.0,4.0,6.7,18.5,20.5,17.4,15.0,21.8,48.7,51.3,43.0
P.118,Setiawangsa,W.P. Kuala Lumpur,95753,60.6,24.5,11.7,0.8,0.9,0.0,1.4,6.6,21.0,25.7,17.0,14.1,15.6,51.3,48.7,39.0
P.119,Titiwangsa,W.P. Kuala Lumpur,80747,66.6,16.4,9.2,0.7,0.4,0.0,6.6,6.1,17.7,20.5,17.0,17.1,21.4,49.8,50.2,44.0
P.120,Bukit Bintang,W.P. Kuala Lumpur,79782,13.2,71.6,12.4,0.9,0.4,0.0,1.5,3.2,9.9,13.2,15.9,19.8,37.4,52.3,47.7,55.0
P.121,Lembah Pantai,W.P. Kuala Lumpur,101828,59.3,19.1,17.1,1.0,0.6,0.0,2.9,5.1,16.3,22.6,18.6,16.5,20.9,52.1,47.9,44.0
P.122,Seputeh,W.P. Kuala Lumpur,124805,12.2,76.7,9.0,0.5,0.2,0.0,1.4,6.2,17.2,17.9,18.6,16.6,23.5,48.7,51.3,45.0
P.123,Cheras,W.P. Kuala Lumpur,101184,13.6,77.0,7.8,0.6,0.2,0.0,0.9,4.8,13.9,16.3,18.0,18.5,28.5,49.7,50.3,49.0
P.124,Bandar Tun Razak,W.P. Kuala Lumpur,119185,62.4,26.7,8.7,0.7,0.6,0.0,1.0,8.0,21.4,22.6,18.0,14.6,15.3,49.9,50.1,40.0
P.125,Putrajaya,W.P. Putrajaya,42881,94.0,0.9,2.7,1.2,0.5,0.1,0.7,10.1,20.9,30.7,20.1,10.0,8.2,49.4,50.6,37.0
P.126,Jelebu,Negeri Sembilan,59561,65.1,23.3,5.5,0.2,0.1,5.3,0.6,5.9,17.2,24.1,18.6,13.0,21.1,50.5,49.5,42.0
P.127,Jempol,Negeri Sembilan,95813,63.7,21.9,12.7,0.1,0.1,0.9,0.5,6.4,19.9,27.1,15.3,11.5,19.7,49.0,51.0,39.0
P.128,Seremban,Negeri Sembilan,157244,51.7,31.7,13.8,0.4,0.2,0.8,1.4,8.4,21.1,20.4,16.6,14.5,18.9,49.6,50.4,41.0
P.129,Kuala Pilah,Negeri Sembilan,63247,76.2,15.6,5.2,0.1,0.1,2.2,0.6,6.4,18.5,20.6,16.6,15.2,22.5,49.4,50.6,43.0
P.130,Rasah,Negeri Sembilan,155896,33.0,42.4,22.3,0.4,0.3,0.4,1.3,8.7,22.1,20.1,16.5,14.2,18.2,49.4,50.6,40.0
P.131,Rembau,Negeri Sembilan,133555,73.7,8.8,15.9,0.2,0.2,0.4,0.8,9.4,24.1,21.4,15.8,13.9,15.4,49.1,50.9,38.0
P.132,Port Dickson,Negeri Sembilan,104450,44.2,31.4,21.1,1.0,1.0,0.3,1.0,8.2,21.5,22.1,16.8,13.9,17.4,51.1,48.9,40.0
P.133,Tampin,Negeri Sembilan,81099,62.1,23.5,12.2,0.5,0.8,0.2,0.6,6.4,21.2,25.3,16.7,12.5,17.9,50.6,49.4,39.0
P.134,Masjid Tanah,Melaka,69174,82.0,11.7,3.6,0.2,0.2,0.4,1.8,8.0,22.3,21.6,15.9,14.4,17.7,48.7,51.3,40.0
P.135,Alor Gajah,Melaka,93311,61.5,23.7,13.0,0.2,0.1,0.8,0.7,8.0,21.0,21.4,16.6,14.2,18.7,49.2,50.8,40.0
P.136,Tangga Batu,Melaka,115998,69.4,22.2,3.6,1.5,1.5,0.1,1.7,9.2,24.9,23.8,16.5,12.2,13.3,51.3,48.7,37.0
P.137,Hang Tuah Jaya,Melaka,118493,61.9,30.5,6.0,0.3,0.2,0.0,1.1,8.0,21.9,22.3,16.4,13.9,17.4,49.0,51.0,39.0
P.138,Kota Melaka,Melaka,164140,39.2,54.1,4.4,0.2,0.2,0.0,1.9,6.8,18.8,19.8,16.9,15.2,22.4,48.7,51.3,43.0
P.139,Jasin,Melaka,96208,73.4,15.4,10.1,0.1,0.1,0.1,0.7,8.1,22.1,21.2,16.6,14.6,17.3,48.8,51.2,40.0
P.140,Segamat,Johor,69360,46.8,42.7,9.3,0.2,0.2,0.2,0.8,6.1,19.1,22.2,15.7,14.7,22.0,50.3,49.7,42.0
P.141,Sekijang,Johor,63981,57.9,36.5,4.1,0.1,0.1,0.3,1.1,7.5,21.3,22.9,17.2,12.8,18.3,49.4,50.6,40.0
P.142,Labis,Johor,49846,37.7,43.6,15.3,0.1,0.1,2.3,0.8,6.1,18.1,20.7,17.6,15.8,21.5,50.3,49.7,43.0
P.143,Pagoh,Johor,69939,66.2,29.2,3.4,0.1,0.0,0.6,0.5,7.4,20.7,22.0,16.2,14.6,19.0,49.8,50.2,40.0
P.144,Ledang,Johor,104577,55.4,38.5,4.9,0.1,0.1,0.4,0.7,7.8,21.2,20.8,16.5,14.7,18.9,49.4,50.6,41.0
P.145,Bakri,Johor,97335,45.4,51.6,2.1,0.1,0.1,0.0,0.6,6.7,19.7,20.5,17.2,15.0,20.8,49.4,50.6,42.0
P.146,Muar,Johor,68925,66.4,31.2,1.3,0.2,0.1,0.1,0.7,7.4,21.1,21.3,16.5,14.3,19.2,49.6,50.4,41.0
P.147,Parit Sulong,Johor,79484,80.4,17.9,0.4,0.1,0.1,0.3,0.8,7.4,20.4,19.7,16.2,15.9,20.4,49.1,50.9,42.0
P.148,Ayer Hitam,Johor,61041,57.7,37.0,4.1,0.1,0.1,0.0,0.9,7.9,21.2,20.6,17.0,15.3,18.0,49.9,50.1,41.0
P.149,Sri Gading,Johor,78602,63.8,33.8,1.3,0.1,0.1,0.0,0.8,9.2,24.5,20.4,16.1,14.4,15.4,49.5,50.5,38.0
P.150,Batu Pahat,Johor,133910,52.0,44.7,1.4,0.1,0.1,0.6,1.0,7.2,20.5,21.3,16.7,14.8,19.4,49.5,50.5,41.0
P.151,Simpang Renggam,Johor,59033,60.8,28.5,8.5,0.2,0.1,0.2,1.6,7.5,21.6,21.8,16.3,14.8,18.0,50.0,50.0,40.0
P.152,Kluang,Johor,132342,41.4,46.0,10.4,0.4,0.6,0.1,1.1,7.1,21.6,21.9,16.4,14.0,19.1,50.2,49.8,40.0
P.153,Sembrong,Johor,54982,60.4,27.7,8.8,0.1,0.1,1.7,1.3,6.1,19.2,24.9,16.6,13.0,20.1,50.2,49.8,40.0
P.154,Mersing,Johor,66275,81.3,13.7,1.2,0.5,0.5,2.1,0.7,6.9,21.4,27.3,15.4,11.4,17.6,50.5,49.5,38.0
P.155,Tenggara,Johor,67294,73.1,16.3,7.0,0.4,1.1,0.6,1.5,9.3,24.1,23.0,17.4,12.8,13.3,49.9,50.1,38.0
P.156,Kota Tinggi,Johor,61291,88.8,7.9,1.7,0.1,0.2,0.1,1.1,6.4,18.6,26.4,18.5,11.7,18.3,50.2,49.8,40.0
P.157,Pengerang,Johor,55316,89.5,8.1,0.7,0.3,0.3,0.5,0.7,6.9,18.2,25.4,21.5,10.4,17.4,50.4,49.6,40.0
P.158,Tebrau,Johor,223301,45.0,38.9,11.3,0.5,1.3,0.1,2.9,12.0,26.5,20.0,18.1,13.5,9.8,50.4,49.6,36.0
P.159,Pasir Gudang,Johor,198485,46.3,36.1,10.1,2.3,2.3,0.1,2.6,9.6,24.3,21.2,17.5,15.5,11.9,50.6,49.4,38.0
P.160,Johor Bahru,Johor,136368,51.7,39.1,5.9,0.4,0.4,0.0,2.4,5.3,16.0,19.7,17.4,16.2,25.2,50.1,49.9,45.0
P.161,Pulai,Johor,165313,44.6,40.3,12.2,0.5,0.6,0.2,1.7,8.6,21.0,20.5,19.1,14.4,16.2,50.3,49.7,40.0
P.162,Iskandar Puteri,Johor,222437,36.4,47.2,14.1,0.4,0.8,0.2,0.9,9.4,23.6,20.9,17.8,14.9,13.4,50.1,49.9,38.0
P.163,Kulai,Johor,151247,37.2,49.0,11.6,0.5,0.5,0.0,1.2,9.6,23.1,19.3,17.6,14.9,15.4,50.3,49.7,39.0
P.164,Pontian,Johor,75212,68.4,27.9,1.0,0.1,0.1,0.7,1.8,7.1,20.5,21.8,16.2,14.7,19.7,49.7,50.3,41.0
P.165,Tanjung Piai,Johor,70679,57.1,40.0,1.0,0.2,0.1,0.0,1.5,7.3,20.6,20.6,17.0,15.1,19.3,50.7,49.3,41.0
P.166,Labuan,W.P. Labuan,44484,33.4,16.8,1.2,42.3,2.1,0.0,4.3,9.0,23.9,24.0,14.9,13.2,14.9,52.3,47.7,37.0
P.167,Kudat,Sabah,75724,3.6,6.9,0.1,72.8,0.3,0.0,16.2,10.2,22.9,23.1,16.2,11.5,15.4,50.5,49.5,38.0
P.168,Kota Marudu,Sabah,80735,2.3,2.0,0.1,92.9,0.3,0.0,2.4,10.6,25.1,25.0,15.3,10.5,13.0,50.7,49.3,36.0
P.169,Kota Belud,Sabah,79885,2.6,1.1,0.2,92.7,0.3,0.0,3.2,9.1,22.1,23.7,16.6,13.2,14.9,48.9,51.1,38.0
P.170,Tuaran,Sabah,83419,4.5,4.0,0.2,87.6,0.5,0.0,3.1,9.6,22.4,23.6,16.4,13.7,13.9,49.8,50.2,38.0
P.171,Sepanggar,Sabah,108370,13.2,16.8,0.5,62.0,0.8,0.0,6.7,10.9,27.3,24.7,14.9,11.2,10.8,51.0,49.0,35.0
P.172,Kota Kinabalu,Sabah,74059,4.3,60.1,1.0,30.8,0.3,0.0,3.6,4.2,14.6,19.1,18.1,16.6,27.0,49.0,51.0,47.0
P.173,Putatan,Sabah,63173,18.9,11.6,0.7,60.2,1.0,0.0,7.6,8.4,23.7,23.7,15.8,12.8,15.1,51.7,48.3,38.0
P.174,Penampang,Sabah,77214,4.8,26.4,0.7,65.1,1.0,0.0,2.0,8.6,22.2,23.6,18.3,13.2,13.9,50.9,49.1,39.0
P.175,Papar,Sabah,59942,8.8,6.2,0.3,80.2,0.6,0.0,4.0,9.5,21.9,21.6,17.7,14.4,14.6,49.9,50.1,39.0
P.176,Kimanis,Sabah,40763,8.8,2.8,0.2,85.4,0.6,0.0,2.3,8.0,20.2,23.2,18.5,14.9,14.7,50.3,49.7,40.0
P.177,Beaufort,Sabah,43248,7.0,5.2,0.3,85.0,0.7,0.0,1.8,7.0,18.8,21.0,18.7,16.9,17.3,50.3,49.7,42.0
P.178,Sipitang,Sabah,45871,7.7,3.2,0.2,85.4,1.9,0.0,1.7,8.5,22.5,22.9,16.7,14.3,14.9,50.8,49.2,39.0
P.179,Ranau,Sabah,66517,2.0,1.3,0.1,94.7,0.4,0.0,1.5,9.7,24.0,25.0,15.9,11.9,13.1,50.3,49.7,37.0
P.180,Keningau,Sabah,87588,5.2,6.9,0.2,85.0,0.7,0.0,2.0,10.0,26.5,24.2,15.4,12.2,11.5,50.4,49.6,36.0
P.181,Tenom,Sabah,42045,5.7,8.3,0.1,83.4,0.6,0.0,2.0,9.6,22.2,23.4,16.4,13.6,14.2,50.0,50.0,38.0
P.182,Pensiangan,Sabah,55672,1.2,0.9,0.0,96.2,0.3,0.0,1.3,12.2,27.8,24.1,14.0,10.5,11.0,50.1,49.9,34.0
P.183,Beluran,Sabah,44727,5.3,0.9,0.1,88.0,1.7,0.0,4.0,10.4,26.0,23.5,15.6,11.7,12.6,51.0,49.0,36.0
P.184,Libaran,Sabah,72332,28.3,14.8,0.3,47.6,1.3,0.0,7.7,10.1,26.8,23.2,16.2,11.4,12.2,51.4,48.6,36.0
P.185,Batu Sapi,Sabah,43916,13.9,27.2,0.3,51.8,0.7,0.0,6.0,8.8,24.2,21.7,15.0,13.1,16.6,51.6,48.4,38.0
P.186,Sandakan,Sabah,55542,14.5,42.0,0.6,36.6,0.9,0.0,5.5,8.2,22.5,20.1,15.4,13.4,19.9,50.3,49.7,40.0
P.187,Kinabatangan,Sabah,44773,14.3,0.7,0.1,79.6,1.4,0.0,3.9,10.6,25.9,23.0,15.4,12.0,12.7,51.7,48.3,36.0
P.188,Lahad Datu,Sabah,100256,26.4,9.1,0.4,56.5,1.3,0.0,6.3,11.0,27.7,24.0,14.3,11.2,11.5,51.9,48.1,35.0
P.189,Semporna,Sabah,72169,6.3,1.5,0.1,88.1,0.4,0.0,3.6,11.3,25.8,22.1,16.4,11.9,12.1,49.8,50.2,36.0
P.190,Tawau,Sabah,87477,34.1,29.3,0.4,29.0,1.5,0.0,5.7,8.8,23.1,21.3,16.1,13.5,16.8,51.3,48.7,39.0
P.191,Kalabakan,Sabah,83970,49.3,8.3,0.4,33.0,2.5,0.0,6.4,9.7,27.3,25.6,14.7,10.5,11.9,51.9,48.1,35.0
P.192,Mas Gading,Sarawak,47171,5.3,16.9,0.2,0.5,76.9,0.0,0.3,8.2,21.5,19.0,17.0,16.5,17.7,51.3,48.7,41.0
P.193,Santubong,Sarawak,79540,78.4,7.8,0.1,0.3,13.1,0.0,0.3,10.3,25.0,21.1,16.8,13.5,13.3,49.5,50.5,37.0
P.194,Petra Jaya,Sarawak,109809,69.8,13.3,0.6,0.3,15.6,0.0,0.4,9.5,23.7,22.2,16.8,13.7,14.1,49.0,51.0,38.0
P.195,Bandar Kuching,Sarawak,109710,4.6,85.1,0.7,0.2,8.8,0.0,0.5,4.4,12.8,16.1,17.2,18.2,31.1,48.6,51.4,50.0
P.196,Stampin,Sarawak,121009,14.6,61.4,0.7,0.3,22.7,0.0,0.3,8.5,22.3,22.9,18.8,12.9,14.6,50.6,49.4,39.0
P.197,Kota Samarahan,Sarawak,82229,56.0,13.1,0.2,0.6,29.8,0.0,0.3,10.4,25.1,23.3,17.1,12.0,12.0,50.6,49.4,37.0
P.198,Puncak Borneo,Sarawak,79969,4.9,24.8,0.2,0.3,69.6,0.0,0.2,8.2,20.6,20.9,17.4,15.7,17.1,50.8,49.2,41.0
P.199,Serian,Sarawak,65273,7.6,10.1,0.2,0.2,81.6,0.0,0.2,8.1,19.7,20.2,17.3,16.6,17.9,50.8,49.2,42.0
P.200,Batang Sadong,Sarawak,32640,70.8,5.2,0.1,0.2,23.5,0.0,0.2,8.4,19.7,20.2,16.3,16.5,18.7,49.4,50.6,42.0
P.201,Batang Lupar,Sarawak,43072,73.3,2.7,0.0,0.2,23.5,0.0,0.3,8.0,20.6,21.4,16.5,16.3,17.0,50.0,50.0,41.0
P.202,Sri Aman,Sarawak,50164,10.4,16.7,0.1,0.3,72.3,0.0,0.3,7.8,20.6,18.7,16.2,16.0,20.6,50.3,49.7,42.0
P.203,Lubok Antu,Sarawak,28995,1.9,7.8,0.0,0.3,89.7,0.0,0.3,7.2,17.8,19.1,17.2,17.5,20.9,50.5,49.5,44.0
P.204,Betong,Sarawak,41743,45.8,6.2,0.0,0.1,47.6,0.0,0.2,7.9,20.7,21.1,16.0,16.0,18.3,50.2,49.8,41.0
P.205,Saratok,Sarawak,44531,37.4,6.6,0.0,0.2,55.6,0.0,0.2,8.3,20.7,20.3,15.9,16.4,18.1,49.9,50.1,41.0
P.206,Tanjong Manis,Sarawak,32948,23.6,6.0,0.0,0.4,69.5,0.0,0.3,8.6,22.6,21.0,17.3,15.0,15.3,49.9,50.1,39.0
P.207,Igan,Sarawak,28290,6.1,3.8,0.0,0.5,89.4,0.0,0.2,8.5,23.1,21.1,16.1,15.0,16.1,49.4,50.6,39.0
P.208,Sarikei,Sarawak,55018,4.7,60.4,0.0,0.2,34.5,0.0,0.2,6.9,19.5,20.1,17.5,15.8,19.9,50.3,49.7,42.0
P.209,Julau,Sarawak,34850,0.5,4.9,0.0,0.2,93.9,0.0,0.5,8.0,20.6,19.5,18.1,16.3,17.3,51.0,49.0,42.0
P.210,Kanowit,Sarawak,30988,1.9,11.4,0.0,0.2,86.2,0.0,0.3,7.9,19.6,20.4,16.5,16.2,19.2,49.9,50.1,42.0
P.211,Lanang,Sarawak,87356,4.3,64.8,0.1,0.4,30.3,0.0,0.2,7.5,21.3,19.4,17.1,14.8,19.6,49.3,50.7,41.0
P.212,Sibu,Sarawak,105875,10.5,61.9,0.1,0.5,26.9,0.0,0.2,7.8,21.5,21.6,17.6,14.5,16.8,49.8,50.2,40.0
P.213,Mukah,Sarawak,46964,3.3,9.7,0.0,0.5,86.1,0.0,0.2,8.3,21.9,20.4,16.9,15.3,17.1,50.6,49.4,40.0
P.214,Selangau,Sarawak,45743,1.0,3.7,0.0,0.3,94.6,0.0,0.4,9.3,21.9,20.1,17.8,14.8,15.9,50.6,49.4,40.0
P.215,Kapit,Sarawak,45210,2.6,8.6,0.0,0.2,88.1,0.0,0.4,8.4,21.1,21.2,16.6,15.3,17.1,49.5,50.5,40.0
P.216,Hulu Rajang,Sarawak,43438,1.0,1.8,0.0,0.4,96.1,0.0,0.6,9.5,22.6,20.6,16.5,14.2,16.2,51.0,49.0,39.0
P.217,Bintulu,Sarawak,113599,9.9,25.0,0.1,0.7,63.9,0.0,0.4,9.7,24.6,20.9,16.2,14.6,13.8,50.8,49.2,38.0
P.218,Sibuti,Sarawak,58522,18.7,22.7,0.2,0.7,56.9,0.0,0.9,8.7,24.2,22.8,16.2,12.9,15.2,51.5,48.5,38.0
P.219,Miri,Sarawak,143229,17.0,46.1,0.3,0.8,35.2,0.0,0.6,8.4,22.7,21.3,16.6,14.1,16.9,49.9,50.1,39.0
P.220,Baram,Sarawak,59535,4.5,7.3,0.0,0.3,86.8,0.0,0.9,8.0,19.1,19.2,16.8,16.2,20.1,51.7,48.3,43.0
P.221,Limbang,Sarawak,41999,26.3,17.3,0.1,6.2,49.1,0.0,1.0,8.5,20.7,21.7,16.8,14.7,17.4,51.1,48.9,40.0
P.222,Lawas,Sarawak,33655,36.5,9.3,0.1,3.2,50.1,0.0,0.8,8.9,22.2,21.3,16.8,14.5,16.1,51.8,48.2,39.0
