seat,winner,winner_party,winner_coalition,votes,votes_perc,winner_bloc,voters_total,votes_valid,majority,voter_turnout,majority_perc,n_candidates,state,seat_name,election_name,election_date,election_type,runnerup,runnerup_party,runnerup_coalition,runnerup_bloc,previous_winner,previous_party,previous_bloc,changed_hands,source_url,source_as_of
N.01 Pengkalan Hulu,Mohamad Amin bin Roslan,PAS,PN,7114,47.60120441619271,PN,20157,14945,1324,75.66602172942403,8.859150217464034,3,Perak,Pengkalan Hulu,Pilihan raya umum 2022 (Perak),2022-11-19,ge15-concurrent,Aznel bin Ibrahim,UMNO,BN,BN,Aznel Ibrahim,UMNO,BN,yes,https://en.wikipedia.org/wiki/Results_of_the_2018_Perak_state_election,2026-08-29
N.02 Temengor,Salbiah binti Mohamed,UMNO,BN,8468,43.12267657992565,BN,27408,19637,1048,73.36908931698774,5.336864083108417,3,Perak,Temengor,Pilihan raya umum 2022 (Perak),2022-11-19,ge15-concurrent,Mohd Noor bin Abdul Rahman,PAS,PN,PN,Salbiah Mohamed,UMNO,BN,no,https://en.wikipedia.org/wiki/Results_of_the_2018_Perak_state_election,2026-08-29
N.03 Kenering,Husairi bin Ariffin,PAS,PN,7664,46.98957694665849,PN,21596,16310,763,77.23189479533247,4.6781115879828326,3,Perak,Kenering,Pilihan raya umum 2022 (Perak),2022-11-19,ge15-concurrent,Rohaida binti Mohamad Yaakub,UMNO,BN,BN,Mohd Tarmizi Idris,UMNO,BN,yes,https://en.wikipedia.org/wiki/Results_of_the_2018_Perak_state_election,2026-08-29
N.04 Kota Tampan,Saarani bin Mohamad,UMNO,BN,5468,48.23570924488356,BN,15354,11336,1237,75.00976944118797,10.9121383203952,3,Perak,Kota Tampan,Pilihan raya umum 2022 (Perak),2022-11-19,ge15-concurrent,Mohd Jamil bin Yahya,PAS,PN,PN,Saarani Mohamad,UMNO,BN,no,https://en.wikipedia.org/wiki/Results_of_the_2018_Perak_state_election,2026-08-29
N.05 Selama,Mohd Akmal bin Kamarudin,PAS,PN,10358,58.31550501069699,PN,22339,17762,5358,80.80934688213438,30.16552190068686,4,Perak,Selama,Pilihan raya umum 2022 (Perak),2022-11-19,ge15-concurrent,Faizul Rizal bin Zulkifli,UMNO,BN,BN,Mohd Akmal Kamaruddin,PAS,PN,no,https://en.wikipedia.org/wiki/Results_of_the_2018_Perak_state_election,2026-08-29
N.06 Kubu Gajah,Khalil bin Yahaya,PAS,PN,9868,59.15712487260956,PN,21358,16681,4322,79.60951399943815,25.909717642827168,4,Perak,Kubu Gajah,Pilihan raya umum 2022 (Perak),2022-11-19,ge15-concurrent,Azman bin Noh,UMNO,BN,BN,Khalil Yahaya,PAS,PN,no,https://en.wikipedia.org/wiki/Results_of_the_2018_Perak_state_election,2026-08-29
N.07 Batu Kurau,Mohd Najmuddin bin Elias,BERSATU,PN,8806,50.66743383199079,PN,22022,17380,3218,80.32422123331214,18.51553509781358,4,Perak,Batu Kurau,Pilihan raya umum 2022 (Perak),2022-11-19,ge15-concurrent,Saliza binti Ahmad (Maklong Liza),UMNO,BN,BN,Muhammad Amin Zakaria,UMNO,BN,yes,https://en.wikipedia.org/wiki/Results_of_the_2018_Perak_state_election,2026-08-29
N.08 Titi Serong,Muhammad Hakimi Hamzi bin Mohd Hayat,PAS,PN,13565,47.8432617359715,PN,35900,28353,5274,80.01114206128133,18.601206221563857,3,Perak,Titi Serong,Pilihan raya umum 2022 (Perak),2022-11-19,ge15-concurrent,Muhamad Nakhaie bin Wahab,AMANAH,PH,PH,Hasnul Zulkarnain Abdul Munaim,AMANAH,PH,yes,https://en.wikipedia.org/wiki/Results_of_the_2018_Perak_state_election,2026-08-29
N.09 Kuala Kurau,Abdul Yunus bin Jamahri,BERSATU,PN,10309,41.96962911696454,PN,32602,24563,1347,76.2897981718913,5.483857834955014,3,Perak,Kuala Kurau,Pilihan raya umum 2022 (Perak),2022-11-19,ge15-concurrent,Anuar bin Ahmad,PKR,PH,PH,Abdul Yunus Jamhari,PKR,PH,yes,https://en.wikipedia.org/wiki/Results_of_the_2018_Perak_state_election,2026-08-29
N.10 Alor Pongsu,Noor Azman bin Ghazali,BERSATU,PN,10622,47.77582872306931,PN,28656,22233,4015,78.8037409268565,18.058741510367472,3,Perak,Alor Pongsu,Pilihan raya umum 2022 (Perak),2022-11-19,ge15-concurrent,Sham bin Mat Sahat,UMNO,BN,BN,Sham Mat Sahat,UMNO,BN,yes,https://en.wikipedia.org/wiki/Results_of_the_2018_Perak_state_election,2026-08-29
N.11 Gunong Semanggol,Razman bin Zakaria,PAS,PN,12825,59.289908002403955,PN,27396,21631,7466,80.22339027595268,34.51527899773473,3,Perak,Gunong Semanggol,Pilihan raya umum 2022 (Perak),2022-11-19,ge15-concurrent,Nazirul bin Jamaluddin,UMNO,BN,BN,Razman Zakaria,PAS,PN,no,https://en.wikipedia.org/wiki/Results_of_the_2018_Perak_state_election,2026-08-29
N.12 Selinsing,Sallehuddin bin Abdullah,BERSATU,PN,8693,46.476689478186486,PN,24241,18704,3279,78.21046986510457,17.531009409751924,3,Perak,Selinsing,Pilihan raya umum 2022 (Perak),2022-11-19,ge15-concurrent,Mohamad Noor bin Dawoo,UMNO,BN,BN,Mohamad Noor Dawoo,UMNO,BN,yes,https://en.wikipedia.org/wiki/Results_of_the_2018_Perak_state_election,2026-08-29
N.13 Kuala Sepetang,Ahmad bin Man,BERSATU,PN,12582,41.33784538555048,PN,40222,30437,3580,77.00512157525732,11.762000197128494,4,Perak,Kuala Sepetang,Pilihan raya umum 2022 (Perak),2022-11-19,ge15-concurrent,Zainal Azman bin Abu Seman,PKR,PH,PH,Mohd Kamaruddin Abu Bakar,UMNO,BN,yes,https://en.wikipedia.org/wiki/Results_of_the_2018_Perak_state_election,2026-08-29
N.14 Changkat Jering,Rahim bin Ismail,PAS,PN,11790,41.88574676708825,PN,37003,28148,3151,77.30184039131962,11.194401023163278,4,Perak,Changkat Jering,Pilihan raya umum 2022 (Perak),2022-11-19,ge15-concurrent,Ahmad Saidi bin Mohamad Daud,UMNO,BN,BN,Ahmad Saidi Mohamad Daud,UMNO,BN,yes,https://en.wikipedia.org/wiki/Results_of_the_2018_Perak_state_election,2026-08-29
N.15 Trong,Muhammad Faisal bin Abdul Rahman,PAS,PN,5671,43.76784749556224,PN,17028,12957,616,77.29034531360112,4.7541869259859535,4,Perak,Trong,Pilihan raya umum 2022 (Perak),2022-11-19,ge15-concurrent,Jamilah binti Zakaria,UMNO,BN,BN,Jamilah Zakaria,UMNO,BN,yes,https://en.wikipedia.org/wiki/Results_of_the_2018_Perak_state_election,2026-08-29
N.16 Kamunting,Mohd Fakhrudin bin Abd Aziz,PAS,PN,13045,43.97586299892125,PN,39850,29664,3100,75.38770388958595,10.450377562028047,3,Perak,Kamunting,Pilihan raya umum 2022 (Perak),2022-11-19,ge15-concurrent,Muhd Fadhil bin Nuruddin,AMANAH,PH,PH,Muhd Fadhil Nuruddin,AMANAH,PH,yes,https://en.wikipedia.org/wiki/Results_of_the_2018_Perak_state_election,2026-08-29
N.17 Pokok Assam,Ong Seng Guan,DAP,PH,16726,67.36477506142012,PH,36513,24829,12180,68.74537835839291,49.05553989286721,5,Perak,Pokok Assam,Pilihan raya umum 2022 (Perak),2022-11-19,ge15-concurrent,Shariful Juhari bin Abu Kassim,BERSATU,PN,PN,Leow Thye Yih,DAP,PH,no,https://en.wikipedia.org/wiki/Results_of_the_2018_Perak_state_election,2026-08-29
N.18 Aulong,Teh Kok Lim,DAP,PH,20306,66.21881624001304,PH,45203,30665,14857,68.81180452624825,48.44937224849177,5,Perak,Aulong,Pilihan raya umum 2022 (Perak),2022-11-19,ge15-concurrent,Koay Boon Hui,GERAKAN,PN,PN,Nga Kor Ming,DAP,PH,no,https://en.wikipedia.org/wiki/Results_of_the_2018_Perak_state_election,2026-08-29
N.19 Chenderoh,Syed Lukman Hakim bin Syed Mohd,BERSATU,PN,5342,39.44181925575901,PN,17782,13544,75,77.11168597458104,0.5537507383343178,4,Perak,Chenderoh,Pilihan raya umum 2022 (Perak),2022-11-19,ge15-concurrent,Khairuddin bin Mohamed Azahari,UMNO,BN,BN,Zainun Mat Noor,UMNO,BN,yes,https://en.wikipedia.org/wiki/Results_of_the_2018_Perak_state_election,2026-08-29
N.20 Lubok Merbau,Azizi bin Mohamed Ridzuwan,PAS,PN,7722,47.17453723501741,PN,20904,16369,2955,79.42977420589361,18.052416152483353,3,Perak,Lubok Merbau,Pilihan raya umum 2022 (Perak),2022-11-19,ge15-concurrent,Mohamad Azir bin Ismail,UMNO,BN,BN,Jurij Jalaluddin,UMNO,BN,yes,https://en.wikipedia.org/wiki/Results_of_the_2018_Perak_state_election,2026-08-29
N.21 Lintang,Mohd Zolkafly bin Harun,UMNO,BN,12025,48.42736901453828,BN,33107,24831,5280,76.52158153864742,21.26374290201764,3,Perak,Lintang,Pilihan raya umum 2022 (Perak),2022-11-19,ge15-concurrent,Ahmad Daslie bin Osman,BERSATU,PN,PN,Mohd Zolkafly Harun,UMNO,BN,no,https://en.wikipedia.org/wiki/Results_of_the_2018_Perak_state_election,2026-08-29
N.22 Jalong,Loh Sze Yee,DAP,PH,15955,59.07727626170993,PH,39288,27007,8713,69.71848910608838,32.2620061465546,4,Perak,Jalong,Pilihan raya umum 2022 (Perak),2022-11-19,ge15-concurrent,Pan Chean Chang,MCA,BN,BN,Loh Sze Yee,DAP,PH,no,https://en.wikipedia.org/wiki/Results_of_the_2018_Perak_state_election,2026-08-29
N.23 Manjoi,Mohd Hafez bin Sabri,PAS,PN,29852,44.13691136246026,PN,86266,67635,6768,79.4890223262931,10.006653359946773,3,Perak,Manjoi,Pilihan raya umum 2022 (Perak),2022-11-19,ge15-concurrent,Asmuni bin Awi,AMANAH,PH,PH,Asmuni Awi,AMANAH,PH,yes,https://en.wikipedia.org/wiki/Results_of_the_2018_Perak_state_election,2026-08-29
N.24 Hulu Kinta,Muhammad Arafat bin Varisai Mahamad,PKR,PH,22220,39.02490428185043,PH,74292,56938,4163,77.97474829052926,7.311461589799431,4,Perak,Hulu Kinta,Pilihan raya umum 2022 (Perak),2022-11-19,ge15-concurrent,Puteri Holijah binti Mohamad Rali,BERSATU,PN,PN,Muhamad Arafat Varisai Mahamad,PKR,PH,no,https://en.wikipedia.org/wiki/Results_of_the_2018_Perak_state_election,2026-08-29
N.25 Canning,Jenny Choy Tsi Jen,DAP,PH,22527,87.10463227901941,PH,41021,25862,20734,63.86241193535018,80.17168045781456,3,Perak,Canning,Pilihan raya umum 2022 (Perak),2022-11-19,ge15-concurrent,Woo Kok Toong,MCA,BN,BN,Jenny Choy Tsi Jen,DAP,PH,no,https://en.wikipedia.org/wiki/Results_of_the_2018_Perak_state_election,2026-08-29
N.26 Tebing Tinggi,Abdul Aziz bin Bari,DAP,PH,11286,40.58106504620474,PH,37223,27811,660,75.72199983880934,2.373161698608464,4,Perak,Tebing Tinggi,Pilihan raya umum 2022 (Perak),2022-11-19,ge15-concurrent,Mohammad Iskandar bin Abdul Rahman,BERSATU,PN,PN,Abdul Aziz Bari,DAP,PH,no,https://en.wikipedia.org/wiki/Results_of_the_2018_Perak_state_election,2026-08-29
N.27 Pasir Pinji,Goh See Hua,DAP,PH,23692,90.46891706124943,PH,39934,26188,22169,66.27184855010768,84.6532763097602,3,Perak,Pasir Pinji,Pilihan raya umum 2022 (Perak),2022-11-19,ge15-concurrent,Soh Poo Yeow,MCA,BN,BN,Howard Lee Chuan How,DAP,PH,no,https://en.wikipedia.org/wiki/Results_of_the_2018_Perak_state_election,2026-08-29
N.28 Bercham,Ong Boon Piow,DAP,PH,29596,81.24296576903018,PH,52750,36429,26114,69.73649289099527,71.68464684729199,3,Perak,Bercham,Pilihan raya umum 2022 (Perak),2022-11-19,ge15-concurrent,Albert Hoo Wai Mun,MCA,BN,BN,Ong Boon Piow,DAP,PH,no,https://en.wikipedia.org/wiki/Results_of_the_2018_Perak_state_election,2026-08-29
N.29 Kepayang,Nga Kor Ming,DAP,PH,11977,72.59667838525881,PH,25190,16498,9491,66.32393807066296,57.52818523457389,3,Perak,Kepayang,Pilihan raya umum 2022 (Perak),2022-11-19,ge15-concurrent,Richard Ng,BERSATU,PN,PN,Ko Chung Sen,DAP,PH,no,https://en.wikipedia.org/wiki/Results_of_the_2018_Perak_state_election,2026-08-29
N.30 Buntong,Thulsi Thivani a/p Manogaran,DAP,PH,21412,84.02464388023388,PH,36714,25483,19155,70.33284305714442,75.16775889808892,5,Perak,Buntong,Pilihan raya umum 2022 (Perak),2022-11-19,ge15-concurrent,Jayagopi a/l M Subramaniam,MIC,BN,BN,Sivasubramaniam Athinarayanan,DAP,PH,no,https://en.wikipedia.org/wiki/Results_of_the_2018_Perak_state_election,2026-08-29
N.31 Jelapang,Cheah Pou Hian,DAP,PH,21554,88.71419163648338,PH,35088,24296,20111,70.08093935248519,82.77494237734606,3,Perak,Jelapang,Pilihan raya umum 2022 (Perak),2022-11-19,ge15-concurrent,Hamidah binti Muhamad,MMSP,BN,BN,Cheah Pou Hian,DAP,PH,no,https://en.wikipedia.org/wiki/Results_of_the_2018_Perak_state_election,2026-08-29
N.32 Menglembu,Steven Chaw Kam Foon,DAP,PH,22875,87.93004036133,PH,38689,26015,21191,67.93662281268578,81.45685181625984,3,Perak,Menglembu,Pilihan raya umum 2022 (Perak),2022-11-19,ge15-concurrent,Phoon Kai Mun,MCA,BN,BN,Chaw Kam Foon,DAP,PH,no,https://en.wikipedia.org/wiki/Results_of_the_2018_Perak_state_election,2026-08-29
N.33 Tronoh,Steven Tiw Tee Siang,DAP,PH,15602,63.34551360129923,PH,38119,24630,11372,65.74936383430835,46.17133576938693,6,Perak,Tronoh,Pilihan raya umum 2022 (Perak),2022-11-19,ge15-concurrent,Sin Koon Yen,GERAKAN,PN,PN,Paul Yong Choo Kiong,DAP,PH,no,https://en.wikipedia.org/wiki/Results_of_the_2018_Perak_state_election,2026-08-29
N.34 Bukit Chandan,Hashim bin Bujang,BERSATU,PN,6550,38.42994602206055,PN,22194,17044,1164,77.90844372352889,6.829382773996715,3,Perak,Bukit Chandan,Pilihan raya umum 2022 (Perak),2022-11-19,ge15-concurrent,Azizul Rahim,UMNO,BN,BN,Maslin Sham Razman,UMNO,BN,yes,https://en.wikipedia.org/wiki/Results_of_the_2018_Perak_state_election,2026-08-29
N.35 Manong,Berhanudin bin Ahmad,PAS,PN,8220,44.03964639699973,PN,24791,18665,2912,76.40272679601469,15.601392981516208,3,Perak,Manong,Pilihan raya umum 2022 (Perak),2022-11-19,ge15-concurrent,Mustafa Shah bin Abdul Hamid,UMNO,BN,BN,Mohamad Zuraimi Razali,UMNO,BN,yes,https://en.wikipedia.org/wiki/Results_of_the_2018_Perak_state_election,2026-08-29
N.36 Pengkalan Baharu,Azman bin Noh,UMNO,BN,6665,40.5808572820263,BN,22573,16424,1076,74.03978204049085,6.551388212372139,4,Perak,Pengkalan Baharu,Pilihan raya umum 2022 (Perak),2022-11-19,ge15-concurrent,Ahmad Faisal bin Mansor,BERSATU,PN,PN,Abdul Manaf Hashim,UMNO,BN,no,https://en.wikipedia.org/wiki/Results_of_the_2018_Perak_state_election,2026-08-29
N.37 Pantai Remis,Wong May Ing,DAP,PH,20840,72.24070992789795,PH,44432,28848,16432,65.96146921137918,56.96062118691071,3,Perak,Pantai Remis,Pilihan raya umum 2022 (Perak),2022-11-19,ge15-concurrent,(Albert Looi) Looi Tuan Gin,MCA,BN,BN,Wong May Ing,DAP,PH,no,https://en.wikipedia.org/wiki/Results_of_the_2018_Perak_state_election,2026-08-29
N.38 Astaka,Jason Ng Thien Yong,DAP,PH,21128,78.15632745163319,PH,41244,27033,17835,66.58665502861022,65.97491954278104,3,Perak,Astaka,Pilihan raya umum 2022 (Perak),2022-11-19,ge15-concurrent,Chieng Lee Chong,MCA,BN,BN,Teoh Yee Chern,DAP,PH,no,https://en.wikipedia.org/wiki/Results_of_the_2018_Perak_state_election,2026-08-29
N.39 Belanja,Khairudin bin Abu Hanipah,UMNO,BN,6374,47.0336481700118,BN,17767,13552,1223,77.78465694827489,9.024498229043685,4,Perak,Belanja,Pilihan raya umum 2022 (Perak),2022-11-19,ge15-concurrent,Wan Meor Safwat Naqiuddin bin Shamsudin,BERSATU,PN,PN,Khairudin Abu Hanipah,UMNO,BN,no,https://en.wikipedia.org/wiki/Results_of_the_2018_Perak_state_election,2026-08-29
N.40 Bota,Najihatussalehah binti Ahmad,PAS,PN,11275,47.09100781021593,PN,30148,23943,1963,80.77816107204458,8.198638432944911,4,Perak,Bota,Pilihan raya umum 2022 (Perak),2022-11-19,ge15-concurrent,Khairul Shahril bin Mohamed,UMNO,BN,BN,Khairul Shahril Mohamed,UMNO,BN,yes,https://en.wikipedia.org/wiki/Results_of_the_2018_Perak_state_election,2026-08-29
N.41 Malim Nawar,Bavani a/p Veraiah,DAP,PH,10905,58.57234933934902,PH,29701,18618,7259,63.583717719942086,38.98915028467075,4,Perak,Malim Nawar,Pilihan raya umum 2022 (Perak),2022-11-19,ge15-concurrent,Chin Woon Kheong,MCA,BN,BN,Leong Cheok Keng,DAP,PH,no,https://en.wikipedia.org/wiki/Results_of_the_2018_Perak_state_election,2026-08-29
N.42 Keranji,Angeline Koo Haai Yen,DAP,PH,12201,69.45804394853695,PH,28248,17566,8749,63.19031435853866,49.806444267334626,4,Perak,Keranji,Pilihan raya umum 2022 (Perak),2022-11-19,ge15-concurrent,Ng Wah Leng,MCA,BN,BN,Chong Zhemin,DAP,PH,no,https://en.wikipedia.org/wiki/Results_of_the_2018_Perak_state_election,2026-08-29
N.43 Tualang Sekah,Mohd Azlan Helmi bin Helmi,PKR,PH,8025,34.41104583851464,PH,31945,23321,253,74.08358115511035,1.0848591398310534,3,Perak,Tualang Sekah,Pilihan raya umum 2022 (Perak),2022-11-19,ge15-concurrent,Pazli bin Abdullah Sani,BERSATU,PN,PN,Nolee Ashilin Mohamed Radzi,UMNO,BN,yes,https://en.wikipedia.org/wiki/Results_of_the_2018_Perak_state_election,2026-08-29
N.44 Sungai Rapat,Mohammad Nizar bin Jamaluddin,AMANAH,PH,15065,41.91475154415447,PH,47931,35942,3494,76.14487492437046,9.721217517110901,4,Perak,Sungai Rapat,Pilihan raya umum 2022 (Perak),2022-11-19,ge15-concurrent,Mohader Ahmad bin Mohammad Ayob,BERSATU,PN,PN,Mohammad Nizar Jamaluddin,AMANAH,PH,no,https://en.wikipedia.org/wiki/Results_of_the_2018_Perak_state_election,2026-08-29
N.45 Simpang Pulai,Wong Chai Yi,PKR,PH,30676,69.17578080956139,PH,62756,44345,23273,71.55969150360126,52.48167775397452,4,Perak,Simpang Pulai,Pilihan raya umum 2022 (Perak),2022-11-19,ge15-concurrent,K.Selvam,BERSATU,PN,PN,Liew Yee Lin,MCA,BN,yes,https://en.wikipedia.org/wiki/Results_of_the_2018_Perak_state_election,2026-08-29
N.46 Teja,Sandrea Ng Shy Ching,PKR,PH,10814,46.497828610740854,PH,32970,23257,4555,71.56505914467698,19.585501139441888,5,Perak,Teja,Pilihan raya umum 2022 (Perak),2022-11-19,ge15-concurrent,Liew Yee Lin,MCA,BN,BN,Sandrea Ng Shy Ching,PKR,PH,no,https://en.wikipedia.org/wiki/Results_of_the_2018_Perak_state_election,2026-08-29
N.47 Chenderiang,Choong Shin Heng,MCA,BN,8406,39.86153262518968,BN,30006,21088,2251,72.08891555022329,10.674317147192717,7,Perak,Chenderiang,Pilihan raya umum 2022 (Perak),2022-11-19,ge15-concurrent,Atyrah Hanim binti Razali,PKR,PH,PH,Ahmad Faizal Azumu,BERSATU,PH,yes,https://en.wikipedia.org/wiki/Results_of_the_2018_Perak_state_election,2026-08-29
N.48 Ayer Kuning,Ishsam bin Shahruddin,UMNO,BN,9088,38.728372965141055,BN,31940,23466,2213,74.84658735128366,9.430665643910338,5,Perak,Ayer Kuning,Pilihan raya umum 2022 (Perak),2022-11-19,ge15-concurrent,Mohd Nazri bin Hashim,AMANAH,PH,PH,Samsudin Abu Hassan,UMNO,BN,no,https://en.wikipedia.org/wiki/Results_of_the_2018_Perak_state_election,2026-08-29
N.49 Sungai Manik,Zainol Fadzi bin Paharudin,BERSATU,PN,11610,43.93732970027248,PN,35520,26424,3950,75.95439189189189,14.948531637904935,3,Perak,Sungai Manik,Pilihan raya umum 2022 (Perak),2022-11-19,ge15-concurrent,Mohamad Maharani bin Md Tasi,PKR,PH,PH,Zainol Fadzi Paharudin,UMNO,BN,yes,https://en.wikipedia.org/wiki/Results_of_the_2018_Perak_state_election,2026-08-29
N.50 Kampong Gajah,Zafarulazhan bin Zan ,PAS,PN,15634,51.03479793693282,PN,39241,30634,3757,79.60551464029969,12.264150943396226,4,Perak,Kampong Gajah,Pilihan raya umum 2022 (Perak),2022-11-19,ge15-concurrent,Wan Norashikin binti Wan Noordin,UMNO,BN,BN,Wan Norashikin Wan Noordin,UMNO,BN,yes,https://en.wikipedia.org/wiki/Results_of_the_2018_Perak_state_election,2026-08-29
N.51 Pasir Panjang,Rosli bin Abd Rahman,PAS,PN,20182,41.052867110107606,PN,62418,49161,5117,80.02659489249896,10.408657268973373,5,Perak,Pasir Panjang,Pilihan raya umum 2022 (Perak),2022-11-19,ge15-concurrent,Yahaya bin Mat Nor,AMANAH,PH,PH,Yahaya Mat Nor,AMANAH,PH,yes,https://en.wikipedia.org/wiki/Results_of_the_2018_Perak_state_election,2026-08-29
N.52 Pangkor,Norhaslinda binti Zakaria,BERSATU,PN,8507,38.654125772446385,PN,30554,22008,1011,74.36669503174707,4.593784078516903,5,Perak,Pangkor,Pilihan raya umum 2022 (Perak),2022-11-19,ge15-concurrent,Norzaman bin Man,UMNO,BN,BN,Zambry Abd Kadir,UMNO,BN,yes,https://en.wikipedia.org/wiki/Results_of_the_2018_Perak_state_election,2026-08-29
N.53 Rungkup,Shahrul Zaman bin Yahya,UMNO,BN,7023,49.548469027797374,BN,19670,14174,3409,73.42653787493644,24.05107944123042,3,Perak,Rungkup,Pilihan raya umum 2022 (Perak),2022-11-19,ge15-concurrent,Ahmad Munzirie bin Ahmad Kabir,AMANAH,PH,PH,Shahrul Zaman Yahya,UMNO,BN,no,https://en.wikipedia.org/wiki/Results_of_the_2018_Perak_state_election,2026-08-29
N.54 Hutan Melintang,Wasanthee a/p Sinnasamy,PKR,PH,11924,43.0562576731422,PH,38513,27694,1130,73.35704826941553,4.080306203509785,3,Perak,Hutan Melintang,Pilihan raya umum 2022 (Perak),2022-11-19,ge15-concurrent,Khairuddin bin Tarmizi,UMNO,BN,BN,Khairuddin Tarmizi,UMNO,BN,yes,https://en.wikipedia.org/wiki/Results_of_the_2018_Perak_state_election,2026-08-29
N.55 Pasir Bedamar,Woo Kah Leong,DAP,PH,21061,76.64398267768114,PH,39117,27479,17446,71.14042487920852,63.48848211361403,3,Perak,Pasir Bedamar,Pilihan raya umum 2022 (Perak),2022-11-19,ge15-concurrent,Kong Sun Chin,MCA,BN,BN,Terence Naidu Raja Naidu @ Rajanaidu,DAP,PH,no,https://en.wikipedia.org/wiki/Results_of_the_2018_Perak_state_election,2026-08-29
N.56 Changkat Jong,Nadziruddin bin Mohamed Bandi,BERSATU,PN,13232,36.02210546375194,PN,48105,36733,1087,77.55742646294564,2.959192007186998,4,Perak,Changkat Jong,Pilihan raya umum 2022 (Perak),2022-11-19,ge15-concurrent,Badrul Hisham bin Badarudin,DAP,PH,PH,Mohd Azhar Jamaluddin,UMNO,BN,yes,https://en.wikipedia.org/wiki/Results_of_the_2018_Perak_state_election,2026-08-29
N.57 Sungkai,Sivanesan a/l Achalingam,DAP,PH,9549,58.97356719367589,PH,23375,16192,5238,70.59679144385026,32.34930830039526,4,Perak,Sungkai,Pilihan raya umum 2022 (Perak),2022-11-19,ge15-concurrent,Elango a/l Vadiveloo,MIC,BN,BN,Sivanesan Achalingam,DAP,PH,no,https://en.wikipedia.org/wiki/Results_of_the_2018_Perak_state_election,2026-08-29
N.58 Slim,Muhammad Zulfadli bin Zainal,PAS,PN,9153,38.872844644525614,PN,30581,23546,416,78.02557143324287,1.7667544381211246,4,Perak,Slim,Pilihan raya umum 2022 (Perak),2022-11-19,ge15-concurrent,Mohd Zaidi bin Aziz,UMNO,BN,BN,Mohd. Khusairi Abdul Talib,UMNO,BN,yes,https://en.wikipedia.org/wiki/Results_of_the_2018_Perak_state_election,2026-08-29
N.59 Behrang,Salina binti Samsudin,UMNO,BN,10337,34.423390722301775,BN,39917,30029,202,76.5638700303129,0.6726830730294049,4,Perak,Behrang,Pilihan raya umum 2022 (Perak),2022-11-19,ge15-concurrent,Khairol Najib bin Hashim,AMANAH,PH,PH,Aminuddin Zulkipli,AMANAH,PH,yes,https://en.wikipedia.org/wiki/Results_of_the_2018_Perak_state_election,2026-08-29
