new_seat,new_seat_name,old_seat_codes,old_seat_names,transfer_method,polling_districts_known,est_2018_winner,est_2018_party,est_2018_bloc,est_2018_basis,est_2018_confidence,voters_2018_old,notes,source_url,source_as_of
N.02,Bengkoka,N.01 Banggi;N.03 Pitas,Banggi;Pitas,merged-from-two,SPR gazette (31 Oct 2022): 10 polling districts; no polling-district-level transfer list published in sources consulted,Mohammad Mohamarin (old Banggi),WARISAN,WARISAN,voter-weighted merge of N.01+N.03,low,"28,323 (Banggi 11,054 + Pitas 17,269)","TindakMalaysia/SPR: 'Constituency formed from Banggi and Pitas'. Voter-weighted dominant donor is Pitas (17,269 electors) whose 2018 winner was Bolkiah Ismail (UMNO/BN), but Banggi's Mohammad Mohamarin (WARISAN) was re-elected here in PRN 2020 - estimates carry wide error. Wiki: 're-created from Banggi and Pitas'. Geo centroid check: Pitas 0.13deg, Banggi 0.44deg from Bengkoka centroid - both adjacent/consistent.",https://raw.githubusercontent.com/TindakMalaysia/HISTORICAL-ELECTION-RESULTS/main/2020-SABAH-STATE-ELECTIONS/SABAH_2019_DUN_REDELINEATION_IMPACT.csv,2026-08-29
N.06,Bandau,N.04 Matunggong;N.05 Tandek,Matunggong;Tandek,merged-from-two,SPR gazette (31 Oct 2022): 13 polling districts; no polling-district-level transfer list published in sources consulted,Julita Mojungki (old Matunggong),PBS,BN,voter-weighted merge of N.04+N.05,low,"47,007 (Matunggong 22,906 + Tandek 24,101)","TindakMalaysia/SPR: 'formed from Matunggong and Tandek'. BOTH donor seats were won by PBS (BN) in 2018, so the bloc estimate (BN) is stronger than the generic low confidence implies; individual winner estimate stays low. Geo check: Tandek 0.13deg, Matunggong 0.25deg - consistent.",https://raw.githubusercontent.com/TindakMalaysia/HISTORICAL-ELECTION-RESULTS/main/2020-SABAH-STATE-ELECTIONS/SABAH_2019_DUN_REDELINEATION_IMPACT.csv,2026-08-29
N.08,Pintasan,N.06 Tempasuk;N.08 Usukan,Tempasuk;Usukan,merged-from-two,SPR gazette (31 Oct 2022): 10 polling districts; no polling-district-level transfer list published in sources consulted,Japlin Akim (old Usukan),UMNO,BN,voter-weighted merge of N.06+N.08,low,"39,937 (Tempasuk 19,129 + Usukan 20,808)","TindakMalaysia/SPR: 'formed from Tempasuk and Usukan'. Both donors won by UMNO (BN) in 2018, strengthening the bloc-level estimate. Geo check: Tempasuk 0.16deg, Usukan 0.26deg - consistent.",https://raw.githubusercontent.com/TindakMalaysia/HISTORICAL-ELECTION-RESULTS/main/2020-SABAH-STATE-ELECTIONS/SABAH_2019_DUN_REDELINEATION_IMPACT.csv,2026-08-29
N.13,Pantai Dalit,N.09 Tamparuli;N.10 Sulaman,Tamparuli;Sulaman,merged-from-two,SPR gazette (31 Oct 2022): 7 polling districts; no polling-district-level transfer list published in sources consulted,Hajiji Haji Noor (old Sulaman),UMNO,BN,voter-weighted merge of N.09+N.10,low,"41,447 (Tamparuli 18,836 + Sulaman 22,611)","TindakMalaysia/SPR: 'formed from Tamparuli and Sulaman'; en-wiki Pantai Dalit article additionally lists Kiulu as a donor - treat Kiulu donation as unverified (TindakMalaysia/SPR is primary). Donor winners split: Sulaman UMNO (Hajiji Noor), Tamparuli PBS (Jahid Jahim) - both BN. Geo check: Tamparuli 0.11deg, Sulaman 0.11deg, Kiulu 0.19deg - all adjacent.",https://raw.githubusercontent.com/TindakMalaysia/HISTORICAL-ELECTION-RESULTS/main/2020-SABAH-STATE-ELECTIONS/SABAH_2019_DUN_REDELINEATION_IMPACT.csv,2026-08-29
N.17,Darau,N.12 Karambunai,Karambunai,split-from-one,SPR gazette (31 Oct 2022): 8 polling districts; Darau carved out of the old Karambunai seat (Karambunai itself 'boundaries were changed'),Azhar Matussin (old Karambunai),WARISAN,WARISAN,majority of territory from N.12 Karambunai,medium,"34,451 (Karambunai 2018 electorate)","TindakMalaysia/SPR: 'Constituency formed from Karambunai' - single donor seat. Geo check: Karambunai centroid 0.07deg from Darau - closest pair in the whole map, fully consistent with a carve-out.",https://raw.githubusercontent.com/TindakMalaysia/HISTORICAL-ELECTION-RESULTS/main/2020-SABAH-STATE-ELECTIONS/SABAH_2019_DUN_REDELINEATION_IMPACT.csv,2026-08-29
N.24,Tanjung Keramat,N.17 Tanjong Aru;N.18 Petagas;N.21 Kawang,Tanjong Aru;Petagas;Kawang,carved-from-multiple,SPR gazette (31 Oct 2022): 4 polling districts; no polling-district-level transfer list published in sources consulted,Wong Hong Jun (old Tanjong Aru),WARISAN,WARISAN,majority of territory from N.17 Tanjong Aru,low,"64,814 (Tanjong Aru 23,829 + Petagas 17,483 + Kawang 23,102)","TindakMalaysia/SPR: 'largely formed from formerly named Tanjong Aru and remaining areas from Petagas and Kawang'; en-wiki additionally lists Moyog as a donor (unverified against SPR summary). Tanjong Aru was itself renamed from Tanjong Aru spelling 'Tanjong Aru' to 'Tanjung Aru' in 2019. Geo check: Petagas 0.02deg, Kawang 0.10deg, Tanjung Aru 0.14deg, Moyog 0.14deg - consistent.",https://raw.githubusercontent.com/TindakMalaysia/HISTORICAL-ELECTION-RESULTS/main/2020-SABAH-STATE-ELECTIONS/SABAH_2019_DUN_REDELINEATION_IMPACT.csv,2026-08-29
N.27,Limbahau,N.22 Pantai Manis,Pantai Manis,split-from-one,SPR gazette (31 Oct 2022): 9 polling districts; Limbahau carved out of Pantai Manis (Pantai Manis itself 'boundaries were changed'),Aidi Moktar (old Pantai Manis),WARISAN,WARISAN,majority of territory from N.22 Pantai Manis,medium,"20,484 (Pantai Manis 2018 electorate)","TindakMalaysia/SPR: 'Constituency formed from Pantai Manis' - single donor. En-wiki Limbahau article lists donors as Tambunan, Bingkor, Kawang and Pantai Manis - treat extra donors as unverified (SPR summary is primary; Kawang/Bingkor centroids are 0.12/0.28deg away, Tambunan 0.31deg - all geographically plausible but not confirmed). Geo check: Pantai Manis 0.16deg - consistent.",https://raw.githubusercontent.com/TindakMalaysia/HISTORICAL-ELECTION-RESULTS/main/2020-SABAH-STATE-ELECTIONS/SABAH_2019_DUN_REDELINEATION_IMPACT.csv,2026-08-29
N.44,Tulid,N.37 Sook,Sook,split-from-one,SPR gazette (31 Oct 2022): 9 polling districts; Tulid carved out of Sook (Sook itself 'boundaries were changed'),Ellron Bin Angin (old Sook),PBRS,BN,majority of territory from N.37 Sook,medium,"19,121 (Sook 2018 electorate)","TindakMalaysia/SPR: 'Constituency formed from Sook'. The en-wiki line 'created from Sook, Kuamut and Bingkor' describes the ORIGINAL Tulid seat (1985-2004 history), not the 2019 recreation. Geo check: Sook 0.39deg - consistent (Pensiangan interior seats are large).",https://raw.githubusercontent.com/TindakMalaysia/HISTORICAL-ELECTION-RESULTS/main/2020-SABAH-STATE-ELECTIONS/SABAH_2019_DUN_REDELINEATION_IMPACT.csv,2026-08-29
N.47,Telupid,N.40 Labuk,Labuk,split-from-one,SPR gazette (31 Oct 2022): 8 polling districts; Telupid carved out of Labuk (Labuk itself 'boundaries were changed'),Abdul Rahman Bin Datuk Hj Kongkawang (old Labuk),PBS,BN,majority of territory from N.40 Labuk,medium,"16,806 (Labuk 2018 electorate)",TindakMalaysia/SPR and en-wiki agree: 'created from Labuk'. Geo check: Labuk 0.41deg - consistent (large rural seats).,https://raw.githubusercontent.com/TindakMalaysia/HISTORICAL-ELECTION-RESULTS/main/2020-SABAH-STATE-ELECTIONS/SABAH_2019_DUN_REDELINEATION_IMPACT.csv,2026-08-29
N.51,Sungai Manila,N.42 Sungai Sibuga,Sungai Sibuga,split-from-one,SPR gazette (31 Oct 2022): 5 polling districts; Sungai Manila carved out of Sungai Sibuga (Sungai Sibuga itself 'boundaries were changed'),Musa Haji Aman (old Sungai Sibuga),UMNO,BN,majority of territory from N.42 Sungai Sibuga,medium,"35,454 (Sungai Sibuga 2018 electorate)",TindakMalaysia/SPR: 'Constituency formed from Sungai Sibuga'. En-wiki additionally lists Gum-Gum as a donor (unverified against SPR summary; Gum-Gum centroid 0.15deg away - plausible but not confirmed). Geo check: Sungai Sibuga 0.09deg - consistent.,https://raw.githubusercontent.com/TindakMalaysia/HISTORICAL-ELECTION-RESULTS/main/2020-SABAH-STATE-ELECTIONS/SABAH_2019_DUN_REDELINEATION_IMPACT.csv,2026-08-29
N.58,Lamag,N.47 Kuamut;N.48 Sukau,Kuamut;Sukau,carved-from-multiple,SPR gazette (31 Oct 2022): 6 polling districts; no polling-district-level transfer list published in sources consulted,Masiung Banah (old Kuamut),UPKO,BN,voter-weighted merge of N.47+N.48,low,"28,730 (Kuamut 17,875 + Sukau 10,855)","TindakMalaysia/SPR: 'largely from Kuamut and remaining from Sukau'. Both donors were BN-won in 2018 (Kuamut: Masiung Banah UPKO; Sukau: Saddi Abdul Rahman UMNO), so bloc estimate BN. Note the OLD 'Lamag' (abolished) is unrelated naming history. Geo check: Kuamut 0.66deg, Sukau 0.64deg - consistent for very large interior Kinabatangan seats.",https://raw.githubusercontent.com/TindakMalaysia/HISTORICAL-ELECTION-RESULTS/main/2020-SABAH-STATE-ELECTIONS/SABAH_2019_DUN_REDELINEATION_IMPACT.csv,2026-08-29
N.61,Segama,N.49 Tungku;N.50 Lahad Datu,Tungku;Lahad Datu,merged-from-two,SPR gazette (31 Oct 2022): 9 polling districts; no polling-district-level transfer list published in sources consulted,Dumi Bin Pg Masdal (old Lahad Datu),WARISAN,WARISAN,voter-weighted merge of N.49+N.50,low,"46,431 (Tungku 17,773 + Lahad Datu 28,658)","TindakMalaysia/SPR: 'formed from formally named constituency of Lahad Datu and Tungku'. Both donors were WARISAN-won in 2018, strengthening the bloc estimate. En-wiki Segama article adds Lahad Datu + Tungku + Sukau as donors - Sukau donation unverified against SPR summary. Geo check: Sukau 0.43deg, Tungku 0.49deg - consistent.",https://raw.githubusercontent.com/TindakMalaysia/HISTORICAL-ELECTION-RESULTS/main/2020-SABAH-STATE-ELECTIONS/SABAH_2019_DUN_REDELINEATION_IMPACT.csv,2026-08-29
N.62,Silam,N.50 Lahad Datu,Lahad Datu,whole-seat-rename,"SPR gazette (31 Oct 2022): 7 polling districts; seat continuity with old N.50 Lahad Datu (boundaries changed, name changed)",Dumi Bin Pg Masdal (old Lahad Datu),WARISAN,WARISAN,rename of old seat,high,"28,658 (Lahad Datu 2018 electorate)","TindakMalaysia/SPR: old N.50 LAHAD DATU -> new N.62 SILAM with DUN NAME CHANGE = YES; boundaries changed but the seat is the direct successor of Lahad Datu (en-wiki Silam: 'Previously it was named Lahad Datu until a name change'). Carry 2018 Lahad Datu result at high confidence, noting minor boundary adjustments.",https://raw.githubusercontent.com/TindakMalaysia/HISTORICAL-ELECTION-RESULTS/main/2020-SABAH-STATE-ELECTIONS/SABAH_2019_DUN_REDELINEATION_IMPACT.csv,2026-08-29
N.70,Kukusan,N.58 Merotai;N.59 Tanjong Batu;N.60 Sebatik,Merotai;Tanjong Batu;Sebatik,carved-from-multiple,SPR gazette (31 Oct 2022): 5 polling districts; no polling-district-level transfer list published in sources consulted,Hamisa Binti Samat (old Tanjong Batu),UMNO,BN,voter-weighted merge of N.58+N.59+N.60,low,"52,199 (Merotai 20,634 + Tanjong Batu 23,951 + Sebatik 7,614)","TindakMalaysia/SPR: 'formed from Merotai, formerly named Tanjong Batu and Sebatik'. Largest donor by voters is Tanjong Batu (UMNO/BN, 23,951); combined WARISAN donors (Merotai) 20,634 - genuinely mixed territory, lowest-confidence estimate in the map (in PRN 2020 WARISAN's Siti Aminah Aching won here). Geo check: Tanjong Batu 0.02deg, Merotai 0.26deg, Sebatik 0.41deg - consistent.",https://raw.githubusercontent.com/TindakMalaysia/HISTORICAL-ELECTION-RESULTS/main/2020-SABAH-STATE-ELECTIONS/SABAH_2019_DUN_REDELINEATION_IMPACT.csv,2026-08-29
