date,election,state,seat,voters_total,ballots_issued,ballots_not_returned,votes_rejected,votes_valid,majority,n_candidates,voter_turnout,majority_perc,votes_rejected_perc,ballots_not_returned_perc
2026-01-24,BY-ELECTION,Sabah,N.58 Lamag,13515,9024,7,160,8857,5681,2,66.77025527192009,64.1413571186632,1.7744260840634358,0.07757092198581561
2026-01-24,BY-ELECTION,Sabah,P.187 Kinabatangan,48282,26827,22,369,26436,14214,3,55.56314982809328,53.76758965047662,1.3766088416340236,0.08200693331345286
2025-04-26,BY-ELECTION,Perak,N.48 Ayer Kuning,31897,18523,4,289,18230,5006,3,58.071291971031755,27.46023038946791,1.5605594254549382,0.021594774064676348
2024-09-28,BY-ELECTION,Johor,N.29 Mahkota,66318,35705,24,339,35342,20648,2,53.83907837992702,58.423405579763454,0.9500854796670497,0.06721747654390141
2024-08-17,BY-ELECTION,Kelantan,N.43 Nenggiri,20259,14968,3,135,14830,3352,2,73.8832123994274,22.60283209710047,0.9021049114600734,0.02004275788348477
2024-07-06,BY-ELECTION,Pulau Pinang,N.20 Sungai Bakap,39279,24923,4,208,24711,4267,2,63.45120802464421,17.267613613370564,0.8347044423933544,0.01604943225133411
2024-05-11,BY-ELECTION,Selangor,N.06 Kuala Kubu Baharu,40226,24734,0,263,24471,3869,4,61.48759508775419,15.81055126476237,1.063313657313819,0.0
2023-12-02,BY-ELECTION,Terengganu,P.040 Kemaman,141790,93239,35,428,92776,37220,2,65.75851611538191,40.118134000172454,0.4592077593236342,0.037537940132348055
2023-11-04,BY-ELECTION,Sarawak,N.67 Jepak,22804,11077,2,152,10923,8784,3,48.57481143659007,80.41746772864597,1.3724604966139955,0.018055430170623814
2023-10-07,BY-ELECTION,Pahang,N.36 Pelangai,16456,11868,2,120,11746,2949,3,72.11959163830821,25.106419206538394,1.0112927692566998,0.016852039096730706
2023-09-09,BY-ELECTION,Johor,P.161 Pulai,166653,78882,66,363,78453,18641,3,47.33308131266764,23.76072298063809,0.46056638246041415,0.08366927816231841
2023-09-09,BY-ELECTION,Johor,N.13 Simpang Jeram,40379,24571,12,74,24485,3514,3,60.85093736843409,14.351643863589953,0.30131520013029844,0.04883806112897318
2023-08-12,BY-ELECTION,Terengganu,P.036 Kuala Terengganu,123397,90632,111,1049,89472,47266,2,73.44749061970712,52.82770028612303,1.1588471183482285,0.12247329861417601
2022-11-19,BY-ELECTION,Sabah,N.66 Bugaya,32761,18376,126,482,17768,6629,7,56.09108391074753,37.30864475461504,2.6410958904109587,0.6856769699608184
2020-08-29,BY-ELECTION,Perak,N.58 Slim,23094,15796,18,327,15451,10945,3,68.39871828180479,70.83683903954436,2.0725060210419572,0.1139528994682198
2020-07-04,BY-ELECTION,Pahang,N.23 Chini,20990,15506,36,239,15231,12650,3,73.87327298713673,83.05429715711378,1.5449256625727215,0.2321681929575648
2020-01-18,BY-ELECTION,Sabah,P.176 Kimanis,29664,23708,5,320,23383,2029,2,79.9217907227616,8.677244151734167,1.3500400793148546,0.02108992745064957
2019-11-16,BY-ELECTION,Johor,P.165 Tanjung Piai,52986,39440,30,595,38815,15086,6,74.43475635073415,38.866417622053326,1.5097690941385435,0.07606490872210953
2019-05-11,BY-ELECTION,Sabah,P.186 Sandakan,40131,21847,18,234,21595,11521,5,54.43921158206872,53.35031257235471,1.0719684822941957,0.0823911749897011
2019-04-13,BY-ELECTION,Negeri Sembilan,N.27 Rantau,20926,16596,4,146,16446,4510,4,79.30803784765364,27.423081600389153,0.8799421407907425,0.024102193299590263
2019-03-02,BY-ELECTION,Selangor,N.24 Semenyih,54503,39918,50,650,39218,1914,4,73.24000513733189,4.880412055688715,1.6303802548409752,0.1252567763916028
2019-01-26,BY-ELECTION,Pahang,P.078 Cameron Highlands,32009,22019,23,568,21428,3238,4,68.79002780467994,15.111069628523428,2.5822876886706676,0.10445524319905536
2018-10-13,BY-ELECTION,Negeri Sembilan,P.132 Port Dickson,75317,44136,49,598,43489,23560,7,58.60031599771632,54.17461886913932,1.356408918728877,0.11102048214609388
2018-09-08,BY-ELECTION,Selangor,N.32 Seri Setia,53492,23615,28,164,23423,4027,2,44.14678830479324,17.19250309524826,0.6952982575147327,0.118568706330722
2018-09-08,BY-ELECTION,Selangor,N.27 Balakong,62219,26734,24,227,26483,18533,2,42.96758224979508,69.98074236302534,0.8498689629352303,0.08977332236103837
2018-08-04,BY-ELECTION,Selangor,N.49 Sungai Kandis,51230,25303,21,173,25109,5842,3,49.39098184657427,23.266557807957305,0.6842813068586346,0.08299411137019326
2017-02-18,BY-ELECTION,Sarawak,N.03 Tanjong Datu,9959,6892,1,80,6811,6443,3,69.20373531479063,94.59697548083982,1.1609345523146133,0.014509576320371444
2016-06-18,BY-ELECTION,Selangor,P.093 Sungai Besar,42655,31721,31,379,31311,9191,3,74.36642832024381,29.3539011848871,1.1959608709372043,0.09772705778506353
2016-06-18,BY-ELECTION,Perak,P.067 Kuala Kangsar,32949,23523,10,239,23274,6969,4,71.39215150687426,29.94328435163702,1.0164589801386468,0.04251158440675084
2015-05-07,BY-ELECTION,Pulau Pinang,P.044 Permatang Pauh,71890,53145,43,843,52259,8841,4,73.92544164696064,16.917660115960885,1.5875108282173929,0.08091071596575407
2015-05-05,BY-ELECTION,Pahang,P.091 Rompin,53294,39352,64,591,38697,8895,2,73.83945659924194,22.98627800604698,1.5042761148442272,0.16263468184590363
2015-03-22,BY-ELECTION,Kelantan,N.06 Chempaka,21890,12020,7,140,11873,10092,5,54.910918227501135,84.99957887644236,1.1654041455090318,0.05823627287853577
2014-09-25,BY-ELECTION,Kelantan,N.01 Pengkalan Kubor,24039,17558,3,230,17325,2635,3,73.03964391197637,15.209235209235208,1.3101680432925094,0.01708622849982914
2014-05-31,BY-ELECTION,Perak,P.076 Telok Intan,60349,40668,49,543,40076,238,2,67.38802631360917,0.5938716438766344,1.3368128215859574,0.12048785285728336
2014-05-25,BY-ELECTION,Pulau Pinang,P.051 Bukit Gelugor,82431,46438,50,539,45849,37659,4,56.335601897344446,82.13701498396911,1.1619384323531947,0.10767044231017701
2014-03-29,BY-ELECTION,Sarawak,N.51 Balingian,13366,9624,1,146,9477,6911,2,72.00359120155618,72.92392107206922,1.5171983788839238,0.010390689941812137
2014-03-23,BY-ELECTION,Selangor,N.25 Kajang,39278,28317,38,176,28103,5379,2,72.09379296298182,19.140305305483402,0.6223699565048268,0.13419500653317795
2013-11-04,BY-ELECTION,Kedah,N.20 Sungai Limau,27222,23205,6,145,23054,1084,2,85.24355300859598,4.702003990630693,0.6250269408164145,0.02585649644473174
2013-07-24,BY-ELECTION,Terengganu,N.01 Kuala Besut,17683,14109,0,125,13984,2592,2,79.7884974269072,18.53546910755149,0.885959316748175,0.0
2011-03-06,BY-ELECTION,Pahang,N.28 Kerdau,8999,7487,1,90,7396,2724,2,83.19813312590287,36.83071930773391,1.2022441891530857,0.013356484573260316
2011-03-06,BY-ELECTION,Melaka,N.27 Merlimau,10679,8417,1,135,8281,3643,2,78.81824140837156,43.99227146479894,1.6040874524714828,0.011880717595342758
2011-01-30,BY-ELECTION,Johor,N.05 Tenang,14676,9833,3,139,9691,3707,2,67.00054510765877,38.25198637911464,1.4140386571719228,0.03050950879690837
2010-11-04,BY-ELECTION,Sabah,P.185 Batu Sapi,25582,15613,23,372,15218,6359,3,61.031193808146355,41.78604284400053,2.386144964720975,0.1473131364888234
2010-11-04,BY-ELECTION,Kelantan,N.45 Galas,11553,9593,3,132,9458,1190,2,83.03470959923828,12.581941213787271,1.3764337851929094,0.03127280308558324
2010-05-16,BY-ELECTION,Sarawak,P.212 Sibu,54695,38111,192,395,37524,398,3,69.67912971935277,1.060654514444089,1.0416941375036262,0.5037915562436042
2010-04-25,BY-ELECTION,Selangor,P.094 Hulu Selangor,64500,49067,67,731,48269,1725,2,76.07286821705426,3.5737222648076403,1.4918367346938775,0.13654798540770782
2009-10-11,BY-ELECTION,Negeri Sembilan,N.31 Bagan Pinang,13664,11170,356,223,10591,5435,2,81.7476580796253,51.317156075913516,2.062141668207879,3.1871083258728734
2009-08-25,BY-ELECTION,Pulau Pinang,N.11 Permatang Pasir,20290,14769,1,83,14685,4551,2,72.78955150320355,30.990806945863124,0.5620260021668473,0.0067709391292572274
2009-07-14,BY-ELECTION,Kelantan,N.41 Manek Urai,12293,10754,6,117,10631,65,2,87.4806800618238,0.6114194337315398,1.0885746185336806,0.055793193230425885
2009-05-31,BY-ELECTION,Pulau Pinang,N.12 Penanti,15384,7102,1,107,6994,5558,4,46.16484659386376,79.46811552759509,1.50683002394029,0.014080540692762602
2009-04-07,BY-ELECTION,Perak,P.059 Bukit Gantang,55562,41467,18,456,40993,2789,3,74.63194269464742,6.803600614739101,1.1001471688098627,0.04340801118962066
2009-04-07,BY-ELECTION,Sarawak,N.29 Batang Air,8006,6030,11,59,5960,1854,2,75.3185111166625,31.107382550335572,0.9802292739657751,0.1824212271973466
2009-04-07,BY-ELECTION,Kedah,N.25 Bukit Selambau,35140,24611,9,415,24187,2403,15,70.03699487763232,9.935089097449042,1.6868547272579464,0.03656901385559303
2009-01-17,BY-ELECTION,Terengganu,P.036 Kuala Terengganu,80229,64102,109,665,63328,2631,3,79.89878971444242,4.154560384032339,1.0391761598924882,0.17004149636516802
2008-08-26,BY-ELECTION,Pulau Pinang,P.044 Permatang Pauh,58459,47268,10,447,46811,15671,3,80.85666877640739,33.47717416846468,0.94587159845952,0.021155961750021154
2007-04-28,BY-ELECTION,Selangor,N.11 Ijok,12272,10053,1,134,9918,1850,2,81.91818774445892,18.652954224642066,1.3330680461599682,0.00994727941907888
2007-04-12,BY-ELECTION,Melaka,N.08 Machap,9623,7155,4,166,6985,4081,2,74.35311233503066,58.425196850393704,2.3213536568312123,0.05590496156533892
2007-01-28,BY-ELECTION,Pahang,N.06 Batu Talam,10525,7085,5,385,6695,5857,2,67.31591448931117,87.48319641523526,5.437853107344632,0.07057163020465773
2005-12-06,BY-ELECTION,Kelantan,N.12 Pengkalan Pasir,18411,15450,0,325,15125,134,3,83.9172233990549,0.8859504132231405,2.103559870550162,0.0
2004-09-18,BY-ELECTION,Sarawak,N.62 Ba'kelalan,7696,4313,0,79,4234,1452,2,56.0420997920998,34.293811998110534,1.831671690238813,0.0
2004-08-28,BY-ELECTION,Terengganu,N.23 Kuala Berang,11430,10147,1,103,10043,2059,2,88.77515310586178,20.501842079060044,1.0151783954267692,0.009855129594954173
2002-10-12,BY-ELECTION,Sabah,P.150 Gaya,49427,22108,8,132,21968,11923,3,44.728589637242806,54.27439912600146,0.5972850678733032,0.03618599601954044
2002-07-18,BY-ELECTION,Kedah,N.15 Anak Bukit,19399,16220,5,127,16088,508,2,83.61255734831691,3.1576330183988066,0.7832254085723096,0.030826140567200986
2002-07-18,BY-ELECTION,Kedah,P.011 Pendang,53128,45725,12,346,45367,283,2,86.06572805300407,0.6238014415764763,0.7568962877080918,0.026243849097867686
2002-04-01,BY-ELECTION,Pahang,N.29 Ketari,17144,12255,4,149,12102,2204,2,71.48273448436771,18.211865807304576,1.216227246755367,0.03263973888208894
2002-01-19,BY-ELECTION,Perlis,N.08 Indera Kayangan,7976,6061,14,81,5966,2592,2,75.99047141424273,43.44619510559839,1.3395071936497436,0.23098498597591155
2001-07-21,BY-ELECTION,Sabah,N.13 Likas,26196,13872,9,114,13749,7541,4,52.95464956481906,54.847625281838674,0.8223328283921228,0.06487889273356401
2000-11-29,BY-ELECTION,Kedah,N.34 Lunas,26746,20750,4,204,20542,530,3,77.58169445898451,2.5800798364326747,0.9833220861852888,0.019277108433734938
2000-06-10,BY-ELECTION,Negeri Sembilan,P.119 Telok Kemang,66646,45441,1362,1051,43028,5972,2,68.18263661735138,13.87933438691085,2.384355361963747,2.997293193371625
2000-04-01,BY-ELECTION,Pahang,N.26 Sanggang,15276,11653,14,116,11523,1963,2,76.28305839224929,17.035494228933437,0.9966491966663802,0.12014073629108384
1998-07-04,BY-ELECTION,Perlis,P.003 Arau,35221,24755,6,344,24405,1323,2,70.28477328866302,5.421020282728949,1.3899551497030183,0.024237527772167238
1997-11-08,BY-ELECTION,Perak,N.11 Changkat Jering,19212,11069,11,160,10898,3544,2,57.61503227149698,32.519728390530375,1.4469162597214686,0.09937663745595807
1997-11-08,BY-ELECTION,Pulau Pinang,N.16 Sungai Bakap,16589,10596,2,230,10364,1440,4,63.87365121466032,13.894249324585104,2.1710402114404377,0.01887504718761797
1997-10-26,BY-ELECTION,Sarawak,N.53 Kidurong,16707,11287,16,99,11172,384,4,67.55850840964865,3.4371643394199785,0.8783603939313283,0.14175600248073006
1997-08-11,BY-ELECTION,Kelantan,N.30 Semerak,12224,10075,1,85,9989,778,3,82.41982984293193,7.788567424166583,0.843756204089736,0.009925558312655087
1997-06-14,BY-ELECTION,Melaka,N.03 Melekek,7874,4797,0,110,4687,4431,2,60.922021844043684,94.53808406229997,2.293099854075464,0.0
1997-05-29,BY-ELECTION,Negeri Sembilan,N.11 Repah,11571,7030,102,147,6781,2319,2,60.75533661740559,34.19849579708008,2.121824480369515,1.4509246088193457
1997-05-29,BY-ELECTION,Selangor,N.10 Permatang,18517,11906,22,484,11400,7780,2,64.29767240913755,68.24561403508773,4.072702793672164,0.18478078279858895
1997-05-29,BY-ELECTION,Selangor,P.089 Kuala Selangor,49527,30736,36,1050,29650,18418,2,62.05907888626406,62.118043844856665,3.420195439739414,0.11712649661634565
1997-05-25,BY-ELECTION,Sarawak,N.52 Kemena,12746,8563,2,176,8385,5471,2,67.18186097599246,65.24746571258198,2.055834598761827,0.02335630036202266
1997-05-17,BY-ELECTION,Perak,P.073 Telok Intan,51936,27639,0,541,27098,2916,2,53.21742144177449,10.760941766920068,1.9573790658128007,0.0
1997-03-16,BY-ELECTION,Sarawak,N.22 Bukit Begunan,10926,6824,57,102,6665,4615,2,62.4565257184697,69.2423105776444,1.5073149105955372,0.8352872215709262
1997-01-06,BY-ELECTION,Kelantan,N.32 Pulai Chondong,12635,9531,13,80,9438,118,2,75.43332014246141,1.2502648866285229,0.8405127127547805,0.13639702024971148
1996-06-22,BY-ELECTION,Melaka,N.08 Bukit Asahan,11191,7153,2,88,7063,3518,3,63.91743365204182,49.80886308933881,1.2305971192840164,0.02796029637914162
1996-01-15,BY-ELECTION,Pahang,P.075 Lipis,0,0,0,0,0,0,1,,,,
1995-09-09,BY-ELECTION,Pulau Pinang,P.043 Bagan,70622,43402,116,681,42605,11802,3,61.45676984509076,27.700974064076988,1.5732569421984013,0.26726878945670707
1995-08-29,BY-ELECTION,Kelantan,P.032 Gua Musang,28004,21850,85,223,21542,4746,2,78.02456791886874,22.03138055890818,1.0245807489087984,0.3890160183066362
1995-01-28,BY-ELECTION,Sabah,N.48 Sulabayan,18020,11990,17,200,11773,6013,4,66.53718091009989,51.07449248279963,1.6704251231938527,0.14178482068390325
1994-05-28,BY-ELECTION,Selangor,N.33 Shahbandar Raya,37559,18122,15,247,17860,10829,3,48.249420911099875,60.63269876819709,1.3641133263378804,0.08277232093587904
1994-03-29,BY-ELECTION,Kelantan,N.09 Lundang,19790,14461,22,145,14294,4246,2,73.07225871652349,29.70477123268504,1.0042246692984278,0.15213332411313185
1994-02-05,BY-ELECTION,Selangor,N.14 Sementa,17219,9975,5,211,9759,6037,2,57.93019339102155,61.860846398196536,2.116349047141424,0.05012531328320802
1993-10-13,BY-ELECTION,Terengganu,N.02 Kampung Raja,10217,8319,24,120,8175,1049,2,81.42311833219145,12.831804281345565,1.4466546112115732,0.288496213487198
1993-08-28,BY-ELECTION,Pahang,N.06 Batu Talam,11421,7838,9,109,7720,2990,2,68.62796602749322,38.73056994818653,1.3922595478349726,0.11482521051288594
1992-08-22,BY-ELECTION,Sarawak,N.10 Batu Kawah,0,0,0,0,0,0,1,,,,
1992-04-21,BY-ELECTION,Terengganu,N.18 Bukit Payung,10059,8521,4,104,8413,389,2,84.71020976240183,4.623796505408297,1.2210872372901256,0.046942847083675625
1992-03-04,BY-ELECTION,Kedah,P.010 Jerai,37171,25633,20,263,25350,3726,2,68.9596728632536,14.698224852071007,1.0268223167922539,0.07802442164397456
1991-12-19,BY-ELECTION,Kedah,N.02 Jerlun,27823,20977,7,270,20700,784,2,75.3944578226647,3.78743961352657,1.2875536480686696,0.0333698812985651
1991-12-14,BY-ELECTION,Melaka,N.17 Serkam,13631,9848,7,121,9720,3808,2,72.24708385298217,39.17695473251029,1.2295498424956812,0.0710804224207961
1991-08-24,BY-ELECTION,Kelantan,N.23 Limbongan,13681,10255,21,92,10142,1560,4,74.95797090855932,15.381581542102149,0.8989642368575338,0.20477815699658702
1991-08-24,BY-ELECTION,Kelantan,N.02 Sungai Pinang,15430,11033,39,223,10771,1994,4,71.50356448476994,18.512672918020613,2.02837911588139,0.3534849995468141
1991-07-27,BY-ELECTION,Pulau Pinang,N.09 Prai,14092,9639,19,103,9517,862,3,68.40051092818621,9.057476095408216,1.0706860706860708,0.19711588339039318
1991-05-11,BY-ELECTION,Sabah,N.08 Usukan,11226,8942,14,76,8852,2492,2,79.6543737751648,28.15183009489381,0.8512544802867384,0.156564526951465
1991-05-04,BY-ELECTION,Kedah,N.21 Bayu,20822,15684,30,156,15498,3592,2,75.32417635193546,23.17718415279391,0.9965504024530472,0.1912777352716144
1990-12-08,BY-ELECTION,Sabah,N.48 Sulabayan,14897,9647,37,165,9445,917,2,64.7580049674431,9.708840656431974,1.716961498439126,0.38353892401782935
1990-12-08,BY-ELECTION,Sabah,N.38 Sipitang,8366,6770,2,56,6712,203,3,80.92278269184796,3.0244338498212158,0.8274231678486997,0.029542097488921712
1990-08-01,BY-ELECTION,Terengganu,N.30 Kijal,7096,5713,0,86,5627,1689,2,80.51014656144307,30.01599431313311,1.5053387012077717,0.0
1990-07-29,BY-ELECTION,Melaka,N.01 Kuala Linggi,8900,6530,176,145,6209,4685,2,73.37078651685394,75.45498469962956,2.2820270695624805,2.6952526799387444
1990-03-24,BY-ELECTION,Kedah,N.23 Pantai Merdeka,25734,17530,0,171,17359,3409,2,68.11999689127225,19.638228008525836,0.975470621791215,0.0
1989-12-09,BY-ELECTION,Sabah,N.14 Ranau,8171,6457,0,88,6369,1130,3,79.02337535185411,17.742188726644688,1.362862010221465,0.0
1989-11-01,BY-ELECTION,Selangor,N.03 Sungai Besar,12094,7688,0,122,7566,2630,2,63.56871175789648,34.76077187417393,1.5868886576482828,0.0
1989-08-12,BY-ELECTION,Pahang,N.14 Teruntum,24166,12443,0,257,12186,5717,3,51.48969626748324,46.91449204004595,2.065418307482118,0.0
1989-08-05,BY-ELECTION,Johor,N.33 Tambatan,22718,14376,0,115,14261,1075,4,63.28021832907827,7.538040810602342,0.7999443516972732,0.0
1989-06-24,BY-ELECTION,Terengganu,N.10 Teluk Pasu,8428,7269,0,68,7201,141,2,86.24822021831989,1.9580613803638385,0.9354794332095198,0.0
1989-05-13,BY-ELECTION,Pahang,P.079 Bentung,40252,28977,0,309,28668,8506,5,71.98896949219915,29.670712990093485,1.066362977533906,0.0
1989-01-28,BY-ELECTION,Selangor,P.088 Ampang Jaya,68546,43848,0,395,43453,4250,7,63.96872173430981,9.780682576576991,0.9008392629082285,0.0
1988-10-20,BY-ELECTION,Johor,N.20 Parit Raja,19651,14437,0,165,14272,413,7,73.46699913490407,2.8937780269058297,1.1428967236960585,0.0
1988-08-25,BY-ELECTION,Johor,P.130 Johor Bahru,60292,37094,0,285,36809,12613,3,61.52391693757049,34.266076231356465,0.7683183264139753,0.0
1988-03-05,BY-ELECTION,Johor,N.31 Tanjong Puteri,35446,20605,0,274,20331,31,2,58.130677650510634,0.15247651369829326,1.3297743266197526,0.0
1987-09-19,BY-ELECTION,Sabah,N.34 Bongawan,9001,6167,0,53,6114,444,2,68.51460948783469,7.262021589793916,0.8594130047024485,0.0
1987-06-28,BY-ELECTION,Kelantan,N.14 Bukit Tuku,11389,8492,0,60,8432,118,3,74.56317499341469,1.3994307400379506,0.7065473386716911,0.0
1987-05-16,BY-ELECTION,Perak,P.064 Gopeng,34142,21243,0,425,20818,4523,3,62.2195536289614,21.726390623498894,2.000659040625147,0.0
1987-04-18,BY-ELECTION,Sabah,N.08 Usukan,9907,7217,0,58,7159,396,3,72.84748157868174,5.531498812683336,0.80365802965221,0.0
1987-04-18,BY-ELECTION,Sabah,P.148 Limbawang,15165,9400,0,107,9293,1794,3,61.98483349818661,19.304853115248036,1.1382978723404256,0.0
1987-04-04,BY-ELECTION,Sarawak,P.162 Lubok Antu,13386,7786,0,133,7653,2941,2,58.16524727327058,38.429374101659484,1.7081941947084511,0.0
1986-11-29,BY-ELECTION,Sabah,N.11 Sulaman,8391,5776,0,29,5747,704,3,68.83565725181742,12.249869497128937,0.5020775623268697,0.0
1986-08-30,BY-ELECTION,Sarawak,N.18 Batang Air,6042,4526,0,26,4500,403,6,74.90897053955644,8.955555555555556,0.5744586831639417,0.0
1986-07-02,BY-ELECTION,Sarawak,N.32 Oya,8537,6752,0,77,6675,1755,2,79.09101557924329,26.29213483146067,1.1404028436018958,0.0
1986-01-25,BY-ELECTION,Sabah,N.22 Sukau,5792,2775,0,36,2739,439,6,47.91091160220994,16.027747353048557,1.2972972972972971,0.0
1986-01-25,BY-ELECTION,Sabah,N.47 Balung,8910,5977,0,41,5936,303,3,67.08193041526374,5.1044474393531,0.68596285762088,0.0
1986-01-25,BY-ELECTION,Sabah,N.33 Buang Sayang,9133,6568,0,51,6517,260,5,71.9150333953794,3.9895657511124747,0.7764920828258222,0.0
1986-01-25,BY-ELECTION,Sabah,N.20 Karamunting,9809,6601,0,28,6573,1648,4,67.29534101335508,25.07226532785638,0.4241781548250266,0.0
1986-01-04,BY-ELECTION,Pahang,N.18 Bandar Maran,0,0,0,0,0,0,1,,,,
1985-10-12,BY-ELECTION,Sabah,P.129 Ulu Padas,16713,12281,0,151,12130,2262,2,73.48172081613116,18.6479802143446,1.229541568276199,0.0
1985-01-19,BY-ELECTION,Kedah,P.005 Padang Terap,39818,31402,0,369,31033,5702,4,78.86383042844945,18.373988979473463,1.1750843895293293,0.0
1984-12-29,BY-ELECTION,Sabah,N.18 Tambunan,6048,4474,0,152,4322,3048,2,73.97486772486772,70.52290606200833,3.3974072418417522,0.0
1983-12-03,BY-ELECTION,Perak,N.41 Rungkup,18084,11875,0,333,11542,4134,2,65.66578190665781,35.817016115058046,2.8042105263157895,0.0
1983-11-19,BY-ELECTION,Negeri Sembilan,P.091 Seremban,60899,42269,0,868,41401,6393,2,69.4083646693706,15.441655998647374,2.053514395892971,0.0
1983-09-24,BY-ELECTION,Negeri Sembilan,P.094 Tampin,50180,31192,0,578,30614,21676,3,62.16022319649262,70.80420722545242,1.8530392408309824,0.0
1983-09-08,BY-ELECTION,Kelantan,N.28 Selising,12378,9163,0,48,9115,2514,3,74.02649862659557,27.580910586944597,0.5238459019971625,0.0
1983-09-08,BY-ELECTION,Kelantan,N.05 Kemumin,11964,8341,0,66,8275,662,3,69.71748579070545,8.0,0.791272029732646,0.0
1983-07-16,BY-ELECTION,Sabah,N.14 Tamparuli,6841,4470,0,80,4390,1346,3,65.34132436778248,30.660592255125284,1.7897091722595078,0.0
1983-06-04,BY-ELECTION,Pahang,N.16 Bandar Raub,13378,9741,0,149,9592,1846,2,72.8135745253401,19.245204336947456,1.5296170824350683,0.0
1983-04-09,BY-ELECTION,Perak,N.02 Kenering,13587,8828,0,174,8654,3578,2,64.97387208360934,41.34504275479547,1.971001359311282,0.0
1983-03-16,BY-ELECTION,Kedah,P.009 Ulu Muda,34133,25699,0,335,25364,4673,3,75.29077432396801,18.42375019712979,1.3035526674189657,0.0
1983-01-28,BY-ELECTION,Sabah,N.01 Banggi,0,0,0,0,0,0,1,,,,
1982-12-09,BY-ELECTION,Terengganu,N.10 Binjai,8889,7411,0,189,7222,860,2,83.37270784115198,11.908058709498754,2.550263122385643,0.0
1982-10-16,BY-ELECTION,Perak,N.22 Kepayang,38418,23011,0,283,22728,9764,2,59.89640272788797,42.96022527279127,1.2298465951066881,0.0
1982-10-01,BY-ELECTION,Sabah,N.07 Usukan,8527,6753,0,108,6645,263,6,79.19549665767562,3.9578630549285174,1.5992892047978675,0.0
1982-10-01,BY-ELECTION,Sabah,N.06 Tandek,5001,3033,0,47,2986,87,3,60.64787042591482,2.913596784996651,1.5496208374546654,0.0
1982-08-14,BY-ELECTION,Sarawak,N.10 Bengoh,12063,8113,0,199,7914,476,2,67.25524330597695,6.014657568865302,2.45285344508813,0.0
1981-11-08,BY-ELECTION,Sabah,N.41 Kunak,5773,3944,0,48,3896,500,3,68.3180322189503,12.833675564681723,1.2170385395537524,0.0
1981-11-08,BY-ELECTION,Sabah,N.36 Lumadan,6121,4586,0,80,4506,688,2,74.92239830093122,15.268530847758544,1.744439598778892,0.0
1981-11-08,BY-ELECTION,Sabah,N.47 Balung,7368,4124,0,44,4080,1137,3,55.97176981541803,27.86764705882353,1.066925315227934,0.0
1981-09-26,BY-ELECTION,Johor,P.109 Sri Gading,33250,23474,0,463,23011,19063,2,70.5984962406015,82.84298813610881,1.9723949902019255,0.0
1981-09-17,BY-ELECTION,Negeri Sembilan,N.14 Ulu Muar,0,0,0,0,0,0,1,,,,
1981-09-04,BY-ELECTION,Sarawak,N.17 Engkilili,6094,3860,0,108,3752,1320,2,63.340991138825075,35.18123667377399,2.7979274611398965,0.0
1981-05-23,BY-ELECTION,Sarawak,N.24 Matu-Daro,10379,6372,0,177,6195,4259,2,61.39319780325657,68.74899112187248,2.7777777777777777,0.0
1981-05-23,BY-ELECTION,Sarawak,N.06 Satok,18412,9983,0,152,9831,5883,2,54.220073864870734,59.84131827891363,1.5225884002804768,0.0
1981-05-04,BY-ELECTION,Sarawak,P.142 Paloh,0,0,0,0,0,0,1,,,,
1981-04-09,BY-ELECTION,Sabah,P.125 Kimanis,0,0,0,0,0,0,1,,,,
1981-03-10,BY-ELECTION,Sarawak,N.07 Sebandi,0,0,0,0,0,0,1,,,,
1980-11-15,BY-ELECTION,Pulau Pinang,N.24 Pengkalan Kota,19777,14800,0,117,14683,554,4,74.83440360014157,3.7730708983177825,0.7905405405405406,0.0
1980-05-24,BY-ELECTION,Sabah,N.45 Kemabong,4027,2677,0,159,2518,1496,2,66.47628507573876,59.41223193010325,5.939484497571909,0.0
1980-05-24,BY-ELECTION,Sabah,N.10 Sugut,4689,2004,0,113,1891,1071,2,42.73832373640435,56.636700158646214,5.63872255489022,0.0
1980-04-05,BY-ELECTION,Kedah,N.12 Bukit Raya,16618,13608,0,75,13533,69,2,81.8871103622578,0.509864774994458,0.5511463844797178,0.0
1980-01-28,BY-ELECTION,Sarawak,P.146 Mukah,0,0,0,0,0,0,1,,,,
1980-01-28,BY-ELECTION,Sarawak,N.32 Oya,0,0,0,0,0,0,1,,,,
1979-12-01,BY-ELECTION,Selangor,P.079 Pelabohan Kelang,49532,33311,0,528,32783,9442,7,67.25147379471856,28.801512979288045,1.585061991534328,0.0
1979-11-24,BY-ELECTION,Sabah,N.17 Ranau,5803,3940,0,122,3818,1174,2,67.89591590556608,30.749083289680463,3.0964467005076144,0.0
1979-11-24,BY-ELECTION,Sabah,N.47 Balung,5881,3422,0,62,3360,2076,2,58.18738309811257,61.78571428571429,1.8118059614260666,0.0
1979-07-30,BY-ELECTION,Terengganu,N.01 Kuala Besut,7874,6278,0,62,6216,726,2,79.73075946151891,11.67953667953668,0.9875756610385472,0.0
1979-03-17,BY-ELECTION,Sarawak,N.04 Kuching Timor,17068,10637,0,130,10507,5737,2,62.32130302320131,54.60169410868944,1.2221491021904671,0.0
1979-01-20,BY-ELECTION,Sarawak,N.08 Muara Tuang,6126,4568,0,79,4489,2797,2,74.56741756447927,62.30786366674093,1.7294220665499123,0.0
1978-12-09,BY-ELECTION,Pulau Pinang,N.23 Kampong Kolam,17625,12769,0,246,12523,3665,3,72.44822695035461,29.2661502834784,1.9265408410995377,0.0
1978-09-16,BY-ELECTION,Sarawak,N.35 Machan,6243,4268,0,47,4221,63,2,68.3645683165145,1.4925373134328357,1.1012183692596065,0.0
1978-08-19,BY-ELECTION,Perlis,N.01 Titi Tinggi,5365,3863,0,58,3805,1641,3,72.00372786579683,43.12746386333771,1.5014237639140564,0.0
1978-07-29,BY-ELECTION,Sabah,N.22 Inanam,6877,4524,0,65,4459,3032,4,65.78449905482042,67.99730881363534,1.4367816091954022,0.0
1978-07-29,BY-ELECTION,Sabah,N.04 Matunggong,4772,3790,0,22,3768,743,4,79.42162615255658,19.71868365180467,0.5804749340369393,0.0
1978-06-10,BY-ELECTION,Kelantan,N.07 Tendong,11091,8445,0,123,8322,3580,2,76.1428185014877,43.01850516702716,1.4564831261101243,0.0
1978-05-06,BY-ELECTION,Selangor,N.30 Morib,8974,6753,0,246,6507,1511,3,75.25072431468688,23.22114645766098,3.6428254109284763,0.0
1978-01-28,BY-ELECTION,Johor,P.112 Pontian,37717,27292,0,413,26879,18779,3,72.35994379192407,69.86495033297369,1.513263960134838,0.0
1977-12-31,BY-ELECTION,Negeri Sembilan,N.04 Jempol,5086,3626,0,62,3564,2452,2,71.2937475422729,68.79910213243546,1.709873138444567,0.0
1977-12-20,BY-ELECTION,Sabah,N.04 Matunggong,0,0,0,0,0,0,1,,,,
1977-11-19,BY-ELECTION,Perak,N.02 Kenering,10666,7991,0,127,7864,3195,3,74.92030751921995,40.62817904374364,1.5892879489425602,0.0
1977-11-05,BY-ELECTION,Johor,N.16 Parit Jawa,16069,11305,0,208,11097,4965,2,70.35285332005725,44.74182211408489,1.8398938522777533,0.0
1977-07-30,BY-ELECTION,Sabah,P.127 Keningau,16236,11163,0,302,10861,5959,2,68.75461936437546,54.86603443513489,2.705365941055272,0.0
1977-06-16,BY-ELECTION,Pulau Pinang,N.02 Bertam,0,0,0,0,0,0,1,,,,
1977-06-11,BY-ELECTION,Sarawak,N.31 Balingian,9316,5370,0,353,5017,1089,2,57.64276513525118,21.70619892365956,6.573556797020484,0.0
1977-02-24,BY-ELECTION,Johor,P.108 Panti,0,0,0,0,0,0,1,,,,
1977-02-05,BY-ELECTION,Johor,N.25 Bandar Penggaram,24379,15646,0,264,15382,9807,3,64.1781861438123,63.75633857755818,1.687332225488943,0.0
1977-01-29,BY-ELECTION,Sabah,P.125 Kimanis,15643,11616,0,137,11479,2762,3,74.25685610177077,24.06132938409269,1.1794077134986225,0.0
1976-10-30,BY-ELECTION,Johor,N.13 Sri Lalang,13695,9692,0,194,9498,5436,2,70.77035414384812,57.23310170562223,2.001650846058605,0.0
1976-08-07,BY-ELECTION,Sarawak,N.05 Semariang,9254,6481,0,248,6233,2883,2,70.03457964123623,46.2538103641906,3.8265699737694803,0.0
1976-07-31,BY-ELECTION,Sabah,N.23 Moyog,6153,4506,0,67,4439,3965,2,73.23256947830326,89.32191935120522,1.4869063470927653,0.0
1976-07-31,BY-ELECTION,Sabah,N.21 Tanjong Aru,10341,6032,0,50,5982,4540,2,58.330915772169035,75.89434971581412,0.8289124668435014,0.0
1976-07-15,BY-ELECTION,Sabah,N.20 Kota Kinabalu,0,0,0,0,0,0,1,,,,
1976-07-15,BY-ELECTION,Sabah,N.31 Papar,0,0,0,0,0,0,1,,,,
1976-07-15,BY-ELECTION,Sabah,N.15 Kiulu,0,0,0,0,0,0,1,,,,
1976-06-12,BY-ELECTION,Kedah,N.23 Lunas,15991,12257,0,190,12067,2423,4,76.64936526796323,20.079555813375322,1.5501346169535775,0.0
1976-05-08,BY-ELECTION,Terengganu,P.034 Kemaman,28450,18920,0,430,18490,3918,2,66.50263620386643,21.18983234180638,2.272727272727273,0.0
1976-02-21,BY-ELECTION,Pahang,P.071 Pekan,0,0,0,0,0,0,1,,,,
1975-12-10,BY-ELECTION,Sabah,N.27 Kuala Kinabatangan,7435,5097,0,38,5059,1295,3,68.55413584398117,25.59794425775845,0.7455365901510693,0.0
1975-12-10,BY-ELECTION,Sabah,N.15 Labuan,6716,5591,0,54,5537,1088,3,83.24895771292437,19.64962976340979,0.965837953854409,0.0
1975-07-09,BY-ELECTION,Sabah,N.19 Keningau,0,0,0,0,0,0,1,,,,
1975-06-14,BY-ELECTION,Selangor,P.077 Selayang,48885,27961,0,708,27253,11904,3,57.19750434693669,43.679594906982715,2.53209827974679,0.0
1975-04-12,BY-ELECTION,Kedah,N.20 Merbok,15464,11055,0,144,10911,136,3,71.4886187273668,1.2464485381724864,1.3025780189959293,0.0
1974-12-18,BY-ELECTION,Perak,N.07 Alor Pongsu,17997,11889,0,470,11419,4312,3,66.06101016836139,37.761625361240036,3.953234081924468,0.0
1974-06-15,BY-ELECTION,Johor,N.06 Parit Bakar,16123,8452,0,144,8308,6630,2,52.42200583018048,79.80259990370728,1.7037387600567913,0.0
1974-05-18,BY-ELECTION,Melaka,N.11 Sungei Bharu,8434,6021,0,107,5914,3222,2,71.38961346929096,54.480892796753466,1.7771134363062615,0.0
1974-04-06,BY-ELECTION,Perlis,N.04 Bandar Kangar,3154,2173,0,21,2152,599,4,68.89663918833227,27.83457249070632,0.966405890473999,0.0
1974-03-09,BY-ELECTION,Kelantan,N.23 Pasir Puteh Tengah,11737,8189,0,41,8148,1671,3,69.77081025815797,20.508100147275403,0.5006716326779826,0.0
1974-01-12,BY-ELECTION,Sarawak,P.135 Rajang,13796,7430,0,212,7218,684,2,53.85619020005799,9.476309226932669,2.853297442799462,0.0
1974-01-01,BY-ELECTION,Sarawak,N.17 Engkilili-Skrang,0,0,0,0,0,0,1,,,,
1973-12-15,BY-ELECTION,Sarawak,N.03 Kuching Barat,13493,8456,0,209,8247,3055,2,62.66953235010746,37.043773493391534,2.4716177861873225,0.0
1973-11-17,BY-ELECTION,Terengganu,N.07 Kuala Nerus,8896,6331,0,135,6196,2112,2,71.16681654676259,34.08650742414461,2.132364555362502,0.0
1973-11-03,BY-ELECTION,Selangor,N.09 Kajang,16159,10613,0,198,10415,4110,3,65.67856921839223,39.462313970235236,1.8656364835579007,0.0
1973-10-22,BY-ELECTION,Johor,N.16 Johore Lama,0,0,0,0,0,0,1,,,,
1973-09-08,BY-ELECTION,Johor,P.102 Johore Timor,0,0,0,0,0,0,1,,,,
1973-08-04,BY-ELECTION,Sabah,N.24 Elopura,0,0,0,0,0,0,1,,,,
1973-02-10,BY-ELECTION,Kelantan,N.12 Kota Bharu Tengah,11985,7330,0,76,7254,2517,3,61.15978306216103,34.69809760132341,1.0368349249658937,0.0
1973-01-27,BY-ELECTION,Sarawak,N.07 Sebandi,8074,6011,0,84,5927,3382,3,74.44884815457023,57.06090771047747,1.397438030277824,0.0
1973-01-20,BY-ELECTION,Kedah,P.007 Kuala Kedah,40595,27132,0,251,26881,6061,2,66.83581721886932,22.547524273650534,0.9251068848592068,0.0
1972-07-08,BY-ELECTION,Negeri Sembilan,P.081 Rembau-Tampin,29122,21101,0,372,20729,9210,3,72.45724881532861,44.430507983983794,1.7629496232406048,0.0
1972-06-03,BY-ELECTION,Selangor,P.078 Ulu Selangor,22675,16779,0,288,16491,5613,2,73.99779492833517,34.036747316718206,1.7164312533524049,0.0
1972-04-08,BY-ELECTION,Pahang,P.064 Lipis,32390,19770,0,463,19307,12097,2,61.03735720901513,62.656031491169,2.3419322205361657,0.0
1972-02-26,BY-ELECTION,Kelantan,N.01 Tumpat Barat,9793,7027,0,70,6957,457,2,71.75533544368426,6.568923386517176,0.996157677529529,0.0
1971-12-13,BY-ELECTION,Pulau Pinang,N.22 Muda,12014,9383,0,155,9228,2434,2,78.10054935908107,26.376246207195493,1.6519236917830118,0.0
1971-10-14,BY-ELECTION,Sarawak,P.121 Bau-Lundu,15414,9397,0,610,8787,939,3,60.964058647982355,10.686241037896894,6.491433436203044,0.0
1971-08-28,BY-ELECTION,Kedah,N.21 Sidam,11654,8624,0,156,8468,2278,2,74.00034322979235,26.901275389702413,1.8089053803339517,0.0
1971-08-21,BY-ELECTION,Terengganu,N.06 Batu Rakit,8443,5890,0,79,5811,2753,2,69.76193296221722,47.375666838754086,1.3412563667232598,0.0
1971-07-17,BY-ELECTION,Sarawak,N.38 Pelagus,4604,3560,0,109,3451,231,4,77.32406602953952,6.693711967545639,3.061797752808989,0.0
1971-05-22,BY-ELECTION,Kedah,N.16 Yen-Merbok,14831,10625,0,77,10548,3846,3,71.64048277257096,36.46188850967008,0.7247058823529412,0.0
1971-05-15,BY-ELECTION,Johor,N.04 Bekok,13737,9023,0,137,8886,1552,2,65.68391934192327,17.465676344812064,1.5183420148509366,0.0
1971-04-03,BY-ELECTION,Selangor,P.067 Kapar,26334,16516,0,650,15866,8762,2,62.71739955950483,55.22500945417874,3.9355776217001694,0.0
1968-12-28,BY-ELECTION,Selangor,N.17 Serdang,23978,14004,0,211,13793,607,3,58.403536575193925,4.400783005872544,1.506712367894887,0.0
1968-11-30,BY-ELECTION,Kedah,N.12 Padang,16029,12275,0,189,12086,712,2,76.57994884272257,5.891113685255667,1.539714867617108,0.0
1968-11-11,BY-ELECTION,Pahang,P.061 Kuantan,0,0,0,0,0,0,1,,,,
1968-10-19,BY-ELECTION,Johor,P.103 Segamat Utara,20779,15428,0,212,15216,3754,2,74.24803888541317,24.671398527865403,1.3741249675913922,0.0
1968-09-07,BY-ELECTION,Johor,N.01 Bukit Serampang,13153,9656,0,127,9529,6307,2,73.41290960237208,66.18742785182076,1.3152444076222038,0.0
1968-06-12,BY-ELECTION,Sabah,N.21 Ranau,0,0,0,0,0,0,1,,,,
1968-04-06,BY-ELECTION,Kelantan,N.13 Bachok Utara,10961,8628,0,161,8467,473,2,78.71544567101542,5.586394236447384,1.8660176170607323,0.0
1968-01-27,BY-ELECTION,Kedah,N.18 Baling Barat,16242,11000,0,265,10735,1587,2,67.72564955054796,14.78341872380065,2.409090909090909,0.0
1967-10-21,BY-ELECTION,Kelantan,P.016 Kelantan Hilir,27710,20737,0,286,20451,3259,2,74.83579935041502,15.935651068407413,1.3791773159087621,0.0
1967-09-30,BY-ELECTION,Johor,N.26 Tampoi,13554,9001,0,201,8800,2066,2,66.40844031282278,23.477272727272727,2.2330852127541387,0.0
1967-08-19,BY-ELECTION,Kelantan,P.021 Pasir Mas Hulu,23618,16916,0,252,16664,2802,2,71.62333813193327,16.814690350456075,1.4897138803499645,0.0
1967-08-14,BY-ELECTION,Pahang,P.059 Raub,0,0,0,0,0,0,1,,,,
1967-01-07,BY-ELECTION,Selangor,N.16 Kampong Bahru,12787,6237,0,62,6175,2239,3,48.77610072730116,36.259109311740886,0.9940676607343274,0.0
1966-06-04,BY-ELECTION,Perak,P.048 Bruas,27014,19611,0,364,19247,3038,3,72.59569112312134,15.784278069309504,1.8561011677119983,0.0
1966-03-19,BY-ELECTION,Melaka,N.11 Sungei Bharu,7447,5798,0,84,5714,3097,3,77.85685510944005,54.20021001050053,1.44877543980683,0.0
1966-03-12,BY-ELECTION,Perak,P.041 Krian Laut,26594,20036,0,346,19690,2722,2,75.34030232383245,13.824276282376841,1.7268915951287682,0.0
1965-12-11,BY-ELECTION,Negeri Sembilan,N.07 Rahang,9965,6914,0,69,6845,1538,3,69.38283993978926,22.468955441928415,0.9979751229389645,0.0
1965-11-06,BY-ELECTION,Pulau Pinang,N.11 Ayer Itam,10237,8023,0,41,7982,153,3,78.37257008889324,1.9168128288649462,0.5110307864888446,0.0
1965-08-19,BY-ELECTION,Kedah,N.01 Jitra,15248,10986,0,194,10792,3802,2,72.04879328436516,35.22979985174203,1.7658838521754963,0.0
1964-10-31,BY-ELECTION,Pulau Pinang,P.033 Seberang Selatan,21198,16781,0,187,16594,2002,2,79.16312859703746,12.064601663251779,1.114355521125082,0.0
1964-10-10,BY-ELECTION,Kelantan,N.02 Tumpat Tengah,9154,7327,0,96,7231,1743,2,80.0415119073629,24.10454985479187,1.310222464856012,0.0
1964-09-26,BY-ELECTION,Pahang,N.21 Jelai,5712,4223,0,113,4110,2566,2,73.93207282913166,62.433090024330895,2.6758228747336017,0.0
1964-06-27,BY-ELECTION,Kelantan,P.019 Bachok,26274,21060,0,499,20561,3239,2,80.15528659511304,15.753124848013227,2.369420702754036,0.0
1963-12-28,BY-ELECTION,Johor,P.092 Muar Selatan,28877,20342,0,641,19701,14507,2,70.44360563770475,73.63585604791635,3.1511159178055257,0.0
1963-12-14,BY-ELECTION,Pulau Pinang,N.14 Balik Pulau,6577,5238,0,56,5182,31,3,79.64117378744108,0.5982246236974141,1.069110347460863,0.0
1963-09-07,BY-ELECTION,Selangor,N.21 Telok Datoh,10249,7527,0,404,7123,1780,3,73.44131134744853,24.98947072862558,5.367344227447854,0.0
1963-03-30,BY-ELECTION,Pahang,N.14 Pahang Tua,6571,5229,0,107,5122,3291,3,79.57692893014762,64.25224521671223,2.0462803595333714,0.0
1963-01-12,BY-ELECTION,Selangor,N.19 Port Swettenham,12563,8725,0,190,8535,3391,3,69.44997214041231,39.73052138254247,2.177650429799427,0.0
1962-10-20,BY-ELECTION,Pahang,P.064 Lipis,25865,19377,0,322,19055,8493,3,74.91590953025323,44.57097874573603,1.661763946947412,0.0
1962-06-02,BY-ELECTION,Kelantan,N.19 Rantau Panjang,5250,4057,0,48,4009,1051,2,77.27619047619048,26.216013968570717,1.1831402514173033,0.0
1962-03-19,BY-ELECTION,Terengganu,P.027 Kuala Trengganu Selatan,20441,13615,0,253,13362,2077,3,66.60633041436328,15.54408022751085,1.8582445831803156,0.0
1962-02-03,BY-ELECTION,Negeri Sembilan,N.11 Gemas,4478,3504,0,62,3442,674,2,78.24921840107191,19.58163858221964,1.7694063926940637,0.0
1961-06-24,BY-ELECTION,Johor,N.20 Pontian Kechil,10895,8780,0,95,8685,1810,4,80.58742542450665,20.840529648819807,1.082004555808656,0.0
1961-05-30,BY-ELECTION,Perak,P.056 Telok Anson,24831,21199,0,195,21004,3156,3,85.37312230679393,15.025709388687869,0.9198547101278363,0.0
1960-12-29,BY-ELECTION,Melaka,N.07 Kota Tengah,4191,3477,0,28,3449,68,3,82.96349319971367,1.9715859669469413,0.805291918320391,0.0
1960-06-08,BY-ELECTION,Perak,N.01 Grik,9315,6930,0,48,6882,2504,3,74.39613526570048,36.38477186864284,0.6926406926406926,0.0
1960-05-22,BY-ELECTION,Johor,N.14 Sri Lalang,7286,5656,0,71,5585,729,2,77.62832830085095,13.052820053715308,1.2553041018387552,0.0
1960-05-18,BY-ELECTION,Perak,P.054 Kampar,28687,22271,0,133,22138,1999,3,77.63446857461568,9.029722648839101,0.5971891697723497,0.0
1959-11-23,BY-ELECTION,Johor,N.23 Plentong,7515,5548,0,0,5548,2320,2,73.82568196939454,41.8168709444845,0.0,0.0
1957-12-14,BY-ELECTION,Johor,P.034 Batu Pahat,28451,19493,0,323,19170,6565,3,68.5142877227514,34.24621804903495,1.6570050787462165,0.0
1957-11-23,BY-ELECTION,Perak,P.014 Ipoh and Menglembu,16013,10116,0,114,10002,1820,2,63.173671391994,18.19636072785443,1.1269276393831553,0.0
1957-10-26,BY-ELECTION,Perak,P.011 Sungei Perak Ulu,32376,18795,0,349,18446,7144,2,58.0522609340252,38.72926379702917,1.856876828943868,0.0
