code,constituency,state,population_total,citizen,noncitizen,male,female,citizen_pct,male_pct
P.001,Padang Besar,Perlis,88300.0,85000.0,3300.0,45100.0,43100.0,96.3,51.1
P.002,Kangar,Perlis,102500.0,99600.0,2900.0,50700.0,51900.0,97.2,49.5
P.003,Arau,Perlis,99000.0,97200.0,1800.0,48700.0,50200.0,98.2,49.2
P.004,Langkawi,Kedah,95500.0,91800.0,3700.0,49300.0,46200.0,96.1,51.6
P.005,Jerlun,Kedah,67000.0,66600.0,500.0,33200.0,33900.0,99.4,49.6
P.006,Kubang Pasu,Kedah,173900.0,168000.0,5900.0,85500.0,88400.0,96.6,49.2
P.007,Padang Terap,Kedah,66900.0,63900.0,3000.0,34800.0,32200.000000000004,95.5,52.0
P.008,Pokok Sena,Kedah,135000.0,130500.0,4500.0,69200.0,65900.0,96.7,51.3
P.009,Alor Setar,Kedah,120700.0,114500.0,6200.0,59600.0,61100.0,94.9,49.4
P.010,Kuala Kedah,Kedah,174700.0,170500.0,4200.0,87300.0,87300.0,97.6,50.0
P.011,Pendang,Kedah,99800.0,99000.0,1800.0,53400.0,47500.0,99.2,53.5
P.012,Jerai,Kedah,128000.0,126600.0,1400.0,64800.0,63200.0,98.9,50.6
P.013,Sik,Kedah,68600.0,66700.0,2000.0,35000.0,33600.0,97.2,51.0
P.014,Merbok,Kedah,219600.0,208500.0,11000.0,112200.0,107400.0,94.9,51.1
P.015,Sungai Petani,Kedah,279500.0,257600.00000000003,22100.0,144600.0,134900.0,92.2,51.7
P.016,Baling,Kedah,144700.0,142000.0,2600.0,73900.0,70800.0,98.1,51.1
P.017,Padang Serai,Kedah,265900.0,250200.0,15700.0,136100.0,129699.99999999999,94.1,51.2
P.018,Kulim-Bandar Baharu,Kedah,122000.0,117600.0,4300.0,62200.0,59800.0,96.4,51.0
P.019,Tumpat,Kelantan,183700.0,182400.0,1400.0,91000.0,92700.0,99.3,49.5
P.020,Pengkalan Chepa,Kelantan,163100.0,159700.0,3400.0,81800.0,81300.0,97.9,50.2
P.021,Kota Bharu,Kelantan,133600.0,130699.99999999999,2900.0,64300.0,69300.0,97.8,48.1
P.022,Pasir Mas,Kelantan,116000.0,115300.0,700.0,58600.0,57400.0,99.4,50.5
P.023,Rantau Panjang,Kelantan,119500.0,117700.0,1700.0,60600.0,58900.0,98.5,50.7
P.024,Kubang Kerian,Kelantan,160000.0,156900.0,3100.0,79600.0,80300.0,98.1,49.8
P.025,Bachok,Kelantan,160600.0,159500.0,1100.0,77800.0,82900.0,99.3,48.4
P.026,Ketereh,Kelantan,110800.0,109200.0,1600.0,57700.0,53000.0,98.6,52.1
P.027,Tanah Merah,Kelantan,129199.99999999999,125700.0,3500.0,66400.0,62700.0,97.3,51.4
P.028,Pasir Puteh,Kelantan,138700.0,137900.0,800.0,68600.0,70100.0,99.4,49.5
P.029,Machang,Kelantan,112900.0,111800.0,1000.0,56100.0,56800.0,99.0,49.7
P.030,Jeli,Kelantan,80600.0,78700.0,2000.0,40600.0,40100.0,97.6,50.4
P.031,Kuala Krai,Kelantan,107300.0,103700.0,3600.0,53900.0,53300.0,96.6,50.2
P.032,Gua Musang,Kelantan,114900.0,107500.0,7400.0,61500.0,53400.0,93.6,53.5
P.033,Besut,Terengganu,131900.0,129100.0,2900.0,67200.0,64800.0,97.9,50.9
P.034,Setiu,Terengganu,126400.0,123900.0,2300.0,64200.0,62200.0,98.0,50.8
P.035,Kuala Nerus,Terengganu,148900.0,146700.0,2200.0,74200.0,74700.0,98.5,49.8
P.036,Kuala Terengganu,Terengganu,133300.0,129699.99999999999,3400.0,66700.0,66400.0,97.3,50.0
P.037,Marang,Terengganu,167600.0,165400.0,2200.0,85300.0,82300.0,98.7,50.9
P.038,Hulu Terengganu,Terengganu,94800.0,90500.0,4400.0,49800.0,45100.0,95.5,52.5
P.039,Dungun,Terengganu,161300.0,158000.0,3200.0,82900.0,78400.0,98.0,51.4
P.040,Kemaman,Terengganu,222500.0,214600.0,8000.0,116700.0,105900.0,96.4,52.4
P.041,Kepala Batas,Pulau Pinang,117100.0,113100.0,4000.0,60300.0,56800.0,96.6,51.5
P.042,Tasek Gelugor,Pulau Pinang,106900.0,104000.0,3000.0,54500.0,52500.0,97.3,51.0
P.043,Bagan,Pulau Pinang,112800.0,104700.0,8100.0,56300.0,56500.0,92.8,49.9
P.044,Permatang Pauh,Pulau Pinang,160100.0,151100.0,9000.0,82700.0,77400.0,94.4,51.7
P.045,Bukit Mertajam,Pulau Pinang,163000.0,155000.0,7900.0,85600.0,77300.0,95.1,52.5
P.046,Batu Kawan,Pulau Pinang,164500.0,129600.0,34800.0,86100.0,78400.0,78.8,52.3
P.047,Nibong Tebal,Pulau Pinang,122000.0,120500.0,1700.0,63800.0,58300.0,98.8,52.3
P.048,Bukit Bendera,Pulau Pinang,123800.0,110400.0,13400.0,61500.0,62400.0,89.2,49.7
P.049,Tanjong,Pulau Pinang,34800.0,25900.0,9000.0,20600.0,14200.0,74.4,59.2
P.050,Jelutong,Pulau Pinang,113700.0,109600.0,4200.0,56400.0,57300.0,96.4,49.6
P.051,Bukit Gelugor,Pulau Pinang,201100.0,182200.0,19000.0,102000.0,99100.0,90.6,50.7
P.052,Bayan Baru,Pulau Pinang,188700.0,173500.0,15100.0,93800.0,94800.0,91.9,49.7
P.053,Balik Pulau,Pulau Pinang,132300.0,129500.0,3000.0,67500.0,65000.0,97.9,51.0
P.054,Gerik,Perak,57200.0,55900.0,1200.0,29900.0,27400.0,97.7,52.3
P.055,Lenggong,Perak,37800.0,36600.0,1200.0,19300.0,18400.0,96.8,51.1
P.056,Larut,Perak,66500.0,64900.00000000001,1600.0,33800.0,32700.000000000004,97.6,50.8
P.057,Parit Buntar,Perak,73900.0,71100.0,2800.0,37900.0,36000.0,96.2,51.3
P.058,Bagan Serai,Perak,93700.0,91300.0,2400.0,48000.0,45700.0,97.4,51.2
P.059,Bukit Gantang,Perak,108600.0,103400.0,5100.0,56400.0,52100.0,95.2,51.9
P.060,Taiping,Perak,131700.0,127100.0,4600.0,67700.0,63900.0,96.5,51.4
P.061,Padang Rengas,Perak,38600.0,37800.0,800.0,19300.0,19200.0,97.9,50.0
P.062,Sungai Siput,Perak,87500.0,84700.0,2700.0,44800.0,42600.0,96.8,51.2
P.063,Tambun,Perak,261100.00000000003,248800.0,12300.0,134500.0,126600.0,95.3,51.5
P.064,Ipoh Timor,Perak,135700.0,127500.0,8200.0,70100.0,65500.0,94.0,51.7
P.065,Ipoh Barat,Perak,136000.0,128500.0,7500.0,70000.0,65900.0,94.5,51.5
P.066,Batu Gajah,Perak,138200.0,130199.99999999999,8000.0,73000.0,65300.0,94.2,52.8
P.067,Kuala Kangsar,Perak,52200.0,51100.0,1100.0,25900.0,26300.0,97.9,49.6
P.068,Beruas,Perak,120600.0,112500.0,8100.0,64000.0,56700.0,93.3,53.1
P.069,Parit,Perak,61400.0,59400.0,2100.0,31500.0,29900.0,96.7,51.3
P.070,Kampar,Perak,105300.0,101300.0,4100.0,53900.0,51400.0,96.2,51.2
P.071,Gopeng,Perak,217800.0,206700.0,11100.0,111300.0,106700.0,94.9,51.1
P.072,Tapah,Perak,79700.0,76800.0,2900.0,42700.0,37000.0,96.4,53.6
P.073,Pasir Salak,Perak,81100.0,76200.0,4900.0,43000.0,38100.0,94.0,53.0
P.074,Lumut,Perak,125300.0,117100.0,8100.0,67900.0,57200.0,93.5,54.2
P.075,Bagan Datuk,Perak,77100.0,70200.0,6800.0,41500.0,35600.0,91.1,53.8
P.076,Teluk Intan,Perak,103900.0,93100.0,10400.0,56100.0,47800.0,89.6,54.0
P.077,Tanjong Malim,Perak,123900.0,118900.0,4900.0,62000.0,61900.0,96.0,50.0
P.078,Cameron Highlands,Pahang,69000.0,63300.0,5700.0,37500.0,31500.0,91.7,54.3
P.079,Lipis,Pahang,68800.0,65400.00000000001,3400.0,36800.0,32000.0,95.1,53.5
P.080,Raub,Pahang,97300.0,92300.0,5000.0,51300.0,46000.0,94.9,52.7
P.081,Jerantut,Pahang,106400.0,101400.0,4800.0,56200.0,50100.0,95.3,52.8
P.082,Indera Mahkota,Pahang,252500.0,243200.0,9300.0,131400.0,121100.0,96.3,52.0
P.083,Kuantan,Pahang,130100.0,128000.0,2100.0,67000.0,63100.0,98.4,51.5
P.084,Paya Besar,Pahang,129900.0,126100.0,3700.0,66200.0,63600.0,97.1,51.0
P.085,Pekan,Pahang,163400.0,155300.0,8100.0,88100.0,75300.0,95.0,53.9
P.086,Maran,Pahang,62800.0,59300.0,3500.0,33900.0,28800.0,94.4,54.0
P.087,Kuala Krau,Pahang,69000.0,67500.0,1600.0,34800.0,34300.0,97.8,50.4
P.088,Temerloh,Pahang,143800.0,139500.0,4200.0,73800.0,69900.0,97.0,51.3
P.089,Bentong,Pahang,119500.0,111300.0,8300.0,67400.0,52100.0,93.1,56.4
P.090,Bera,Pahang,99400.0,93300.0,6100.0,52900.0,46400.0,93.9,53.2
P.091,Rompin,Pahang,102400.0,94300.0,8100.0,55600.0,46800.0,92.1,54.3
P.092,Sabak Bernam,Selangor,48500.0,47500.0,1000.0,24700.0,23800.0,97.9,50.9
P.093,Sungai Besar,Selangor,59400.0,56500.0,2900.0,31300.0,28200.0,95.1,52.7
P.094,Hulu Selangor,Selangor,241900.0,233400.0,8500.0,127800.0,114100.0,96.5,52.8
P.095,Tanjong Karang,Selangor,60300.0,58300.0,2000.0,30200.0,30200.0,96.7,50.1
P.096,Kuala Selangor,Selangor,172700.0,163900.0,8800.0,89900.0,82700.0,94.9,52.1
P.097,Selayang,Selangor,366200.0,344200.0,22000.0,191700.0,174500.0,94.0,52.3
P.098,Gombak,Selangor,352000.0,327000.0,25100.0,181900.0,170100.0,92.9,51.7
P.099,Ampang,Selangor,206100.0,189200.0,16900.0,106900.0,99100.0,91.8,51.9
P.100,Pandan,Selangor,229200.0,213000.0,16300.0,122900.0,106200.0,92.9,53.6
P.101,Hulu Langat,Selangor,350300.0,337600.0,12700.0,182700.0,167600.0,96.4,52.2
P.102,Bangi,Selangor,693100.0,632600.0,60500.0,366400.0,326600.0,91.3,52.9
P.103,Puchong,Selangor,378200.0,345000.0,33200.0,199400.0,178800.0,91.2,52.7
P.104,Subang,Selangor,482000.0,439000.0,43000.0,258600.00000000003,223300.0,91.1,53.7
P.105,Petaling Jaya,Selangor,365200.0,330000.0,35300.0,194300.0,170900.0,90.4,53.2
P.106,Damansara,Selangor,472600.0,442900.0,29800.0,243800.0,228900.0,93.7,51.6
P.107,Sungai Buloh,Selangor,349900.0,324600.0,25200.0,184100.0,165700.0,92.8,52.6
P.108,Shah Alam,Selangor,442300.0,405400.0,36900.0,235200.0,207100.0,91.7,53.2
P.109,Kapar,Selangor,316500.0,285300.0,31300.0,174200.0,142500.0,90.1,55.0
P.110,Klang,Selangor,300100.0,275800.0,24600.0,161800.0,138300.0,91.9,53.9
P.111,Kota Raja,Selangor,527200.0,486600.0,40700.0,280200.0,247000.0,92.3,53.1
P.112,Kuala Langat,Selangor,249100.0,240500.0,8400.0,128800.00000000001,120300.0,96.5,51.7
P.113,Sepang,Selangor,387300.0,352400.0,35000.0,207100.0,180100.0,91.0,53.5
P.114,Kepong,W.P. Kuala Lumpur,105100.0,88900.0,16200.0,61400.0,43700.0,84.6,58.4
P.115,Batu,W.P. Kuala Lumpur,216800.0,175500.0,41300.0,129500.0,87300.0,81.0,59.7
P.116,Wangsa Maju,W.P. Kuala Lumpur,213300.0,195900.0,17400.0,113800.0,99500.0,91.8,53.4
P.117,Segambut,W.P. Kuala Lumpur,251000.0,219300.0,31700.0,129900.0,121100.0,87.4,51.8
P.118,Setiawangsa,W.P. Kuala Lumpur,145500.0,140000.0,5600.0,75000.0,70500.0,96.2,51.5
P.119,Titiwangsa,W.P. Kuala Lumpur,120800.0,107300.0,13500.0,62300.0,58600.0,88.8,51.6
P.120,Bukit Bintang,W.P. Kuala Lumpur,119300.0,96400.0,22800.0,66900.0,52300.0,80.8,56.1
P.121,Lembah Pantai,W.P. Kuala Lumpur,146500.0,137800.0,8700.0,74000.0,72500.0,94.1,50.5
P.122,Seputeh,W.P. Kuala Lumpur,319100.0,308400.0,10700.0,162000.0,157100.0,96.6,50.8
P.123,Cheras,W.P. Kuala Lumpur,134400.0,123900.0,10500.0,70400.0,64000.0,92.2,52.4
P.124,Bandar Tun Razak,W.P. Kuala Lumpur,189300.0,184000.0,5300.0,95600.0,93700.0,97.2,50.5
P.125,Putrajaya,W.P. Putrajaya,117000.0,113300.0,3700.0,57600.0,59400.0,96.8,49.2
P.126,Jelebu,Negeri Sembilan,64700.0,61700.0,2900.0,34400.0,30200.0,95.4,53.2
P.127,Jempol,Negeri Sembilan,109200.0,105000.0,4100.0,56100.0,52900.0,96.2,51.4
P.128,Seremban,Negeri Sembilan,274400.0,254300.0,20100.0,140700.0,133500.0,92.7,51.3
P.129,Kuala Pilah,Negeri Sembilan,71400.0,69900.0,1500.0,36400.0,35000.0,97.9,51.0
P.130,Rasah,Negeri Sembilan,258300.0,247300.0,11100.0,131700.0,126500.0,95.7,51.0
P.131,Rembau,Negeri Sembilan,211600.0,202500.0,9100.0,110100.0,101500.0,95.7,52.0
P.132,Port Dickson,Negeri Sembilan,129800.00000000001,124700.0,5200.0,68500.0,61200.0,96.1,52.8
P.133,Tampin,Negeri Sembilan,88700.0,84600.0,4100.0,46900.0,41800.0,95.4,52.9
P.134,Masjid Tanah,Melaka,96700.0,91800.0,4800.0,48800.0,47900.0,94.9,50.5
P.135,Alor Gajah,Melaka,172800.0,158300.0,14500.0,90500.0,82300.0,91.6,52.4
P.136,Tangga Batu,Melaka,200100.0,190600.0,9500.0,106500.0,93500.0,95.3,53.2
P.137,Hang Tuah Jaya,Melaka,185600.0,171900.0,13700.0,96700.0,88900.0,92.6,52.1
P.138,Kota Melaka,Melaka,217600.0,203000.0,14600.0,113700.0,103900.0,93.3,52.3
P.139,Jasin,Melaka,135900.0,125400.0,10500.0,72700.0,63100.0,92.3,53.5
P.140,Segamat,Johor,76400.0,72000.0,4300.0,39300.0,37100.0,94.2,51.4
P.141,Sekijang,Johor,79800.0,76600.0,3100.0,41000.0,38700.0,96.0,51.4
P.142,Labis,Johor,42600.0,39500.0,3000.0,22700.0,19900.0,92.7,53.3
P.143,Pagoh,Johor,95600.0,85200.0,10400.0,53200.0,42400.0,89.1,55.6
P.144,Ledang,Johor,148200.0,142600.0,5700.0,76200.0,72100.0,96.2,51.4
P.145,Bakri,Johor,135900.0,121000.0,14900.0,75300.0,60500.0,89.0,55.4
P.146,Muar,Johor,100700.0,93800.0,6900.0,53300.0,47400.0,93.1,52.9
P.147,Parit Sulong,Johor,82800.0,80100.0,2700.0,43000.0,39800.0,96.7,51.9
P.148,Ayer Hitam,Johor,72100.0,69800.0,2300.0,37800.0,34400.0,96.8,52.4
P.149,Sri Gading,Johor,175900.0,160000.0,16000.0,94500.0,81500.0,91.0,53.7
P.150,Batu Pahat,Johor,166800.0,161200.0,5600.0,86000.0,80700.0,96.6,51.6
P.151,Simpang Renggam,Johor,76600.0,67300.0,9400.0,43000.0,33600.0,87.9,56.1
P.152,Kluang,Johor,184700.0,171700.0,13000.0,98700.0,86100.0,93.0,53.4
P.153,Sembrong,Johor,64000.0,55700.0,8200.0,37400.0,26500.0,87.0,58.4
P.154,Mersing,Johor,78600.0,74900.0,3600.0,41900.0,36700.0,95.3,53.3
P.155,Tenggara,Johor,94600.0,90300.0,4300.0,48900.0,45600.0,95.5,51.7
P.156,Kota Tinggi,Johor,57600.0,53900.0,3700.0,30500.0,27200.0,93.6,53.0
P.157,Pengerang,Johor,71100.0,67200.0,3900.0,38800.0,32400.0,94.5,54.6
P.158,Tebrau,Johor,477500.0,446500.0,30900.0,253000.0,224400.0,93.5,53.0
P.159,Pasir Gudang,Johor,362300.0,336800.0,25500.0,194100.0,168200.0,93.0,53.6
P.160,Johor Bahru,Johor,178600.0,167200.0,11500.0,92100.0,86600.0,93.6,51.6
P.161,Pulai,Johor,293200.0,277100.0,16100.000000000002,151700.0,141600.0,94.5,51.7
P.162,Iskandar Puteri,Johor,449800.0,422300.0,27500.0,235600.0,214200.0,93.9,52.4
P.163,Kulai,Johor,288700.0,245900.0,42900.0,157200.0,131500.0,85.2,54.5
P.164,Pontian,Johor,82200.0,78300.0,3900.0,42800.0,39400.0,95.3,52.1
P.165,Tanjung Piai,Johor,92000.0,83800.0,8200.0,50300.0,41600.0,91.1,54.7
P.166,Labuan,W.P. Labuan,96900.0,86600.0,10300.0,49800.0,47000.0,89.4,51.4
P.167,Kudat,Sabah,92400.0,84500.0,7900.0,47200.0,45200.0,91.5,51.1
P.168,Kota Marudu,Sabah,99800.0,96800.0,3200.0,51200.0,48700.0,97.0,51.3
P.169,Kota Belud,Sabah,107100.0,103900.0,3200.0,54000.0,53200.0,97.0,50.4
P.170,Tuaran,Sabah,134900.0,128100.0,6700.0,68400.0,66200.0,95.0,50.7
P.171,Sepanggar,Sabah,335900.0,284300.0,51600.0,171400.0,164500.0,84.6,51.0
P.172,Kota Kinabalu,Sabah,114100.0,96600.0,17600.0,59200.0,54900.0,84.7,51.9
P.173,Putatan,Sabah,115100.0,99000.0,16100.000000000002,59100.0,56000.0,86.0,51.3
P.174,Penampang,Sabah,178300.0,159700.0,18600.0,94800.0,83500.0,89.6,53.2
P.175,Papar,Sabah,106600.0,99200.0,7400.0,56200.0,50500.0,93.1,52.7
P.176,Kimanis,Sabah,50300.0,46300.0,4000.0,26000.0,24300.0,92.0,51.7
P.177,Beaufort,Sabah,52100.0,48900.0,3200.0,26400.0,25600.0,93.9,50.7
P.178,Sipitang,Sabah,66500.0,61200.0,5300.0,34400.0,32100.0,92.0,51.7
P.179,Ranau,Sabah,86000.0,80300.0,5800.0,44600.0,41300.0,93.4,51.9
P.180,Keningau,Sabah,129800.00000000001,118500.0,11300.0,66400.0,63400.0,91.3,51.2
P.181,Tenom,Sabah,50200.0,48200.0,1900.0,25800.0,24400.0,96.0,51.4
P.182,Pensiangan,Sabah,82400.0,74600.0,7800.0,43400.0,38900.0,90.5,52.7
P.183,Beluran,Sabah,100900.0,60700.0,40300.0,54600.0,46300.0,60.2,54.1
P.184,Libaran,Sabah,171300.0,125100.0,46100.0,87100.0,84100.0,73.0,50.8
P.185,Batu Sapi,Sabah,119500.0,86900.0,32600.0,62500.0,57000.0,72.7,52.3
P.186,Sandakan,Sabah,121500.0,84200.0,37400.0,62300.0,59200.0,69.3,51.3
P.187,Kinabatangan,Sabah,215800.0,84100.0,131700.0,118800.0,97000.0,39.0,55.1
P.188,Lahad Datu,Sabah,299200.0,186500.0,112700.0,159800.0,139400.0,62.3,53.4
P.189,Semporna,Sabah,166400.0,105200.0,61200.0,85400.0,81100.0,63.2,51.3
P.190,Tawau,Sabah,230300.0,159700.0,70600.0,120600.0,109700.0,69.3,52.4
P.191,Kalabakan,Sabah,188500.0,128199.99999999999,60300.0,99200.0,89200.0,68.0,52.6
P.192,Mas Gading,Sarawak,51800.0,49400.0,2400.0,27400.0,24500.0,95.4,52.9
P.193,Santubong,Sarawak,118700.0,116300.0,2400.0,60000.0,58700.0,98.0,50.5
P.194,Petra Jaya,Sarawak,152000.0,150900.0,1100.0,75600.0,76500.0,99.3,49.7
P.195,Bandar Kuching,Sarawak,117300.0,114200.0,3000.0,58800.0,58400.0,97.4,50.1
P.196,Stampin,Sarawak,213900.0,210700.0,3100.0,108200.0,105700.0,98.5,50.6
P.197,Kota Samarahan,Sarawak,159900.0,158300.0,1400.0,77900.0,82000.0,99.0,48.7
P.198,Puncak Borneo,Sarawak,81400.0,80500.0,1000.0,42300.0,39100.0,98.9,52.0
P.199,Serian,Sarawak,62200.0,61200.0,1000.0,31800.0,30500.0,98.4,51.1
P.200,Batang Sadong,Sarawak,33900.0,31800.0,2100.0,17700.0,16300.0,93.8,52.2
P.201,Batang Lupar,Sarawak,38600.0,37900.0,700.0,19800.0,18900.0,98.2,51.3
P.202,Sri Aman,Sarawak,63400.0,61600.0,1800.0,33000.0,30500.0,97.2,52.1
P.203,Lubok Antu,Sarawak,27000.0,26300.0,700.0,13700.0,13300.0,97.4,50.7
P.204,Betong,Sarawak,34900.0,34500.0,300.0,18200.0,16800.0,98.9,52.1
P.205,Saratok,Sarawak,41700.0,41400.0,300.0,20700.0,20900.0,99.3,49.6
P.206,Tanjong Manis,Sarawak,33000.0,31200.0,1800.0,17100.0,15900.0,94.5,51.8
P.207,Igan,Sarawak,27600.0,24500.0,3100.0,14800.0,12800.0,88.8,53.6
P.208,Sarikei,Sarawak,43500.0,42800.0,700.0,21800.0,21700.0,98.4,50.1
P.209,Julau,Sarawak,35400.0,35400.0,0.0,18100.0,17300.0,100.0,51.1
P.210,Kanowit,Sarawak,24900.0,24500.0,400.0,12400.0,12500.0,98.4,49.8
P.211,Lanang,Sarawak,105800.0,103700.0,2100.0,53200.0,52600.0,98.0,50.3
P.212,Sibu,Sarawak,142700.0,132600.0,10000.0,74400.0,68300.0,92.9,52.1
P.213,Mukah,Sarawak,61400.0,54900.0,6200.0,31800.0,29600.0,89.4,51.8
P.214,Selangau,Sarawak,51800.0,47600.0,4200.0,27900.0,23800.0,91.9,53.9
P.215,Kapit,Sarawak,44400.0,44200.0,100.0,22000.0,22400.0,99.5,49.5
P.216,Hulu Rajang,Sarawak,43800.0,37700.0,6100.0,25500.0,18300.0,86.1,58.2
P.217,Bintulu,Sarawak,237000.0,203700.0,33300.0,129699.99999999999,107300.0,85.9,54.7
P.218,Sibuti,Sarawak,71600.0,66000.0,5500.0,37300.0,34200.0,92.2,52.1
P.219,Miri,Sarawak,207800.0,197100.0,10700.0,109100.0,98700.0,94.9,52.5
P.220,Baram,Sarawak,64099.99999999999,56600.0,7400.0,34200.0,29800.0,88.3,53.4
P.221,Limbang,Sarawak,45400.0,44300.0,1100.0,23300.0,22200.0,97.6,51.3
P.222,Lawas,Sarawak,36900.0,35200.0,1700.0,18800.0,18100.0,95.4,50.9
