state,seat,seat_name,election_name,election_date,election_type,winner,winner_party,winner_coalition,winner_bloc,runnerup,runnerup_party,runnerup_coalition,runnerup_bloc,votes,votes_perc,votes_valid,voters_total,voter_turnout,majority,majority_perc,n_candidates,previous_winner,previous_party,previous_bloc,changed_hands,source_url,source_as_of
Johor,P.140 Segamat,Segamat,Pilihan raya umum 2022 (Johor),2022-11-19,ge15-federal,Yuneswaran a/l Ramaraj,PKR,PH,PH,Ramasamy a/l Muthusamy,MIC,BN,BN,23437,46.27063097212351,,,,5669,,4,Edmund Santhara Kumar a/l Ramanaidu,PKR,PH,no,01_RESEARCH/data/raw/meco-candidates-ge15-federal.csv (MECO dataset; SPR official),2026-08-29
Johor,P.141 Sekijang,Sekijang,Pilihan raya umum 2022 (Johor),2022-11-19,ge15-federal,Zaliha binti Mustafa,PKR,PH,PH,Md Salleheen bin Mohamad,UMNO,BN,BN,18941,39.26653813462694,,,,1734,,5,Natrah binti Ismail,PKR,PH,no,01_RESEARCH/data/raw/meco-candidates-ge15-federal.csv (MECO dataset; SPR official),2026-08-29
Johor,P.142 Labis,Labis,Pilihan raya umum 2022 (Johor),2022-11-19,ge15-federal,Pang Hok Liong,DAP,PH,PH,Chua Tee Yong,MCA,BN,BN,16133,46.43258022737085,,,,2833,,3,Pang Hok Liong,DAP,PH,no,01_RESEARCH/data/raw/meco-candidates-ge15-federal.csv (MECO dataset; SPR official),2026-08-29
Johor,P.143 Pagoh,Pagoh,Pilihan raya umum 2022 (Johor),2022-11-19,ge15-federal,Muhyiddin bin Md Yasin,BERSATU,PN,PN,Iskandar Shah bin Abdul Rahman,PKR,PH,PH,24986,45.93774705374051,,,,10007,,3,Muhyiddin bin Md Yasin,BERSATU,PH,yes,01_RESEARCH/data/raw/meco-candidates-ge15-federal.csv (MECO dataset; SPR official),2026-08-29
Johor,P.144 Ledang,Ledang,Pilihan raya umum 2022 (Johor),2022-11-19,ge15-federal,Syed Ibrahim bin Syed Noh,PKR,PH,PH,Hamim bin Samuri,UMNO,BN,BN,33650,41.90170221773942,,,,9769,,6,Syed Ibrahim bin Syed Noh,PKR,PH,no,01_RESEARCH/data/raw/meco-candidates-ge15-federal.csv (MECO dataset; SPR official),2026-08-29
Johor,P.145 Bakri,Bakri,Pilihan raya umum 2022 (Johor),2022-11-19,ge15-federal,Tan Hong Pin,DAP,PH,PH,Chris Lee Ching Yong,MCA,BN,BN,36636,50.090237899917966,,,,19254,,4,Yeo Bee Yin,DAP,PH,no,01_RESEARCH/data/raw/meco-candidates-ge15-federal.csv (MECO dataset; SPR official),2026-08-29
Johor,P.146 Muar,Muar,Pilihan raya umum 2022 (Johor),2022-11-19,ge15-federal,Syed Saddiq bin Syed Abdul Rahman,MUDA,PH,PH,Abdullah bin Husin,PAS,PN,PN,19961,37.550321682531326,,,,1345,,3,Syed Saddiq bin Syed Abdul Rahman,BERSATU,PH,no,01_RESEARCH/data/raw/meco-candidates-ge15-federal.csv (MECO dataset; SPR official),2026-08-29
Johor,P.147 Parit Sulong,Parit Sulong,Pilihan raya umum 2022 (Johor),2022-11-19,ge15-federal,Noraini binti Ahmad,UMNO,BN,BN,Karim bin Deraman,PAS,PN,PN,25740,40.886996854846394,,,,2021,,3,Noraini binti Ahmad,UMNO,BN,no,01_RESEARCH/data/raw/meco-candidates-ge15-federal.csv (MECO dataset; SPR official),2026-08-29
Johor,P.148 Ayer Hitam,Ayer Hitam,Pilihan raya umum 2022 (Johor),2022-11-19,ge15-federal,Wee Ka Siong,MCA,BN,BN,Sheikh Omar bin Bagharib Ali,DAP,PH,PH,18911,40.501584853936436,,,,2963,,3,Wee Ka Siong,MCA,BN,no,01_RESEARCH/data/raw/meco-candidates-ge15-federal.csv (MECO dataset; SPR official),2026-08-29
Johor,P.149 Sri Gading,Sri Gading,Pilihan raya umum 2022 (Johor),2022-11-19,ge15-federal,Aminolhuda bin Hassan,AMANAH,PH,PH,Mohd Lassim bin Burhan,UMNO,BN,BN,23242,37.937451031600936,,,,4000,,4,Shahruddin bin Mohamed Salleh,BERSATU,PH,no,01_RESEARCH/data/raw/meco-candidates-ge15-federal.csv (MECO dataset; SPR official),2026-08-29
Johor,P.150 Batu Pahat,Batu Pahat,Pilihan raya umum 2022 (Johor),2022-11-19,ge15-federal,Onn bin Abu Bakar,PKR,PH,PH,Mohd Rashid bin Hasnon,BERSATU,PN,PN,45242,45.47208876917201,,,,15972,,5,Mohd Rashid bin Hasnon,PKR,PH,no,01_RESEARCH/data/raw/meco-candidates-ge15-federal.csv (MECO dataset; SPR official),2026-08-29
Johor,P.151 Simpang Renggam,Simpang Renggam,Pilihan raya umum 2022 (Johor),2022-11-19,ge15-federal,Hasni bin Mohammad,UMNO,BN,BN,Maszlee bin Malik,PKR,PH,PH,18312,41.494640955337516,,,,1821,,4,Maszlee bin Malik,BERSATU,PH,yes,01_RESEARCH/data/raw/meco-candidates-ge15-federal.csv (MECO dataset; SPR official),2026-08-29
Johor,P.152 Kluang,Kluang,Pilihan raya umum 2022 (Johor),2022-11-19,ge15-federal,Wong Shu Qi,DAP,PH,PH,Gan Ping Sieu,MCA,BN,BN,49801,52.0816557032451,,,,26406,,4,Wong Shu Qi,DAP,PH,no,01_RESEARCH/data/raw/meco-candidates-ge15-federal.csv (MECO dataset; SPR official),2026-08-29
Johor,P.153 Sembrong,Sembrong,Pilihan raya umum 2022 (Johor),2022-11-19,ge15-federal,Hishammuddin bin Hussein,UMNO,BN,BN,Hasni bin Abas,PKR,PH,PH,22572,55.14781333984852,,,,10880,,3,Hishammuddin bin Hussein,UMNO,BN,no,01_RESEARCH/data/raw/meco-candidates-ge15-federal.csv (MECO dataset; SPR official),2026-08-29
Johor,P.154 Mersing,Mersing,Pilihan raya umum 2022 (Johor),2022-11-19,ge15-federal,Muhammad Islahuddin bin Abas,BERSATU,PN,PN,Abd Latif bin Bandi,UMNO,BN,BN,21066,44.91109879333134,,,,2337,,5,Abdul Latiff bin Ahmad,UMNO,BN,yes,01_RESEARCH/data/raw/meco-candidates-ge15-federal.csv (MECO dataset; SPR official),2026-08-29
Johor,P.155 Tenggara,Tenggara,Pilihan raya umum 2022 (Johor),2022-11-19,ge15-federal,Manndzri bin Nasib,UMNO,BN,BN,Mohd Nazari bin Mokhtar,PAS,PN,PN,21185,41.25608568646543,,,,2991,,4,Adham bin Baba,UMNO,BN,no,01_RESEARCH/data/raw/meco-candidates-ge15-federal.csv (MECO dataset; SPR official),2026-08-29
Johor,P.156 Kota Tinggi,Kota Tinggi,Pilihan raya umum 2022 (Johor),2022-11-19,ge15-federal,Mohamed Khaled bin Nordin,UMNO,BN,BN,Mohamad Ridhwan bin Rasman,BERSATU,PN,PN,25410,53.68347664420172,,,,8390,,3,Halimah binti Mohamed Sadique,UMNO,BN,no,01_RESEARCH/data/raw/meco-candidates-ge15-federal.csv (MECO dataset; SPR official),2026-08-29
Johor,P.157 Pengerang,Pengerang,Pilihan raya umum 2022 (Johor),2022-11-19,ge15-federal,Azalina binti Othman Said,UMNO,BN,BN,Fairulnizar bin Rahmat,BERSATU,PN,PN,21738,51.95506692160612,,,,5010,,3,Azalina binti Othman Said,UMNO,BN,no,01_RESEARCH/data/raw/meco-candidates-ge15-federal.csv (MECO dataset; SPR official),2026-08-29
Johor,P.158 Tebrau,Tebrau,Pilihan raya umum 2022 (Johor),2022-11-19,ge15-federal,Jimmy Puah Wee Tse,PKR,PH,PH,Mohamad Isa bin Mohamad Basir,BERSATU,PN,PN,83959,49.98600898996815,,,,30720,,3,Steven Choong Shiau Yoon,PKR,PH,no,01_RESEARCH/data/raw/meco-candidates-ge15-federal.csv (MECO dataset; SPR official),2026-08-29
Johor,P.159 Pasir Gudang,Pasir Gudang,Pilihan raya umum 2022 (Johor),2022-11-19,ge15-federal,Hassan bin Abdul Karim,PKR,PH,PH,Mohamad Farid bin Abdul Razak,BERSATU,PN,PN,71233,47.71771168274383,,,,31558,,4,Hassan bin Abdul Karim,PKR,PH,no,01_RESEARCH/data/raw/meco-candidates-ge15-federal.csv (MECO dataset; SPR official),2026-08-29
Johor,P.160 Johor Bahru,Johor Bahru,Pilihan raya umum 2022 (Johor),2022-11-19,ge15-federal,Akmal Nasrullah bin Mohd Nasir,PKR,PH,PH,Johan Arifin bin Mohd Ropi,UMNO,BN,BN,43252,45.82119436822646,,,,16041,,4,Akmal Nasrullah bin Mohd Nasir,PKR,PH,no,01_RESEARCH/data/raw/meco-candidates-ge15-federal.csv (MECO dataset; SPR official),2026-08-29
Johor,P.161 Pulai,Pulai,Pilihan raya umum 2022 (Johor),2022-11-19,ge15-federal,Salahuddin bin Ayub,AMANAH,PH,PH,Nur Jazlan bin Mohamad,UMNO,BN,BN,64900,55.32680323606387,,,,33174,,3,Salahuddin bin Ayub,AMANAH,PH,no,01_RESEARCH/data/raw/meco-candidates-ge15-federal.csv (MECO dataset; SPR official),2026-08-29
Johor,P.162 Iskandar Puteri,Iskandar Puteri,Pilihan raya umum 2022 (Johor),2022-11-19,ge15-federal,Liew Chin Tong,DAP,PH,PH,Jason Teoh Sew Hock,MCA,BN,BN,96819,59.15139296187684,,,,60036,,3,Lim Kit Siang,DAP,PH,no,01_RESEARCH/data/raw/meco-candidates-ge15-federal.csv (MECO dataset; SPR official),2026-08-29
Johor,P.163 Kulai,Kulai,Pilihan raya umum 2022 (Johor),2022-11-19,ge15-federal,Teo Nie Ching,DAP,PH,PH,Chua Jian Boon,MCA,BN,BN,65529,56.856654490555556,,,,36023,,3,Teo Nie Ching,DAP,PH,no,01_RESEARCH/data/raw/meco-candidates-ge15-federal.csv (MECO dataset; SPR official),2026-08-29
Johor,P.164 Pontian,Pontian,Pilihan raya umum 2022 (Johor),2022-11-19,ge15-federal,Ahmad bin Maslan,UMNO,BN,BN,Isa bin Ab Hamid,BERSATU,PN,PN,23201,40.81018803539076,,,,5758,,4,Ahmad bin Maslan,UMNO,BN,no,01_RESEARCH/data/raw/meco-candidates-ge15-federal.csv (MECO dataset; SPR official),2026-08-29
Johor,P.165 Tanjung Piai,Tanjung Piai,Pilihan raya umum 2022 (Johor),2022-11-19,ge15-federal,Wee Jeck Seng,MCA,BN,BN,Lim Wei Jiet,MUDA,PH,PH,23593,43.22012163845534,,,,6360,,3,Mohamed Farid bin Mohd Rafik,BERSATU,PH,yes,01_RESEARCH/data/raw/meco-candidates-ge15-federal.csv (MECO dataset; SPR official),2026-08-29
